[2023-06-15 16:38:02] local.ERROR: No application encryption key has been specified. {"exception":"[object] (Illuminate\\Encryption\\MissingAppKeyException(code: 0): No application encryption key has been specified. at C:\\Users\\ana.abrantes\\Desktop\\projetos\\estagiarios\\estagiarios\\vendor\\laravel\\framework\\src\\Illuminate\\Encryption\\EncryptionServiceProvider.php:79)
[stacktrace]
#0 C:\\Users\\ana.abrantes\\Desktop\\projetos\\estagiarios\\estagiarios\\vendor\\laravel\\framework\\src\\Illuminate\\Support\\helpers.php(306): Illuminate\\Encryption\\EncryptionServiceProvider->Illuminate\\Encryption\\{closure}('')
#1 C:\\Users\\ana.abrantes\\Desktop\\projetos\\estagiarios\\estagiarios\\vendor\\laravel\\framework\\src\\Illuminate\\Encryption\\EncryptionServiceProvider.php(77): tap('', Object(Closure))
#2 C:\\Users\\ana.abrantes\\Desktop\\projetos\\estagiarios\\estagiarios\\vendor\\laravel\\framework\\src\\Illuminate\\Encryption\\EncryptionServiceProvider.php(60): Illuminate\\Encryption\\EncryptionServiceProvider->key(Array)
#3 C:\\Users\\ana.abrantes\\Desktop\\projetos\\estagiarios\\estagiarios\\vendor\\laravel\\framework\\src\\Illuminate\\Encryption\\EncryptionServiceProvider.php(32): Illuminate\\Encryption\\EncryptionServiceProvider->parseKey(Array)
#4 C:\\Users\\ana.abrantes\\Desktop\\projetos\\estagiarios\\estagiarios\\vendor\\laravel\\framework\\src\\Illuminate\\Container\\Container.php(885): Illuminate\\Encryption\\EncryptionServiceProvider->Illuminate\\Encryption\\{closure}(Object(Illuminate\\Foundation\\Application), Array)
#5 C:\\Users\\ana.abrantes\\Desktop\\projetos\\estagiarios\\estagiarios\\vendor\\laravel\\framework\\src\\Illuminate\\Container\\Container.php(770): Illuminate\\Container\\Container->build(Object(Closure))
#6 C:\\Users\\ana.abrantes\\Desktop\\projetos\\estagiarios\\estagiarios\\vendor\\laravel\\framework\\src\\Illuminate\\Foundation\\Application.php(933): Illuminate\\Container\\Container->resolve('encrypter', Array, true)
#7 C:\\Users\\ana.abrantes\\Desktop\\projetos\\estagiarios\\estagiarios\\vendor\\laravel\\framework\\src\\Illuminate\\Container\\Container.php(706): Illuminate\\Foundation\\Application->resolve('encrypter', Array)
#8 C:\\Users\\ana.abrantes\\Desktop\\projetos\\estagiarios\\estagiarios\\vendor\\laravel\\framework\\src\\Illuminate\\Foundation\\Application.php(918): Illuminate\\Container\\Container->make('encrypter', Array)
#9 C:\\Users\\ana.abrantes\\Desktop\\projetos\\estagiarios\\estagiarios\\vendor\\laravel\\framework\\src\\Illuminate\\Container\\Container.php(1043): Illuminate\\Foundation\\Application->make('encrypter')
#10 C:\\Users\\ana.abrantes\\Desktop\\projetos\\estagiarios\\estagiarios\\vendor\\laravel\\framework\\src\\Illuminate\\Container\\Container.php(959): Illuminate\\Container\\Container->resolveClass(Object(ReflectionParameter))
#11 C:\\Users\\ana.abrantes\\Desktop\\projetos\\estagiarios\\estagiarios\\vendor\\laravel\\framework\\src\\Illuminate\\Container\\Container.php(920): Illuminate\\Container\\Container->resolveDependencies(Array)
#12 C:\\Users\\ana.abrantes\\Desktop\\projetos\\estagiarios\\estagiarios\\vendor\\laravel\\framework\\src\\Illuminate\\Container\\Container.php(770): Illuminate\\Container\\Container->build('App\\\\Http\\\\Middle...')
#13 C:\\Users\\ana.abrantes\\Desktop\\projetos\\estagiarios\\estagiarios\\vendor\\laravel\\framework\\src\\Illuminate\\Foundation\\Application.php(933): Illuminate\\Container\\Container->resolve('App\\\\Http\\\\Middle...', Array, true)
#14 C:\\Users\\ana.abrantes\\Desktop\\projetos\\estagiarios\\estagiarios\\vendor\\laravel\\framework\\src\\Illuminate\\Container\\Container.php(706): Illuminate\\Foundation\\Application->resolve('App\\\\Http\\\\Middle...', Array)
#15 C:\\Users\\ana.abrantes\\Desktop\\projetos\\estagiarios\\estagiarios\\vendor\\laravel\\framework\\src\\Illuminate\\Foundation\\Application.php(918): Illuminate\\Container\\Container->make('App\\\\Http\\\\Middle...', Array)
#16 C:\\Users\\ana.abrantes\\Desktop\\projetos\\estagiarios\\estagiarios\\vendor\\laravel\\framework\\src\\Illuminate\\Pipeline\\Pipeline.php(169): Illuminate\\Foundation\\Application->make('App\\\\Http\\\\Middle...')
#17 C:\\Users\\ana.abrantes\\Desktop\\projetos\\estagiarios\\estagiarios\\vendor\\laravel\\framework\\src\\Illuminate\\Pipeline\\Pipeline.php(116): Illuminate\\Pipeline\\Pipeline->Illuminate\\Pipeline\\{closure}(Object(Illuminate\\Http\\Request))
#18 C:\\Users\\ana.abrantes\\Desktop\\projetos\\estagiarios\\estagiarios\\vendor\\laravel\\framework\\src\\Illuminate\\Routing\\Router.php(797): Illuminate\\Pipeline\\Pipeline->then(Object(Closure))
#19 C:\\Users\\ana.abrantes\\Desktop\\projetos\\estagiarios\\estagiarios\\vendor\\laravel\\framework\\src\\Illuminate\\Routing\\Router.php(776): Illuminate\\Routing\\Router->runRouteWithinStack(Object(Illuminate\\Routing\\Route), Object(Illuminate\\Http\\Request))
#20 C:\\Users\\ana.abrantes\\Desktop\\projetos\\estagiarios\\estagiarios\\vendor\\laravel\\framework\\src\\Illuminate\\Routing\\Router.php(740): Illuminate\\Routing\\Router->runRoute(Object(Illuminate\\Http\\Request), Object(Illuminate\\Routing\\Route))
#21 C:\\Users\\ana.abrantes\\Desktop\\projetos\\estagiarios\\estagiarios\\vendor\\laravel\\framework\\src\\Illuminate\\Routing\\Router.php(729): Illuminate\\Routing\\Router->dispatchToRoute(Object(Illuminate\\Http\\Request))
#22 C:\\Users\\ana.abrantes\\Desktop\\projetos\\estagiarios\\estagiarios\\vendor\\laravel\\framework\\src\\Illuminate\\Foundation\\Http\\Kernel.php(200): Illuminate\\Routing\\Router->dispatch(Object(Illuminate\\Http\\Request))
#23 C:\\Users\\ana.abrantes\\Desktop\\projetos\\estagiarios\\estagiarios\\vendor\\laravel\\framework\\src\\Illuminate\\Pipeline\\Pipeline.php(141): Illuminate\\Foundation\\Http\\Kernel->Illuminate\\Foundation\\Http\\{closure}(Object(Illuminate\\Http\\Request))
#24 C:\\Users\\ana.abrantes\\Desktop\\projetos\\estagiarios\\estagiarios\\vendor\\laravel\\framework\\src\\Illuminate\\Foundation\\Http\\Middleware\\TransformsRequest.php(21): Illuminate\\Pipeline\\Pipeline->Illuminate\\Pipeline\\{closure}(Object(Illuminate\\Http\\Request))
#25 C:\\Users\\ana.abrantes\\Desktop\\projetos\\estagiarios\\estagiarios\\vendor\\laravel\\framework\\src\\Illuminate\\Foundation\\Http\\Middleware\\ConvertEmptyStringsToNull.php(31): Illuminate\\Foundation\\Http\\Middleware\\TransformsRequest->handle(Object(Illuminate\\Http\\Request), Object(Closure))
#26 C:\\Users\\ana.abrantes\\Desktop\\projetos\\estagiarios\\estagiarios\\vendor\\laravel\\framework\\src\\Illuminate\\Pipeline\\Pipeline.php(180): Illuminate\\Foundation\\Http\\Middleware\\ConvertEmptyStringsToNull->handle(Object(Illuminate\\Http\\Request), Object(Closure))
#27 C:\\Users\\ana.abrantes\\Desktop\\projetos\\estagiarios\\estagiarios\\vendor\\laravel\\framework\\src\\Illuminate\\Foundation\\Http\\Middleware\\TransformsRequest.php(21): Illuminate\\Pipeline\\Pipeline->Illuminate\\Pipeline\\{closure}(Object(Illuminate\\Http\\Request))
#28 C:\\Users\\ana.abrantes\\Desktop\\projetos\\estagiarios\\estagiarios\\vendor\\laravel\\framework\\src\\Illuminate\\Foundation\\Http\\Middleware\\TrimStrings.php(40): Illuminate\\Foundation\\Http\\Middleware\\TransformsRequest->handle(Object(Illuminate\\Http\\Request), Object(Closure))
#29 C:\\Users\\ana.abrantes\\Desktop\\projetos\\estagiarios\\estagiarios\\vendor\\laravel\\framework\\src\\Illuminate\\Pipeline\\Pipeline.php(180): Illuminate\\Foundation\\Http\\Middleware\\TrimStrings->handle(Object(Illuminate\\Http\\Request), Object(Closure))
#30 C:\\Users\\ana.abrantes\\Desktop\\projetos\\estagiarios\\estagiarios\\vendor\\laravel\\framework\\src\\Illuminate\\Foundation\\Http\\Middleware\\ValidatePostSize.php(27): Illuminate\\Pipeline\\Pipeline->Illuminate\\Pipeline\\{closure}(Object(Illuminate\\Http\\Request))
#31 C:\\Users\\ana.abrantes\\Desktop\\projetos\\estagiarios\\estagiarios\\vendor\\laravel\\framework\\src\\Illuminate\\Pipeline\\Pipeline.php(180): Illuminate\\Foundation\\Http\\Middleware\\ValidatePostSize->handle(Object(Illuminate\\Http\\Request), Object(Closure))
#32 C:\\Users\\ana.abrantes\\Desktop\\projetos\\estagiarios\\estagiarios\\vendor\\laravel\\framework\\src\\Illuminate\\Foundation\\Http\\Middleware\\PreventRequestsDuringMaintenance.php(86): Illuminate\\Pipeline\\Pipeline->Illuminate\\Pipeline\\{closure}(Object(Illuminate\\Http\\Request))
#33 C:\\Users\\ana.abrantes\\Desktop\\projetos\\estagiarios\\estagiarios\\vendor\\laravel\\framework\\src\\Illuminate\\Pipeline\\Pipeline.php(180): Illuminate\\Foundation\\Http\\Middleware\\PreventRequestsDuringMaintenance->handle(Object(Illuminate\\Http\\Request), Object(Closure))
#34 C:\\Users\\ana.abrantes\\Desktop\\projetos\\estagiarios\\estagiarios\\vendor\\laravel\\framework\\src\\Illuminate\\Http\\Middleware\\HandleCors.php(49): Illuminate\\Pipeline\\Pipeline->Illuminate\\Pipeline\\{closure}(Object(Illuminate\\Http\\Request))
#35 C:\\Users\\ana.abrantes\\Desktop\\projetos\\estagiarios\\estagiarios\\vendor\\laravel\\framework\\src\\Illuminate\\Pipeline\\Pipeline.php(180): Illuminate\\Http\\Middleware\\HandleCors->handle(Object(Illuminate\\Http\\Request), Object(Closure))
#36 C:\\Users\\ana.abrantes\\Desktop\\projetos\\estagiarios\\estagiarios\\vendor\\laravel\\framework\\src\\Illuminate\\Http\\Middleware\\TrustProxies.php(39): Illuminate\\Pipeline\\Pipeline->Illuminate\\Pipeline\\{closure}(Object(Illuminate\\Http\\Request))
#37 C:\\Users\\ana.abrantes\\Desktop\\projetos\\estagiarios\\estagiarios\\vendor\\laravel\\framework\\src\\Illuminate\\Pipeline\\Pipeline.php(180): Illuminate\\Http\\Middleware\\TrustProxies->handle(Object(Illuminate\\Http\\Request), Object(Closure))
#38 C:\\Users\\ana.abrantes\\Desktop\\projetos\\estagiarios\\estagiarios\\vendor\\laravel\\framework\\src\\Illuminate\\Pipeline\\Pipeline.php(116): Illuminate\\Pipeline\\Pipeline->Illuminate\\Pipeline\\{closure}(Object(Illuminate\\Http\\Request))
#39 C:\\Users\\ana.abrantes\\Desktop\\projetos\\estagiarios\\estagiarios\\vendor\\laravel\\framework\\src\\Illuminate\\Foundation\\Http\\Kernel.php(175): Illuminate\\Pipeline\\Pipeline->then(Object(Closure))
#40 C:\\Users\\ana.abrantes\\Desktop\\projetos\\estagiarios\\estagiarios\\vendor\\laravel\\framework\\src\\Illuminate\\Foundation\\Http\\Kernel.php(144): Illuminate\\Foundation\\Http\\Kernel->sendRequestThroughRouter(Object(Illuminate\\Http\\Request))
#41 C:\\Users\\ana.abrantes\\Desktop\\projetos\\estagiarios\\estagiarios\\public\\index.php(51): Illuminate\\Foundation\\Http\\Kernel->handle(Object(Illuminate\\Http\\Request))
#42 C:\\Users\\ana.abrantes\\Desktop\\projetos\\estagiarios\\estagiarios\\vendor\\laravel\\framework\\src\\Illuminate\\Foundation\\resources\\server.php(16): require_once('C:\\\\Users\\\\ana.ab...')
#43 {main}
"} 
[2023-06-15 16:38:03] local.ERROR: No application encryption key has been specified. {"exception":"[object] (Illuminate\\Encryption\\MissingAppKeyException(code: 0): No application encryption key has been specified. at C:\\Users\\ana.abrantes\\Desktop\\projetos\\estagiarios\\estagiarios\\vendor\\laravel\\framework\\src\\Illuminate\\Encryption\\EncryptionServiceProvider.php:79)
[stacktrace]
#0 C:\\Users\\ana.abrantes\\Desktop\\projetos\\estagiarios\\estagiarios\\vendor\\laravel\\framework\\src\\Illuminate\\Support\\helpers.php(306): Illuminate\\Encryption\\EncryptionServiceProvider->Illuminate\\Encryption\\{closure}('')
#1 C:\\Users\\ana.abrantes\\Desktop\\projetos\\estagiarios\\estagiarios\\vendor\\laravel\\framework\\src\\Illuminate\\Encryption\\EncryptionServiceProvider.php(77): tap('', Object(Closure))
#2 C:\\Users\\ana.abrantes\\Desktop\\projetos\\estagiarios\\estagiarios\\vendor\\laravel\\framework\\src\\Illuminate\\Encryption\\EncryptionServiceProvider.php(60): Illuminate\\Encryption\\EncryptionServiceProvider->key(Array)
#3 C:\\Users\\ana.abrantes\\Desktop\\projetos\\estagiarios\\estagiarios\\vendor\\laravel\\framework\\src\\Illuminate\\Encryption\\EncryptionServiceProvider.php(32): Illuminate\\Encryption\\EncryptionServiceProvider->parseKey(Array)
#4 C:\\Users\\ana.abrantes\\Desktop\\projetos\\estagiarios\\estagiarios\\vendor\\laravel\\framework\\src\\Illuminate\\Container\\Container.php(885): Illuminate\\Encryption\\EncryptionServiceProvider->Illuminate\\Encryption\\{closure}(Object(Illuminate\\Foundation\\Application), Array)
#5 C:\\Users\\ana.abrantes\\Desktop\\projetos\\estagiarios\\estagiarios\\vendor\\laravel\\framework\\src\\Illuminate\\Container\\Container.php(770): Illuminate\\Container\\Container->build(Object(Closure))
#6 C:\\Users\\ana.abrantes\\Desktop\\projetos\\estagiarios\\estagiarios\\vendor\\laravel\\framework\\src\\Illuminate\\Foundation\\Application.php(933): Illuminate\\Container\\Container->resolve('encrypter', Array, true)
#7 C:\\Users\\ana.abrantes\\Desktop\\projetos\\estagiarios\\estagiarios\\vendor\\laravel\\framework\\src\\Illuminate\\Container\\Container.php(706): Illuminate\\Foundation\\Application->resolve('encrypter', Array)
#8 C:\\Users\\ana.abrantes\\Desktop\\projetos\\estagiarios\\estagiarios\\vendor\\laravel\\framework\\src\\Illuminate\\Foundation\\Application.php(918): Illuminate\\Container\\Container->make('encrypter', Array)
#9 C:\\Users\\ana.abrantes\\Desktop\\projetos\\estagiarios\\estagiarios\\vendor\\laravel\\framework\\src\\Illuminate\\Container\\Container.php(1043): Illuminate\\Foundation\\Application->make('encrypter')
#10 C:\\Users\\ana.abrantes\\Desktop\\projetos\\estagiarios\\estagiarios\\vendor\\laravel\\framework\\src\\Illuminate\\Container\\Container.php(959): Illuminate\\Container\\Container->resolveClass(Object(ReflectionParameter))
#11 C:\\Users\\ana.abrantes\\Desktop\\projetos\\estagiarios\\estagiarios\\vendor\\laravel\\framework\\src\\Illuminate\\Container\\Container.php(920): Illuminate\\Container\\Container->resolveDependencies(Array)
#12 C:\\Users\\ana.abrantes\\Desktop\\projetos\\estagiarios\\estagiarios\\vendor\\laravel\\framework\\src\\Illuminate\\Container\\Container.php(770): Illuminate\\Container\\Container->build('App\\\\Http\\\\Middle...')
#13 C:\\Users\\ana.abrantes\\Desktop\\projetos\\estagiarios\\estagiarios\\vendor\\laravel\\framework\\src\\Illuminate\\Foundation\\Application.php(933): Illuminate\\Container\\Container->resolve('App\\\\Http\\\\Middle...', Array, true)
#14 C:\\Users\\ana.abrantes\\Desktop\\projetos\\estagiarios\\estagiarios\\vendor\\laravel\\framework\\src\\Illuminate\\Container\\Container.php(706): Illuminate\\Foundation\\Application->resolve('App\\\\Http\\\\Middle...', Array)
#15 C:\\Users\\ana.abrantes\\Desktop\\projetos\\estagiarios\\estagiarios\\vendor\\laravel\\framework\\src\\Illuminate\\Foundation\\Application.php(918): Illuminate\\Container\\Container->make('App\\\\Http\\\\Middle...', Array)
#16 C:\\Users\\ana.abrantes\\Desktop\\projetos\\estagiarios\\estagiarios\\vendor\\laravel\\framework\\src\\Illuminate\\Foundation\\Http\\Kernel.php(249): Illuminate\\Foundation\\Application->make('App\\\\Http\\\\Middle...')
#17 C:\\Users\\ana.abrantes\\Desktop\\projetos\\estagiarios\\estagiarios\\vendor\\laravel\\framework\\src\\Illuminate\\Foundation\\Http\\Kernel.php(213): Illuminate\\Foundation\\Http\\Kernel->terminateMiddleware(Object(Illuminate\\Http\\Request), Object(Illuminate\\Http\\Response))
#18 C:\\Users\\ana.abrantes\\Desktop\\projetos\\estagiarios\\estagiarios\\public\\index.php(55): Illuminate\\Foundation\\Http\\Kernel->terminate(Object(Illuminate\\Http\\Request), Object(Illuminate\\Http\\Response))
#19 C:\\Users\\ana.abrantes\\Desktop\\projetos\\estagiarios\\estagiarios\\vendor\\laravel\\framework\\src\\Illuminate\\Foundation\\resources\\server.php(16): require_once('C:\\\\Users\\\\ana.ab...')
#20 {main}
"} 
[2023-06-15 16:38:06] local.ERROR: No application encryption key has been specified. {"exception":"[object] (Illuminate\\Encryption\\MissingAppKeyException(code: 0): No application encryption key has been specified. at C:\\Users\\ana.abrantes\\Desktop\\projetos\\estagiarios\\estagiarios\\vendor\\laravel\\framework\\src\\Illuminate\\Encryption\\EncryptionServiceProvider.php:79)
[stacktrace]
#0 C:\\Users\\ana.abrantes\\Desktop\\projetos\\estagiarios\\estagiarios\\vendor\\laravel\\framework\\src\\Illuminate\\Support\\helpers.php(306): Illuminate\\Encryption\\EncryptionServiceProvider->Illuminate\\Encryption\\{closure}('')
#1 C:\\Users\\ana.abrantes\\Desktop\\projetos\\estagiarios\\estagiarios\\vendor\\laravel\\framework\\src\\Illuminate\\Encryption\\EncryptionServiceProvider.php(77): tap('', Object(Closure))
#2 C:\\Users\\ana.abrantes\\Desktop\\projetos\\estagiarios\\estagiarios\\vendor\\laravel\\framework\\src\\Illuminate\\Encryption\\EncryptionServiceProvider.php(60): Illuminate\\Encryption\\EncryptionServiceProvider->key(Array)
#3 C:\\Users\\ana.abrantes\\Desktop\\projetos\\estagiarios\\estagiarios\\vendor\\laravel\\framework\\src\\Illuminate\\Encryption\\EncryptionServiceProvider.php(32): Illuminate\\Encryption\\EncryptionServiceProvider->parseKey(Array)
#4 C:\\Users\\ana.abrantes\\Desktop\\projetos\\estagiarios\\estagiarios\\vendor\\laravel\\framework\\src\\Illuminate\\Container\\Container.php(885): Illuminate\\Encryption\\EncryptionServiceProvider->Illuminate\\Encryption\\{closure}(Object(Illuminate\\Foundation\\Application), Array)
#5 C:\\Users\\ana.abrantes\\Desktop\\projetos\\estagiarios\\estagiarios\\vendor\\laravel\\framework\\src\\Illuminate\\Container\\Container.php(770): Illuminate\\Container\\Container->build(Object(Closure))
#6 C:\\Users\\ana.abrantes\\Desktop\\projetos\\estagiarios\\estagiarios\\vendor\\laravel\\framework\\src\\Illuminate\\Foundation\\Application.php(933): Illuminate\\Container\\Container->resolve('encrypter', Array, true)
#7 C:\\Users\\ana.abrantes\\Desktop\\projetos\\estagiarios\\estagiarios\\vendor\\laravel\\framework\\src\\Illuminate\\Container\\Container.php(706): Illuminate\\Foundation\\Application->resolve('encrypter', Array)
#8 C:\\Users\\ana.abrantes\\Desktop\\projetos\\estagiarios\\estagiarios\\vendor\\laravel\\framework\\src\\Illuminate\\Foundation\\Application.php(918): Illuminate\\Container\\Container->make('encrypter', Array)
#9 C:\\Users\\ana.abrantes\\Desktop\\projetos\\estagiarios\\estagiarios\\vendor\\laravel\\framework\\src\\Illuminate\\Container\\Container.php(1043): Illuminate\\Foundation\\Application->make('encrypter')
#10 C:\\Users\\ana.abrantes\\Desktop\\projetos\\estagiarios\\estagiarios\\vendor\\laravel\\framework\\src\\Illuminate\\Container\\Container.php(959): Illuminate\\Container\\Container->resolveClass(Object(ReflectionParameter))
#11 C:\\Users\\ana.abrantes\\Desktop\\projetos\\estagiarios\\estagiarios\\vendor\\laravel\\framework\\src\\Illuminate\\Container\\Container.php(920): Illuminate\\Container\\Container->resolveDependencies(Array)
#12 C:\\Users\\ana.abrantes\\Desktop\\projetos\\estagiarios\\estagiarios\\vendor\\laravel\\framework\\src\\Illuminate\\Container\\Container.php(770): Illuminate\\Container\\Container->build('App\\\\Http\\\\Middle...')
#13 C:\\Users\\ana.abrantes\\Desktop\\projetos\\estagiarios\\estagiarios\\vendor\\laravel\\framework\\src\\Illuminate\\Foundation\\Application.php(933): Illuminate\\Container\\Container->resolve('App\\\\Http\\\\Middle...', Array, true)
#14 C:\\Users\\ana.abrantes\\Desktop\\projetos\\estagiarios\\estagiarios\\vendor\\laravel\\framework\\src\\Illuminate\\Container\\Container.php(706): Illuminate\\Foundation\\Application->resolve('App\\\\Http\\\\Middle...', Array)
#15 C:\\Users\\ana.abrantes\\Desktop\\projetos\\estagiarios\\estagiarios\\vendor\\laravel\\framework\\src\\Illuminate\\Foundation\\Application.php(918): Illuminate\\Container\\Container->make('App\\\\Http\\\\Middle...', Array)
#16 C:\\Users\\ana.abrantes\\Desktop\\projetos\\estagiarios\\estagiarios\\vendor\\laravel\\framework\\src\\Illuminate\\Pipeline\\Pipeline.php(169): Illuminate\\Foundation\\Application->make('App\\\\Http\\\\Middle...')
#17 C:\\Users\\ana.abrantes\\Desktop\\projetos\\estagiarios\\estagiarios\\vendor\\laravel\\framework\\src\\Illuminate\\Pipeline\\Pipeline.php(116): Illuminate\\Pipeline\\Pipeline->Illuminate\\Pipeline\\{closure}(Object(Illuminate\\Http\\Request))
#18 C:\\Users\\ana.abrantes\\Desktop\\projetos\\estagiarios\\estagiarios\\vendor\\laravel\\framework\\src\\Illuminate\\Routing\\Router.php(797): Illuminate\\Pipeline\\Pipeline->then(Object(Closure))
#19 C:\\Users\\ana.abrantes\\Desktop\\projetos\\estagiarios\\estagiarios\\vendor\\laravel\\framework\\src\\Illuminate\\Routing\\Router.php(776): Illuminate\\Routing\\Router->runRouteWithinStack(Object(Illuminate\\Routing\\Route), Object(Illuminate\\Http\\Request))
#20 C:\\Users\\ana.abrantes\\Desktop\\projetos\\estagiarios\\estagiarios\\vendor\\laravel\\framework\\src\\Illuminate\\Routing\\Router.php(740): Illuminate\\Routing\\Router->runRoute(Object(Illuminate\\Http\\Request), Object(Illuminate\\Routing\\Route))
#21 C:\\Users\\ana.abrantes\\Desktop\\projetos\\estagiarios\\estagiarios\\vendor\\laravel\\framework\\src\\Illuminate\\Routing\\Router.php(729): Illuminate\\Routing\\Router->dispatchToRoute(Object(Illuminate\\Http\\Request))
#22 C:\\Users\\ana.abrantes\\Desktop\\projetos\\estagiarios\\estagiarios\\vendor\\laravel\\framework\\src\\Illuminate\\Foundation\\Http\\Kernel.php(200): Illuminate\\Routing\\Router->dispatch(Object(Illuminate\\Http\\Request))
#23 C:\\Users\\ana.abrantes\\Desktop\\projetos\\estagiarios\\estagiarios\\vendor\\laravel\\framework\\src\\Illuminate\\Pipeline\\Pipeline.php(141): Illuminate\\Foundation\\Http\\Kernel->Illuminate\\Foundation\\Http\\{closure}(Object(Illuminate\\Http\\Request))
#24 C:\\Users\\ana.abrantes\\Desktop\\projetos\\estagiarios\\estagiarios\\vendor\\laravel\\framework\\src\\Illuminate\\Foundation\\Http\\Middleware\\TransformsRequest.php(21): Illuminate\\Pipeline\\Pipeline->Illuminate\\Pipeline\\{closure}(Object(Illuminate\\Http\\Request))
#25 C:\\Users\\ana.abrantes\\Desktop\\projetos\\estagiarios\\estagiarios\\vendor\\laravel\\framework\\src\\Illuminate\\Foundation\\Http\\Middleware\\ConvertEmptyStringsToNull.php(31): Illuminate\\Foundation\\Http\\Middleware\\TransformsRequest->handle(Object(Illuminate\\Http\\Request), Object(Closure))
#26 C:\\Users\\ana.abrantes\\Desktop\\projetos\\estagiarios\\estagiarios\\vendor\\laravel\\framework\\src\\Illuminate\\Pipeline\\Pipeline.php(180): Illuminate\\Foundation\\Http\\Middleware\\ConvertEmptyStringsToNull->handle(Object(Illuminate\\Http\\Request), Object(Closure))
#27 C:\\Users\\ana.abrantes\\Desktop\\projetos\\estagiarios\\estagiarios\\vendor\\laravel\\framework\\src\\Illuminate\\Foundation\\Http\\Middleware\\TransformsRequest.php(21): Illuminate\\Pipeline\\Pipeline->Illuminate\\Pipeline\\{closure}(Object(Illuminate\\Http\\Request))
#28 C:\\Users\\ana.abrantes\\Desktop\\projetos\\estagiarios\\estagiarios\\vendor\\laravel\\framework\\src\\Illuminate\\Foundation\\Http\\Middleware\\TrimStrings.php(40): Illuminate\\Foundation\\Http\\Middleware\\TransformsRequest->handle(Object(Illuminate\\Http\\Request), Object(Closure))
#29 C:\\Users\\ana.abrantes\\Desktop\\projetos\\estagiarios\\estagiarios\\vendor\\laravel\\framework\\src\\Illuminate\\Pipeline\\Pipeline.php(180): Illuminate\\Foundation\\Http\\Middleware\\TrimStrings->handle(Object(Illuminate\\Http\\Request), Object(Closure))
#30 C:\\Users\\ana.abrantes\\Desktop\\projetos\\estagiarios\\estagiarios\\vendor\\laravel\\framework\\src\\Illuminate\\Foundation\\Http\\Middleware\\ValidatePostSize.php(27): Illuminate\\Pipeline\\Pipeline->Illuminate\\Pipeline\\{closure}(Object(Illuminate\\Http\\Request))
#31 C:\\Users\\ana.abrantes\\Desktop\\projetos\\estagiarios\\estagiarios\\vendor\\laravel\\framework\\src\\Illuminate\\Pipeline\\Pipeline.php(180): Illuminate\\Foundation\\Http\\Middleware\\ValidatePostSize->handle(Object(Illuminate\\Http\\Request), Object(Closure))
#32 C:\\Users\\ana.abrantes\\Desktop\\projetos\\estagiarios\\estagiarios\\vendor\\laravel\\framework\\src\\Illuminate\\Foundation\\Http\\Middleware\\PreventRequestsDuringMaintenance.php(86): Illuminate\\Pipeline\\Pipeline->Illuminate\\Pipeline\\{closure}(Object(Illuminate\\Http\\Request))
#33 C:\\Users\\ana.abrantes\\Desktop\\projetos\\estagiarios\\estagiarios\\vendor\\laravel\\framework\\src\\Illuminate\\Pipeline\\Pipeline.php(180): Illuminate\\Foundation\\Http\\Middleware\\PreventRequestsDuringMaintenance->handle(Object(Illuminate\\Http\\Request), Object(Closure))
#34 C:\\Users\\ana.abrantes\\Desktop\\projetos\\estagiarios\\estagiarios\\vendor\\laravel\\framework\\src\\Illuminate\\Http\\Middleware\\HandleCors.php(49): Illuminate\\Pipeline\\Pipeline->Illuminate\\Pipeline\\{closure}(Object(Illuminate\\Http\\Request))
#35 C:\\Users\\ana.abrantes\\Desktop\\projetos\\estagiarios\\estagiarios\\vendor\\laravel\\framework\\src\\Illuminate\\Pipeline\\Pipeline.php(180): Illuminate\\Http\\Middleware\\HandleCors->handle(Object(Illuminate\\Http\\Request), Object(Closure))
#36 C:\\Users\\ana.abrantes\\Desktop\\projetos\\estagiarios\\estagiarios\\vendor\\laravel\\framework\\src\\Illuminate\\Http\\Middleware\\TrustProxies.php(39): Illuminate\\Pipeline\\Pipeline->Illuminate\\Pipeline\\{closure}(Object(Illuminate\\Http\\Request))
#37 C:\\Users\\ana.abrantes\\Desktop\\projetos\\estagiarios\\estagiarios\\vendor\\laravel\\framework\\src\\Illuminate\\Pipeline\\Pipeline.php(180): Illuminate\\Http\\Middleware\\TrustProxies->handle(Object(Illuminate\\Http\\Request), Object(Closure))
#38 C:\\Users\\ana.abrantes\\Desktop\\projetos\\estagiarios\\estagiarios\\vendor\\laravel\\framework\\src\\Illuminate\\Pipeline\\Pipeline.php(116): Illuminate\\Pipeline\\Pipeline->Illuminate\\Pipeline\\{closure}(Object(Illuminate\\Http\\Request))
#39 C:\\Users\\ana.abrantes\\Desktop\\projetos\\estagiarios\\estagiarios\\vendor\\laravel\\framework\\src\\Illuminate\\Foundation\\Http\\Kernel.php(175): Illuminate\\Pipeline\\Pipeline->then(Object(Closure))
#40 C:\\Users\\ana.abrantes\\Desktop\\projetos\\estagiarios\\estagiarios\\vendor\\laravel\\framework\\src\\Illuminate\\Foundation\\Http\\Kernel.php(144): Illuminate\\Foundation\\Http\\Kernel->sendRequestThroughRouter(Object(Illuminate\\Http\\Request))
#41 C:\\Users\\ana.abrantes\\Desktop\\projetos\\estagiarios\\estagiarios\\public\\index.php(51): Illuminate\\Foundation\\Http\\Kernel->handle(Object(Illuminate\\Http\\Request))
#42 C:\\Users\\ana.abrantes\\Desktop\\projetos\\estagiarios\\estagiarios\\vendor\\laravel\\framework\\src\\Illuminate\\Foundation\\resources\\server.php(16): require_once('C:\\\\Users\\\\ana.ab...')
#43 {main}
"} 
[2023-06-15 16:38:07] local.ERROR: No application encryption key has been specified. {"exception":"[object] (Illuminate\\Encryption\\MissingAppKeyException(code: 0): No application encryption key has been specified. at C:\\Users\\ana.abrantes\\Desktop\\projetos\\estagiarios\\estagiarios\\vendor\\laravel\\framework\\src\\Illuminate\\Encryption\\EncryptionServiceProvider.php:79)
[stacktrace]
#0 C:\\Users\\ana.abrantes\\Desktop\\projetos\\estagiarios\\estagiarios\\vendor\\laravel\\framework\\src\\Illuminate\\Support\\helpers.php(306): Illuminate\\Encryption\\EncryptionServiceProvider->Illuminate\\Encryption\\{closure}('')
#1 C:\\Users\\ana.abrantes\\Desktop\\projetos\\estagiarios\\estagiarios\\vendor\\laravel\\framework\\src\\Illuminate\\Encryption\\EncryptionServiceProvider.php(77): tap('', Object(Closure))
#2 C:\\Users\\ana.abrantes\\Desktop\\projetos\\estagiarios\\estagiarios\\vendor\\laravel\\framework\\src\\Illuminate\\Encryption\\EncryptionServiceProvider.php(60): Illuminate\\Encryption\\EncryptionServiceProvider->key(Array)
#3 C:\\Users\\ana.abrantes\\Desktop\\projetos\\estagiarios\\estagiarios\\vendor\\laravel\\framework\\src\\Illuminate\\Encryption\\EncryptionServiceProvider.php(32): Illuminate\\Encryption\\EncryptionServiceProvider->parseKey(Array)
#4 C:\\Users\\ana.abrantes\\Desktop\\projetos\\estagiarios\\estagiarios\\vendor\\laravel\\framework\\src\\Illuminate\\Container\\Container.php(885): Illuminate\\Encryption\\EncryptionServiceProvider->Illuminate\\Encryption\\{closure}(Object(Illuminate\\Foundation\\Application), Array)
#5 C:\\Users\\ana.abrantes\\Desktop\\projetos\\estagiarios\\estagiarios\\vendor\\laravel\\framework\\src\\Illuminate\\Container\\Container.php(770): Illuminate\\Container\\Container->build(Object(Closure))
#6 C:\\Users\\ana.abrantes\\Desktop\\projetos\\estagiarios\\estagiarios\\vendor\\laravel\\framework\\src\\Illuminate\\Foundation\\Application.php(933): Illuminate\\Container\\Container->resolve('encrypter', Array, true)
#7 C:\\Users\\ana.abrantes\\Desktop\\projetos\\estagiarios\\estagiarios\\vendor\\laravel\\framework\\src\\Illuminate\\Container\\Container.php(706): Illuminate\\Foundation\\Application->resolve('encrypter', Array)
#8 C:\\Users\\ana.abrantes\\Desktop\\projetos\\estagiarios\\estagiarios\\vendor\\laravel\\framework\\src\\Illuminate\\Foundation\\Application.php(918): Illuminate\\Container\\Container->make('encrypter', Array)
#9 C:\\Users\\ana.abrantes\\Desktop\\projetos\\estagiarios\\estagiarios\\vendor\\laravel\\framework\\src\\Illuminate\\Container\\Container.php(1043): Illuminate\\Foundation\\Application->make('encrypter')
#10 C:\\Users\\ana.abrantes\\Desktop\\projetos\\estagiarios\\estagiarios\\vendor\\laravel\\framework\\src\\Illuminate\\Container\\Container.php(959): Illuminate\\Container\\Container->resolveClass(Object(ReflectionParameter))
#11 C:\\Users\\ana.abrantes\\Desktop\\projetos\\estagiarios\\estagiarios\\vendor\\laravel\\framework\\src\\Illuminate\\Container\\Container.php(920): Illuminate\\Container\\Container->resolveDependencies(Array)
#12 C:\\Users\\ana.abrantes\\Desktop\\projetos\\estagiarios\\estagiarios\\vendor\\laravel\\framework\\src\\Illuminate\\Container\\Container.php(770): Illuminate\\Container\\Container->build('App\\\\Http\\\\Middle...')
#13 C:\\Users\\ana.abrantes\\Desktop\\projetos\\estagiarios\\estagiarios\\vendor\\laravel\\framework\\src\\Illuminate\\Foundation\\Application.php(933): Illuminate\\Container\\Container->resolve('App\\\\Http\\\\Middle...', Array, true)
#14 C:\\Users\\ana.abrantes\\Desktop\\projetos\\estagiarios\\estagiarios\\vendor\\laravel\\framework\\src\\Illuminate\\Container\\Container.php(706): Illuminate\\Foundation\\Application->resolve('App\\\\Http\\\\Middle...', Array)
#15 C:\\Users\\ana.abrantes\\Desktop\\projetos\\estagiarios\\estagiarios\\vendor\\laravel\\framework\\src\\Illuminate\\Foundation\\Application.php(918): Illuminate\\Container\\Container->make('App\\\\Http\\\\Middle...', Array)
#16 C:\\Users\\ana.abrantes\\Desktop\\projetos\\estagiarios\\estagiarios\\vendor\\laravel\\framework\\src\\Illuminate\\Foundation\\Http\\Kernel.php(249): Illuminate\\Foundation\\Application->make('App\\\\Http\\\\Middle...')
#17 C:\\Users\\ana.abrantes\\Desktop\\projetos\\estagiarios\\estagiarios\\vendor\\laravel\\framework\\src\\Illuminate\\Foundation\\Http\\Kernel.php(213): Illuminate\\Foundation\\Http\\Kernel->terminateMiddleware(Object(Illuminate\\Http\\Request), Object(Illuminate\\Http\\Response))
#18 C:\\Users\\ana.abrantes\\Desktop\\projetos\\estagiarios\\estagiarios\\public\\index.php(55): Illuminate\\Foundation\\Http\\Kernel->terminate(Object(Illuminate\\Http\\Request), Object(Illuminate\\Http\\Response))
#19 C:\\Users\\ana.abrantes\\Desktop\\projetos\\estagiarios\\estagiarios\\vendor\\laravel\\framework\\src\\Illuminate\\Foundation\\resources\\server.php(16): require_once('C:\\\\Users\\\\ana.ab...')
#20 {main}
"} 
[2023-06-15 16:39:02] local.ERROR: could not find driver (Connection: mysql, SQL: select * from `estagiarios`) {"exception":"[object] (Illuminate\\Database\\QueryException(code: 0): could not find driver (Connection: mysql, SQL: select * from `estagiarios`) at C:\\Users\\ana.abrantes\\Desktop\\projetos\\estagiarios\\estagiarios\\vendor\\laravel\\framework\\src\\Illuminate\\Database\\Connection.php:793)
[stacktrace]
#0 C:\\Users\\ana.abrantes\\Desktop\\projetos\\estagiarios\\estagiarios\\vendor\\laravel\\framework\\src\\Illuminate\\Database\\Connection.php(753): Illuminate\\Database\\Connection->runQueryCallback('select * from `...', Array, Object(Closure))
#1 C:\\Users\\ana.abrantes\\Desktop\\projetos\\estagiarios\\estagiarios\\vendor\\laravel\\framework\\src\\Illuminate\\Database\\Connection.php(405): Illuminate\\Database\\Connection->run('select * from `...', Array, Object(Closure))
#2 C:\\Users\\ana.abrantes\\Desktop\\projetos\\estagiarios\\estagiarios\\vendor\\laravel\\framework\\src\\Illuminate\\Database\\Query\\Builder.php(2718): Illuminate\\Database\\Connection->select('select * from `...', Array, true)
#3 C:\\Users\\ana.abrantes\\Desktop\\projetos\\estagiarios\\estagiarios\\vendor\\laravel\\framework\\src\\Illuminate\\Database\\Query\\Builder.php(2707): Illuminate\\Database\\Query\\Builder->runSelect()
#4 C:\\Users\\ana.abrantes\\Desktop\\projetos\\estagiarios\\estagiarios\\vendor\\laravel\\framework\\src\\Illuminate\\Database\\Query\\Builder.php(3248): Illuminate\\Database\\Query\\Builder->Illuminate\\Database\\Query\\{closure}()
#5 C:\\Users\\ana.abrantes\\Desktop\\projetos\\estagiarios\\estagiarios\\vendor\\laravel\\framework\\src\\Illuminate\\Database\\Query\\Builder.php(2706): Illuminate\\Database\\Query\\Builder->onceWithColumns(Array, Object(Closure))
#6 C:\\Users\\ana.abrantes\\Desktop\\projetos\\estagiarios\\estagiarios\\vendor\\laravel\\framework\\src\\Illuminate\\Database\\Eloquent\\Builder.php(717): Illuminate\\Database\\Query\\Builder->get(Array)
#7 C:\\Users\\ana.abrantes\\Desktop\\projetos\\estagiarios\\estagiarios\\vendor\\laravel\\framework\\src\\Illuminate\\Database\\Eloquent\\Builder.php(701): Illuminate\\Database\\Eloquent\\Builder->getModels(Array)
#8 C:\\Users\\ana.abrantes\\Desktop\\projetos\\estagiarios\\estagiarios\\vendor\\laravel\\framework\\src\\Illuminate\\Database\\Eloquent\\Model.php(674): Illuminate\\Database\\Eloquent\\Builder->get(Array)
#9 C:\\Users\\ana.abrantes\\Desktop\\projetos\\estagiarios\\estagiarios\\app\\Http\\Controllers\\EstagiarioController.php(14): Illuminate\\Database\\Eloquent\\Model::all()
#10 C:\\Users\\ana.abrantes\\Desktop\\projetos\\estagiarios\\estagiarios\\vendor\\laravel\\framework\\src\\Illuminate\\Routing\\Controller.php(54): App\\Http\\Controllers\\EstagiarioController->index()
#11 C:\\Users\\ana.abrantes\\Desktop\\projetos\\estagiarios\\estagiarios\\vendor\\laravel\\framework\\src\\Illuminate\\Routing\\ControllerDispatcher.php(43): Illuminate\\Routing\\Controller->callAction('index', Array)
#12 C:\\Users\\ana.abrantes\\Desktop\\projetos\\estagiarios\\estagiarios\\vendor\\laravel\\framework\\src\\Illuminate\\Routing\\Route.php(259): Illuminate\\Routing\\ControllerDispatcher->dispatch(Object(Illuminate\\Routing\\Route), Object(App\\Http\\Controllers\\EstagiarioController), 'index')
#13 C:\\Users\\ana.abrantes\\Desktop\\projetos\\estagiarios\\estagiarios\\vendor\\laravel\\framework\\src\\Illuminate\\Routing\\Route.php(205): Illuminate\\Routing\\Route->runController()
#14 C:\\Users\\ana.abrantes\\Desktop\\projetos\\estagiarios\\estagiarios\\vendor\\laravel\\framework\\src\\Illuminate\\Routing\\Router.php(798): Illuminate\\Routing\\Route->run()
#15 C:\\Users\\ana.abrantes\\Desktop\\projetos\\estagiarios\\estagiarios\\vendor\\laravel\\framework\\src\\Illuminate\\Pipeline\\Pipeline.php(141): Illuminate\\Routing\\Router->Illuminate\\Routing\\{closure}(Object(Illuminate\\Http\\Request))
#16 C:\\Users\\ana.abrantes\\Desktop\\projetos\\estagiarios\\estagiarios\\vendor\\laravel\\framework\\src\\Illuminate\\Routing\\Middleware\\SubstituteBindings.php(50): Illuminate\\Pipeline\\Pipeline->Illuminate\\Pipeline\\{closure}(Object(Illuminate\\Http\\Request))
#17 C:\\Users\\ana.abrantes\\Desktop\\projetos\\estagiarios\\estagiarios\\vendor\\laravel\\framework\\src\\Illuminate\\Pipeline\\Pipeline.php(180): Illuminate\\Routing\\Middleware\\SubstituteBindings->handle(Object(Illuminate\\Http\\Request), Object(Closure))
#18 C:\\Users\\ana.abrantes\\Desktop\\projetos\\estagiarios\\estagiarios\\vendor\\laravel\\framework\\src\\Illuminate\\Foundation\\Http\\Middleware\\VerifyCsrfToken.php(78): Illuminate\\Pipeline\\Pipeline->Illuminate\\Pipeline\\{closure}(Object(Illuminate\\Http\\Request))
#19 C:\\Users\\ana.abrantes\\Desktop\\projetos\\estagiarios\\estagiarios\\vendor\\laravel\\framework\\src\\Illuminate\\Pipeline\\Pipeline.php(180): Illuminate\\Foundation\\Http\\Middleware\\VerifyCsrfToken->handle(Object(Illuminate\\Http\\Request), Object(Closure))
#20 C:\\Users\\ana.abrantes\\Desktop\\projetos\\estagiarios\\estagiarios\\vendor\\laravel\\framework\\src\\Illuminate\\View\\Middleware\\ShareErrorsFromSession.php(49): Illuminate\\Pipeline\\Pipeline->Illuminate\\Pipeline\\{closure}(Object(Illuminate\\Http\\Request))
#21 C:\\Users\\ana.abrantes\\Desktop\\projetos\\estagiarios\\estagiarios\\vendor\\laravel\\framework\\src\\Illuminate\\Pipeline\\Pipeline.php(180): Illuminate\\View\\Middleware\\ShareErrorsFromSession->handle(Object(Illuminate\\Http\\Request), Object(Closure))
#22 C:\\Users\\ana.abrantes\\Desktop\\projetos\\estagiarios\\estagiarios\\vendor\\laravel\\framework\\src\\Illuminate\\Session\\Middleware\\StartSession.php(121): Illuminate\\Pipeline\\Pipeline->Illuminate\\Pipeline\\{closure}(Object(Illuminate\\Http\\Request))
#23 C:\\Users\\ana.abrantes\\Desktop\\projetos\\estagiarios\\estagiarios\\vendor\\laravel\\framework\\src\\Illuminate\\Session\\Middleware\\StartSession.php(64): Illuminate\\Session\\Middleware\\StartSession->handleStatefulRequest(Object(Illuminate\\Http\\Request), Object(Illuminate\\Session\\Store), Object(Closure))
#24 C:\\Users\\ana.abrantes\\Desktop\\projetos\\estagiarios\\estagiarios\\vendor\\laravel\\framework\\src\\Illuminate\\Pipeline\\Pipeline.php(180): Illuminate\\Session\\Middleware\\StartSession->handle(Object(Illuminate\\Http\\Request), Object(Closure))
#25 C:\\Users\\ana.abrantes\\Desktop\\projetos\\estagiarios\\estagiarios\\vendor\\laravel\\framework\\src\\Illuminate\\Cookie\\Middleware\\AddQueuedCookiesToResponse.php(37): Illuminate\\Pipeline\\Pipeline->Illuminate\\Pipeline\\{closure}(Object(Illuminate\\Http\\Request))
#26 C:\\Users\\ana.abrantes\\Desktop\\projetos\\estagiarios\\estagiarios\\vendor\\laravel\\framework\\src\\Illuminate\\Pipeline\\Pipeline.php(180): Illuminate\\Cookie\\Middleware\\AddQueuedCookiesToResponse->handle(Object(Illuminate\\Http\\Request), Object(Closure))
#27 C:\\Users\\ana.abrantes\\Desktop\\projetos\\estagiarios\\estagiarios\\vendor\\laravel\\framework\\src\\Illuminate\\Cookie\\Middleware\\EncryptCookies.php(67): Illuminate\\Pipeline\\Pipeline->Illuminate\\Pipeline\\{closure}(Object(Illuminate\\Http\\Request))
#28 C:\\Users\\ana.abrantes\\Desktop\\projetos\\estagiarios\\estagiarios\\vendor\\laravel\\framework\\src\\Illuminate\\Pipeline\\Pipeline.php(180): Illuminate\\Cookie\\Middleware\\EncryptCookies->handle(Object(Illuminate\\Http\\Request), Object(Closure))
#29 C:\\Users\\ana.abrantes\\Desktop\\projetos\\estagiarios\\estagiarios\\vendor\\laravel\\framework\\src\\Illuminate\\Pipeline\\Pipeline.php(116): Illuminate\\Pipeline\\Pipeline->Illuminate\\Pipeline\\{closure}(Object(Illuminate\\Http\\Request))
#30 C:\\Users\\ana.abrantes\\Desktop\\projetos\\estagiarios\\estagiarios\\vendor\\laravel\\framework\\src\\Illuminate\\Routing\\Router.php(797): Illuminate\\Pipeline\\Pipeline->then(Object(Closure))
#31 C:\\Users\\ana.abrantes\\Desktop\\projetos\\estagiarios\\estagiarios\\vendor\\laravel\\framework\\src\\Illuminate\\Routing\\Router.php(776): Illuminate\\Routing\\Router->runRouteWithinStack(Object(Illuminate\\Routing\\Route), Object(Illuminate\\Http\\Request))
#32 C:\\Users\\ana.abrantes\\Desktop\\projetos\\estagiarios\\estagiarios\\vendor\\laravel\\framework\\src\\Illuminate\\Routing\\Router.php(740): Illuminate\\Routing\\Router->runRoute(Object(Illuminate\\Http\\Request), Object(Illuminate\\Routing\\Route))
#33 C:\\Users\\ana.abrantes\\Desktop\\projetos\\estagiarios\\estagiarios\\vendor\\laravel\\framework\\src\\Illuminate\\Routing\\Router.php(729): Illuminate\\Routing\\Router->dispatchToRoute(Object(Illuminate\\Http\\Request))
#34 C:\\Users\\ana.abrantes\\Desktop\\projetos\\estagiarios\\estagiarios\\vendor\\laravel\\framework\\src\\Illuminate\\Foundation\\Http\\Kernel.php(200): Illuminate\\Routing\\Router->dispatch(Object(Illuminate\\Http\\Request))
#35 C:\\Users\\ana.abrantes\\Desktop\\projetos\\estagiarios\\estagiarios\\vendor\\laravel\\framework\\src\\Illuminate\\Pipeline\\Pipeline.php(141): Illuminate\\Foundation\\Http\\Kernel->Illuminate\\Foundation\\Http\\{closure}(Object(Illuminate\\Http\\Request))
#36 C:\\Users\\ana.abrantes\\Desktop\\projetos\\estagiarios\\estagiarios\\vendor\\laravel\\framework\\src\\Illuminate\\Foundation\\Http\\Middleware\\TransformsRequest.php(21): Illuminate\\Pipeline\\Pipeline->Illuminate\\Pipeline\\{closure}(Object(Illuminate\\Http\\Request))
#37 C:\\Users\\ana.abrantes\\Desktop\\projetos\\estagiarios\\estagiarios\\vendor\\laravel\\framework\\src\\Illuminate\\Foundation\\Http\\Middleware\\ConvertEmptyStringsToNull.php(31): Illuminate\\Foundation\\Http\\Middleware\\TransformsRequest->handle(Object(Illuminate\\Http\\Request), Object(Closure))
#38 C:\\Users\\ana.abrantes\\Desktop\\projetos\\estagiarios\\estagiarios\\vendor\\laravel\\framework\\src\\Illuminate\\Pipeline\\Pipeline.php(180): Illuminate\\Foundation\\Http\\Middleware\\ConvertEmptyStringsToNull->handle(Object(Illuminate\\Http\\Request), Object(Closure))
#39 C:\\Users\\ana.abrantes\\Desktop\\projetos\\estagiarios\\estagiarios\\vendor\\laravel\\framework\\src\\Illuminate\\Foundation\\Http\\Middleware\\TransformsRequest.php(21): Illuminate\\Pipeline\\Pipeline->Illuminate\\Pipeline\\{closure}(Object(Illuminate\\Http\\Request))
#40 C:\\Users\\ana.abrantes\\Desktop\\projetos\\estagiarios\\estagiarios\\vendor\\laravel\\framework\\src\\Illuminate\\Foundation\\Http\\Middleware\\TrimStrings.php(40): Illuminate\\Foundation\\Http\\Middleware\\TransformsRequest->handle(Object(Illuminate\\Http\\Request), Object(Closure))
#41 C:\\Users\\ana.abrantes\\Desktop\\projetos\\estagiarios\\estagiarios\\vendor\\laravel\\framework\\src\\Illuminate\\Pipeline\\Pipeline.php(180): Illuminate\\Foundation\\Http\\Middleware\\TrimStrings->handle(Object(Illuminate\\Http\\Request), Object(Closure))
#42 C:\\Users\\ana.abrantes\\Desktop\\projetos\\estagiarios\\estagiarios\\vendor\\laravel\\framework\\src\\Illuminate\\Foundation\\Http\\Middleware\\ValidatePostSize.php(27): Illuminate\\Pipeline\\Pipeline->Illuminate\\Pipeline\\{closure}(Object(Illuminate\\Http\\Request))
#43 C:\\Users\\ana.abrantes\\Desktop\\projetos\\estagiarios\\estagiarios\\vendor\\laravel\\framework\\src\\Illuminate\\Pipeline\\Pipeline.php(180): Illuminate\\Foundation\\Http\\Middleware\\ValidatePostSize->handle(Object(Illuminate\\Http\\Request), Object(Closure))
#44 C:\\Users\\ana.abrantes\\Desktop\\projetos\\estagiarios\\estagiarios\\vendor\\laravel\\framework\\src\\Illuminate\\Foundation\\Http\\Middleware\\PreventRequestsDuringMaintenance.php(86): Illuminate\\Pipeline\\Pipeline->Illuminate\\Pipeline\\{closure}(Object(Illuminate\\Http\\Request))
#45 C:\\Users\\ana.abrantes\\Desktop\\projetos\\estagiarios\\estagiarios\\vendor\\laravel\\framework\\src\\Illuminate\\Pipeline\\Pipeline.php(180): Illuminate\\Foundation\\Http\\Middleware\\PreventRequestsDuringMaintenance->handle(Object(Illuminate\\Http\\Request), Object(Closure))
#46 C:\\Users\\ana.abrantes\\Desktop\\projetos\\estagiarios\\estagiarios\\vendor\\laravel\\framework\\src\\Illuminate\\Http\\Middleware\\HandleCors.php(49): Illuminate\\Pipeline\\Pipeline->Illuminate\\Pipeline\\{closure}(Object(Illuminate\\Http\\Request))
#47 C:\\Users\\ana.abrantes\\Desktop\\projetos\\estagiarios\\estagiarios\\vendor\\laravel\\framework\\src\\Illuminate\\Pipeline\\Pipeline.php(180): Illuminate\\Http\\Middleware\\HandleCors->handle(Object(Illuminate\\Http\\Request), Object(Closure))
#48 C:\\Users\\ana.abrantes\\Desktop\\projetos\\estagiarios\\estagiarios\\vendor\\laravel\\framework\\src\\Illuminate\\Http\\Middleware\\TrustProxies.php(39): Illuminate\\Pipeline\\Pipeline->Illuminate\\Pipeline\\{closure}(Object(Illuminate\\Http\\Request))
#49 C:\\Users\\ana.abrantes\\Desktop\\projetos\\estagiarios\\estagiarios\\vendor\\laravel\\framework\\src\\Illuminate\\Pipeline\\Pipeline.php(180): Illuminate\\Http\\Middleware\\TrustProxies->handle(Object(Illuminate\\Http\\Request), Object(Closure))
#50 C:\\Users\\ana.abrantes\\Desktop\\projetos\\estagiarios\\estagiarios\\vendor\\laravel\\framework\\src\\Illuminate\\Pipeline\\Pipeline.php(116): Illuminate\\Pipeline\\Pipeline->Illuminate\\Pipeline\\{closure}(Object(Illuminate\\Http\\Request))
#51 C:\\Users\\ana.abrantes\\Desktop\\projetos\\estagiarios\\estagiarios\\vendor\\laravel\\framework\\src\\Illuminate\\Foundation\\Http\\Kernel.php(175): Illuminate\\Pipeline\\Pipeline->then(Object(Closure))
#52 C:\\Users\\ana.abrantes\\Desktop\\projetos\\estagiarios\\estagiarios\\vendor\\laravel\\framework\\src\\Illuminate\\Foundation\\Http\\Kernel.php(144): Illuminate\\Foundation\\Http\\Kernel->sendRequestThroughRouter(Object(Illuminate\\Http\\Request))
#53 C:\\Users\\ana.abrantes\\Desktop\\projetos\\estagiarios\\estagiarios\\public\\index.php(51): Illuminate\\Foundation\\Http\\Kernel->handle(Object(Illuminate\\Http\\Request))
#54 C:\\Users\\ana.abrantes\\Desktop\\projetos\\estagiarios\\estagiarios\\vendor\\laravel\\framework\\src\\Illuminate\\Foundation\\resources\\server.php(16): require_once('C:\\\\Users\\\\ana.ab...')
#55 {main}

[previous exception] [object] (PDOException(code: 0): could not find driver at C:\\Users\\ana.abrantes\\Desktop\\projetos\\estagiarios\\estagiarios\\vendor\\laravel\\framework\\src\\Illuminate\\Database\\Connectors\\Connector.php:65)
[stacktrace]
#0 C:\\Users\\ana.abrantes\\Desktop\\projetos\\estagiarios\\estagiarios\\vendor\\laravel\\framework\\src\\Illuminate\\Database\\Connectors\\Connector.php(65): PDO->__construct('mysql:host=loca...', 'root', Object(SensitiveParameterValue), Array)
#1 C:\\Users\\ana.abrantes\\Desktop\\projetos\\estagiarios\\estagiarios\\vendor\\laravel\\framework\\src\\Illuminate\\Database\\Connectors\\Connector.php(44): Illuminate\\Database\\Connectors\\Connector->createPdoConnection('mysql:host=loca...', 'root', '', Array)
#2 C:\\Users\\ana.abrantes\\Desktop\\projetos\\estagiarios\\estagiarios\\vendor\\laravel\\framework\\src\\Illuminate\\Database\\Connectors\\MySqlConnector.php(24): Illuminate\\Database\\Connectors\\Connector->createConnection('mysql:host=loca...', Array, Array)
#3 C:\\Users\\ana.abrantes\\Desktop\\projetos\\estagiarios\\estagiarios\\vendor\\laravel\\framework\\src\\Illuminate\\Database\\Connectors\\ConnectionFactory.php(184): Illuminate\\Database\\Connectors\\MySqlConnector->connect(Array)
#4 [internal function]: Illuminate\\Database\\Connectors\\ConnectionFactory->Illuminate\\Database\\Connectors\\{closure}()
#5 C:\\Users\\ana.abrantes\\Desktop\\projetos\\estagiarios\\estagiarios\\vendor\\laravel\\framework\\src\\Illuminate\\Database\\Connection.php(1210): call_user_func(Object(Closure))
#6 C:\\Users\\ana.abrantes\\Desktop\\projetos\\estagiarios\\estagiarios\\vendor\\laravel\\framework\\src\\Illuminate\\Database\\Connection.php(1246): Illuminate\\Database\\Connection->getPdo()
#7 C:\\Users\\ana.abrantes\\Desktop\\projetos\\estagiarios\\estagiarios\\vendor\\laravel\\framework\\src\\Illuminate\\Database\\Connection.php(519): Illuminate\\Database\\Connection->getReadPdo()
#8 C:\\Users\\ana.abrantes\\Desktop\\projetos\\estagiarios\\estagiarios\\vendor\\laravel\\framework\\src\\Illuminate\\Database\\Connection.php(414): Illuminate\\Database\\Connection->getPdoForSelect(true)
#9 C:\\Users\\ana.abrantes\\Desktop\\projetos\\estagiarios\\estagiarios\\vendor\\laravel\\framework\\src\\Illuminate\\Database\\Connection.php(786): Illuminate\\Database\\Connection->Illuminate\\Database\\{closure}('select * from `...', Array)
#10 C:\\Users\\ana.abrantes\\Desktop\\projetos\\estagiarios\\estagiarios\\vendor\\laravel\\framework\\src\\Illuminate\\Database\\Connection.php(753): Illuminate\\Database\\Connection->runQueryCallback('select * from `...', Array, Object(Closure))
#11 C:\\Users\\ana.abrantes\\Desktop\\projetos\\estagiarios\\estagiarios\\vendor\\laravel\\framework\\src\\Illuminate\\Database\\Connection.php(405): Illuminate\\Database\\Connection->run('select * from `...', Array, Object(Closure))
#12 C:\\Users\\ana.abrantes\\Desktop\\projetos\\estagiarios\\estagiarios\\vendor\\laravel\\framework\\src\\Illuminate\\Database\\Query\\Builder.php(2718): Illuminate\\Database\\Connection->select('select * from `...', Array, true)
#13 C:\\Users\\ana.abrantes\\Desktop\\projetos\\estagiarios\\estagiarios\\vendor\\laravel\\framework\\src\\Illuminate\\Database\\Query\\Builder.php(2707): Illuminate\\Database\\Query\\Builder->runSelect()
#14 C:\\Users\\ana.abrantes\\Desktop\\projetos\\estagiarios\\estagiarios\\vendor\\laravel\\framework\\src\\Illuminate\\Database\\Query\\Builder.php(3248): Illuminate\\Database\\Query\\Builder->Illuminate\\Database\\Query\\{closure}()
#15 C:\\Users\\ana.abrantes\\Desktop\\projetos\\estagiarios\\estagiarios\\vendor\\laravel\\framework\\src\\Illuminate\\Database\\Query\\Builder.php(2706): Illuminate\\Database\\Query\\Builder->onceWithColumns(Array, Object(Closure))
#16 C:\\Users\\ana.abrantes\\Desktop\\projetos\\estagiarios\\estagiarios\\vendor\\laravel\\framework\\src\\Illuminate\\Database\\Eloquent\\Builder.php(717): Illuminate\\Database\\Query\\Builder->get(Array)
#17 C:\\Users\\ana.abrantes\\Desktop\\projetos\\estagiarios\\estagiarios\\vendor\\laravel\\framework\\src\\Illuminate\\Database\\Eloquent\\Builder.php(701): Illuminate\\Database\\Eloquent\\Builder->getModels(Array)
#18 C:\\Users\\ana.abrantes\\Desktop\\projetos\\estagiarios\\estagiarios\\vendor\\laravel\\framework\\src\\Illuminate\\Database\\Eloquent\\Model.php(674): Illuminate\\Database\\Eloquent\\Builder->get(Array)
#19 C:\\Users\\ana.abrantes\\Desktop\\projetos\\estagiarios\\estagiarios\\app\\Http\\Controllers\\EstagiarioController.php(14): Illuminate\\Database\\Eloquent\\Model::all()
#20 C:\\Users\\ana.abrantes\\Desktop\\projetos\\estagiarios\\estagiarios\\vendor\\laravel\\framework\\src\\Illuminate\\Routing\\Controller.php(54): App\\Http\\Controllers\\EstagiarioController->index()
#21 C:\\Users\\ana.abrantes\\Desktop\\projetos\\estagiarios\\estagiarios\\vendor\\laravel\\framework\\src\\Illuminate\\Routing\\ControllerDispatcher.php(43): Illuminate\\Routing\\Controller->callAction('index', Array)
#22 C:\\Users\\ana.abrantes\\Desktop\\projetos\\estagiarios\\estagiarios\\vendor\\laravel\\framework\\src\\Illuminate\\Routing\\Route.php(259): Illuminate\\Routing\\ControllerDispatcher->dispatch(Object(Illuminate\\Routing\\Route), Object(App\\Http\\Controllers\\EstagiarioController), 'index')
#23 C:\\Users\\ana.abrantes\\Desktop\\projetos\\estagiarios\\estagiarios\\vendor\\laravel\\framework\\src\\Illuminate\\Routing\\Route.php(205): Illuminate\\Routing\\Route->runController()
#24 C:\\Users\\ana.abrantes\\Desktop\\projetos\\estagiarios\\estagiarios\\vendor\\laravel\\framework\\src\\Illuminate\\Routing\\Router.php(798): Illuminate\\Routing\\Route->run()
#25 C:\\Users\\ana.abrantes\\Desktop\\projetos\\estagiarios\\estagiarios\\vendor\\laravel\\framework\\src\\Illuminate\\Pipeline\\Pipeline.php(141): Illuminate\\Routing\\Router->Illuminate\\Routing\\{closure}(Object(Illuminate\\Http\\Request))
#26 C:\\Users\\ana.abrantes\\Desktop\\projetos\\estagiarios\\estagiarios\\vendor\\laravel\\framework\\src\\Illuminate\\Routing\\Middleware\\SubstituteBindings.php(50): Illuminate\\Pipeline\\Pipeline->Illuminate\\Pipeline\\{closure}(Object(Illuminate\\Http\\Request))
#27 C:\\Users\\ana.abrantes\\Desktop\\projetos\\estagiarios\\estagiarios\\vendor\\laravel\\framework\\src\\Illuminate\\Pipeline\\Pipeline.php(180): Illuminate\\Routing\\Middleware\\SubstituteBindings->handle(Object(Illuminate\\Http\\Request), Object(Closure))
#28 C:\\Users\\ana.abrantes\\Desktop\\projetos\\estagiarios\\estagiarios\\vendor\\laravel\\framework\\src\\Illuminate\\Foundation\\Http\\Middleware\\VerifyCsrfToken.php(78): Illuminate\\Pipeline\\Pipeline->Illuminate\\Pipeline\\{closure}(Object(Illuminate\\Http\\Request))
#29 C:\\Users\\ana.abrantes\\Desktop\\projetos\\estagiarios\\estagiarios\\vendor\\laravel\\framework\\src\\Illuminate\\Pipeline\\Pipeline.php(180): Illuminate\\Foundation\\Http\\Middleware\\VerifyCsrfToken->handle(Object(Illuminate\\Http\\Request), Object(Closure))
#30 C:\\Users\\ana.abrantes\\Desktop\\projetos\\estagiarios\\estagiarios\\vendor\\laravel\\framework\\src\\Illuminate\\View\\Middleware\\ShareErrorsFromSession.php(49): Illuminate\\Pipeline\\Pipeline->Illuminate\\Pipeline\\{closure}(Object(Illuminate\\Http\\Request))
#31 C:\\Users\\ana.abrantes\\Desktop\\projetos\\estagiarios\\estagiarios\\vendor\\laravel\\framework\\src\\Illuminate\\Pipeline\\Pipeline.php(180): Illuminate\\View\\Middleware\\ShareErrorsFromSession->handle(Object(Illuminate\\Http\\Request), Object(Closure))
#32 C:\\Users\\ana.abrantes\\Desktop\\projetos\\estagiarios\\estagiarios\\vendor\\laravel\\framework\\src\\Illuminate\\Session\\Middleware\\StartSession.php(121): Illuminate\\Pipeline\\Pipeline->Illuminate\\Pipeline\\{closure}(Object(Illuminate\\Http\\Request))
#33 C:\\Users\\ana.abrantes\\Desktop\\projetos\\estagiarios\\estagiarios\\vendor\\laravel\\framework\\src\\Illuminate\\Session\\Middleware\\StartSession.php(64): Illuminate\\Session\\Middleware\\StartSession->handleStatefulRequest(Object(Illuminate\\Http\\Request), Object(Illuminate\\Session\\Store), Object(Closure))
#34 C:\\Users\\ana.abrantes\\Desktop\\projetos\\estagiarios\\estagiarios\\vendor\\laravel\\framework\\src\\Illuminate\\Pipeline\\Pipeline.php(180): Illuminate\\Session\\Middleware\\StartSession->handle(Object(Illuminate\\Http\\Request), Object(Closure))
#35 C:\\Users\\ana.abrantes\\Desktop\\projetos\\estagiarios\\estagiarios\\vendor\\laravel\\framework\\src\\Illuminate\\Cookie\\Middleware\\AddQueuedCookiesToResponse.php(37): Illuminate\\Pipeline\\Pipeline->Illuminate\\Pipeline\\{closure}(Object(Illuminate\\Http\\Request))
#36 C:\\Users\\ana.abrantes\\Desktop\\projetos\\estagiarios\\estagiarios\\vendor\\laravel\\framework\\src\\Illuminate\\Pipeline\\Pipeline.php(180): Illuminate\\Cookie\\Middleware\\AddQueuedCookiesToResponse->handle(Object(Illuminate\\Http\\Request), Object(Closure))
#37 C:\\Users\\ana.abrantes\\Desktop\\projetos\\estagiarios\\estagiarios\\vendor\\laravel\\framework\\src\\Illuminate\\Cookie\\Middleware\\EncryptCookies.php(67): Illuminate\\Pipeline\\Pipeline->Illuminate\\Pipeline\\{closure}(Object(Illuminate\\Http\\Request))
#38 C:\\Users\\ana.abrantes\\Desktop\\projetos\\estagiarios\\estagiarios\\vendor\\laravel\\framework\\src\\Illuminate\\Pipeline\\Pipeline.php(180): Illuminate\\Cookie\\Middleware\\EncryptCookies->handle(Object(Illuminate\\Http\\Request), Object(Closure))
#39 C:\\Users\\ana.abrantes\\Desktop\\projetos\\estagiarios\\estagiarios\\vendor\\laravel\\framework\\src\\Illuminate\\Pipeline\\Pipeline.php(116): Illuminate\\Pipeline\\Pipeline->Illuminate\\Pipeline\\{closure}(Object(Illuminate\\Http\\Request))
#40 C:\\Users\\ana.abrantes\\Desktop\\projetos\\estagiarios\\estagiarios\\vendor\\laravel\\framework\\src\\Illuminate\\Routing\\Router.php(797): Illuminate\\Pipeline\\Pipeline->then(Object(Closure))
#41 C:\\Users\\ana.abrantes\\Desktop\\projetos\\estagiarios\\estagiarios\\vendor\\laravel\\framework\\src\\Illuminate\\Routing\\Router.php(776): Illuminate\\Routing\\Router->runRouteWithinStack(Object(Illuminate\\Routing\\Route), Object(Illuminate\\Http\\Request))
#42 C:\\Users\\ana.abrantes\\Desktop\\projetos\\estagiarios\\estagiarios\\vendor\\laravel\\framework\\src\\Illuminate\\Routing\\Router.php(740): Illuminate\\Routing\\Router->runRoute(Object(Illuminate\\Http\\Request), Object(Illuminate\\Routing\\Route))
#43 C:\\Users\\ana.abrantes\\Desktop\\projetos\\estagiarios\\estagiarios\\vendor\\laravel\\framework\\src\\Illuminate\\Routing\\Router.php(729): Illuminate\\Routing\\Router->dispatchToRoute(Object(Illuminate\\Http\\Request))
#44 C:\\Users\\ana.abrantes\\Desktop\\projetos\\estagiarios\\estagiarios\\vendor\\laravel\\framework\\src\\Illuminate\\Foundation\\Http\\Kernel.php(200): Illuminate\\Routing\\Router->dispatch(Object(Illuminate\\Http\\Request))
#45 C:\\Users\\ana.abrantes\\Desktop\\projetos\\estagiarios\\estagiarios\\vendor\\laravel\\framework\\src\\Illuminate\\Pipeline\\Pipeline.php(141): Illuminate\\Foundation\\Http\\Kernel->Illuminate\\Foundation\\Http\\{closure}(Object(Illuminate\\Http\\Request))
#46 C:\\Users\\ana.abrantes\\Desktop\\projetos\\estagiarios\\estagiarios\\vendor\\laravel\\framework\\src\\Illuminate\\Foundation\\Http\\Middleware\\TransformsRequest.php(21): Illuminate\\Pipeline\\Pipeline->Illuminate\\Pipeline\\{closure}(Object(Illuminate\\Http\\Request))
#47 C:\\Users\\ana.abrantes\\Desktop\\projetos\\estagiarios\\estagiarios\\vendor\\laravel\\framework\\src\\Illuminate\\Foundation\\Http\\Middleware\\ConvertEmptyStringsToNull.php(31): Illuminate\\Foundation\\Http\\Middleware\\TransformsRequest->handle(Object(Illuminate\\Http\\Request), Object(Closure))
#48 C:\\Users\\ana.abrantes\\Desktop\\projetos\\estagiarios\\estagiarios\\vendor\\laravel\\framework\\src\\Illuminate\\Pipeline\\Pipeline.php(180): Illuminate\\Foundation\\Http\\Middleware\\ConvertEmptyStringsToNull->handle(Object(Illuminate\\Http\\Request), Object(Closure))
#49 C:\\Users\\ana.abrantes\\Desktop\\projetos\\estagiarios\\estagiarios\\vendor\\laravel\\framework\\src\\Illuminate\\Foundation\\Http\\Middleware\\TransformsRequest.php(21): Illuminate\\Pipeline\\Pipeline->Illuminate\\Pipeline\\{closure}(Object(Illuminate\\Http\\Request))
#50 C:\\Users\\ana.abrantes\\Desktop\\projetos\\estagiarios\\estagiarios\\vendor\\laravel\\framework\\src\\Illuminate\\Foundation\\Http\\Middleware\\TrimStrings.php(40): Illuminate\\Foundation\\Http\\Middleware\\TransformsRequest->handle(Object(Illuminate\\Http\\Request), Object(Closure))
#51 C:\\Users\\ana.abrantes\\Desktop\\projetos\\estagiarios\\estagiarios\\vendor\\laravel\\framework\\src\\Illuminate\\Pipeline\\Pipeline.php(180): Illuminate\\Foundation\\Http\\Middleware\\TrimStrings->handle(Object(Illuminate\\Http\\Request), Object(Closure))
#52 C:\\Users\\ana.abrantes\\Desktop\\projetos\\estagiarios\\estagiarios\\vendor\\laravel\\framework\\src\\Illuminate\\Foundation\\Http\\Middleware\\ValidatePostSize.php(27): Illuminate\\Pipeline\\Pipeline->Illuminate\\Pipeline\\{closure}(Object(Illuminate\\Http\\Request))
#53 C:\\Users\\ana.abrantes\\Desktop\\projetos\\estagiarios\\estagiarios\\vendor\\laravel\\framework\\src\\Illuminate\\Pipeline\\Pipeline.php(180): Illuminate\\Foundation\\Http\\Middleware\\ValidatePostSize->handle(Object(Illuminate\\Http\\Request), Object(Closure))
#54 C:\\Users\\ana.abrantes\\Desktop\\projetos\\estagiarios\\estagiarios\\vendor\\laravel\\framework\\src\\Illuminate\\Foundation\\Http\\Middleware\\PreventRequestsDuringMaintenance.php(86): Illuminate\\Pipeline\\Pipeline->Illuminate\\Pipeline\\{closure}(Object(Illuminate\\Http\\Request))
#55 C:\\Users\\ana.abrantes\\Desktop\\projetos\\estagiarios\\estagiarios\\vendor\\laravel\\framework\\src\\Illuminate\\Pipeline\\Pipeline.php(180): Illuminate\\Foundation\\Http\\Middleware\\PreventRequestsDuringMaintenance->handle(Object(Illuminate\\Http\\Request), Object(Closure))
#56 C:\\Users\\ana.abrantes\\Desktop\\projetos\\estagiarios\\estagiarios\\vendor\\laravel\\framework\\src\\Illuminate\\Http\\Middleware\\HandleCors.php(49): Illuminate\\Pipeline\\Pipeline->Illuminate\\Pipeline\\{closure}(Object(Illuminate\\Http\\Request))
#57 C:\\Users\\ana.abrantes\\Desktop\\projetos\\estagiarios\\estagiarios\\vendor\\laravel\\framework\\src\\Illuminate\\Pipeline\\Pipeline.php(180): Illuminate\\Http\\Middleware\\HandleCors->handle(Object(Illuminate\\Http\\Request), Object(Closure))
#58 C:\\Users\\ana.abrantes\\Desktop\\projetos\\estagiarios\\estagiarios\\vendor\\laravel\\framework\\src\\Illuminate\\Http\\Middleware\\TrustProxies.php(39): Illuminate\\Pipeline\\Pipeline->Illuminate\\Pipeline\\{closure}(Object(Illuminate\\Http\\Request))
#59 C:\\Users\\ana.abrantes\\Desktop\\projetos\\estagiarios\\estagiarios\\vendor\\laravel\\framework\\src\\Illuminate\\Pipeline\\Pipeline.php(180): Illuminate\\Http\\Middleware\\TrustProxies->handle(Object(Illuminate\\Http\\Request), Object(Closure))
#60 C:\\Users\\ana.abrantes\\Desktop\\projetos\\estagiarios\\estagiarios\\vendor\\laravel\\framework\\src\\Illuminate\\Pipeline\\Pipeline.php(116): Illuminate\\Pipeline\\Pipeline->Illuminate\\Pipeline\\{closure}(Object(Illuminate\\Http\\Request))
#61 C:\\Users\\ana.abrantes\\Desktop\\projetos\\estagiarios\\estagiarios\\vendor\\laravel\\framework\\src\\Illuminate\\Foundation\\Http\\Kernel.php(175): Illuminate\\Pipeline\\Pipeline->then(Object(Closure))
#62 C:\\Users\\ana.abrantes\\Desktop\\projetos\\estagiarios\\estagiarios\\vendor\\laravel\\framework\\src\\Illuminate\\Foundation\\Http\\Kernel.php(144): Illuminate\\Foundation\\Http\\Kernel->sendRequestThroughRouter(Object(Illuminate\\Http\\Request))
#63 C:\\Users\\ana.abrantes\\Desktop\\projetos\\estagiarios\\estagiarios\\public\\index.php(51): Illuminate\\Foundation\\Http\\Kernel->handle(Object(Illuminate\\Http\\Request))
#64 C:\\Users\\ana.abrantes\\Desktop\\projetos\\estagiarios\\estagiarios\\vendor\\laravel\\framework\\src\\Illuminate\\Foundation\\resources\\server.php(16): require_once('C:\\\\Users\\\\ana.ab...')
#65 {main}
"} 
[2023-06-16 12:04:31] local.ERROR: could not find driver (Connection: mysql, SQL: select * from `estagiarios`) {"exception":"[object] (Illuminate\\Database\\QueryException(code: 0): could not find driver (Connection: mysql, SQL: select * from `estagiarios`) at C:\\Users\\ana.abrantes\\Desktop\\projetos\\estagiarios\\estagiarios\\vendor\\laravel\\framework\\src\\Illuminate\\Database\\Connection.php:793)
[stacktrace]
#0 C:\\Users\\ana.abrantes\\Desktop\\projetos\\estagiarios\\estagiarios\\vendor\\laravel\\framework\\src\\Illuminate\\Database\\Connection.php(753): Illuminate\\Database\\Connection->runQueryCallback('select * from `...', Array, Object(Closure))
#1 C:\\Users\\ana.abrantes\\Desktop\\projetos\\estagiarios\\estagiarios\\vendor\\laravel\\framework\\src\\Illuminate\\Database\\Connection.php(405): Illuminate\\Database\\Connection->run('select * from `...', Array, Object(Closure))
#2 C:\\Users\\ana.abrantes\\Desktop\\projetos\\estagiarios\\estagiarios\\vendor\\laravel\\framework\\src\\Illuminate\\Database\\Query\\Builder.php(2718): Illuminate\\Database\\Connection->select('select * from `...', Array, true)
#3 C:\\Users\\ana.abrantes\\Desktop\\projetos\\estagiarios\\estagiarios\\vendor\\laravel\\framework\\src\\Illuminate\\Database\\Query\\Builder.php(2707): Illuminate\\Database\\Query\\Builder->runSelect()
#4 C:\\Users\\ana.abrantes\\Desktop\\projetos\\estagiarios\\estagiarios\\vendor\\laravel\\framework\\src\\Illuminate\\Database\\Query\\Builder.php(3248): Illuminate\\Database\\Query\\Builder->Illuminate\\Database\\Query\\{closure}()
#5 C:\\Users\\ana.abrantes\\Desktop\\projetos\\estagiarios\\estagiarios\\vendor\\laravel\\framework\\src\\Illuminate\\Database\\Query\\Builder.php(2706): Illuminate\\Database\\Query\\Builder->onceWithColumns(Array, Object(Closure))
#6 C:\\Users\\ana.abrantes\\Desktop\\projetos\\estagiarios\\estagiarios\\vendor\\laravel\\framework\\src\\Illuminate\\Database\\Eloquent\\Builder.php(717): Illuminate\\Database\\Query\\Builder->get(Array)
#7 C:\\Users\\ana.abrantes\\Desktop\\projetos\\estagiarios\\estagiarios\\vendor\\laravel\\framework\\src\\Illuminate\\Database\\Eloquent\\Builder.php(701): Illuminate\\Database\\Eloquent\\Builder->getModels(Array)
#8 C:\\Users\\ana.abrantes\\Desktop\\projetos\\estagiarios\\estagiarios\\vendor\\laravel\\framework\\src\\Illuminate\\Database\\Eloquent\\Model.php(674): Illuminate\\Database\\Eloquent\\Builder->get(Array)
#9 C:\\Users\\ana.abrantes\\Desktop\\projetos\\estagiarios\\estagiarios\\app\\Http\\Controllers\\EstagiarioController.php(14): Illuminate\\Database\\Eloquent\\Model::all()
#10 C:\\Users\\ana.abrantes\\Desktop\\projetos\\estagiarios\\estagiarios\\vendor\\laravel\\framework\\src\\Illuminate\\Routing\\Controller.php(54): App\\Http\\Controllers\\EstagiarioController->index()
#11 C:\\Users\\ana.abrantes\\Desktop\\projetos\\estagiarios\\estagiarios\\vendor\\laravel\\framework\\src\\Illuminate\\Routing\\ControllerDispatcher.php(43): Illuminate\\Routing\\Controller->callAction('index', Array)
#12 C:\\Users\\ana.abrantes\\Desktop\\projetos\\estagiarios\\estagiarios\\vendor\\laravel\\framework\\src\\Illuminate\\Routing\\Route.php(259): Illuminate\\Routing\\ControllerDispatcher->dispatch(Object(Illuminate\\Routing\\Route), Object(App\\Http\\Controllers\\EstagiarioController), 'index')
#13 C:\\Users\\ana.abrantes\\Desktop\\projetos\\estagiarios\\estagiarios\\vendor\\laravel\\framework\\src\\Illuminate\\Routing\\Route.php(205): Illuminate\\Routing\\Route->runController()
#14 C:\\Users\\ana.abrantes\\Desktop\\projetos\\estagiarios\\estagiarios\\vendor\\laravel\\framework\\src\\Illuminate\\Routing\\Router.php(798): Illuminate\\Routing\\Route->run()
#15 C:\\Users\\ana.abrantes\\Desktop\\projetos\\estagiarios\\estagiarios\\vendor\\laravel\\framework\\src\\Illuminate\\Pipeline\\Pipeline.php(141): Illuminate\\Routing\\Router->Illuminate\\Routing\\{closure}(Object(Illuminate\\Http\\Request))
#16 C:\\Users\\ana.abrantes\\Desktop\\projetos\\estagiarios\\estagiarios\\vendor\\laravel\\framework\\src\\Illuminate\\Routing\\Middleware\\SubstituteBindings.php(50): Illuminate\\Pipeline\\Pipeline->Illuminate\\Pipeline\\{closure}(Object(Illuminate\\Http\\Request))
#17 C:\\Users\\ana.abrantes\\Desktop\\projetos\\estagiarios\\estagiarios\\vendor\\laravel\\framework\\src\\Illuminate\\Pipeline\\Pipeline.php(180): Illuminate\\Routing\\Middleware\\SubstituteBindings->handle(Object(Illuminate\\Http\\Request), Object(Closure))
#18 C:\\Users\\ana.abrantes\\Desktop\\projetos\\estagiarios\\estagiarios\\vendor\\laravel\\framework\\src\\Illuminate\\Foundation\\Http\\Middleware\\VerifyCsrfToken.php(78): Illuminate\\Pipeline\\Pipeline->Illuminate\\Pipeline\\{closure}(Object(Illuminate\\Http\\Request))
#19 C:\\Users\\ana.abrantes\\Desktop\\projetos\\estagiarios\\estagiarios\\vendor\\laravel\\framework\\src\\Illuminate\\Pipeline\\Pipeline.php(180): Illuminate\\Foundation\\Http\\Middleware\\VerifyCsrfToken->handle(Object(Illuminate\\Http\\Request), Object(Closure))
#20 C:\\Users\\ana.abrantes\\Desktop\\projetos\\estagiarios\\estagiarios\\vendor\\laravel\\framework\\src\\Illuminate\\View\\Middleware\\ShareErrorsFromSession.php(49): Illuminate\\Pipeline\\Pipeline->Illuminate\\Pipeline\\{closure}(Object(Illuminate\\Http\\Request))
#21 C:\\Users\\ana.abrantes\\Desktop\\projetos\\estagiarios\\estagiarios\\vendor\\laravel\\framework\\src\\Illuminate\\Pipeline\\Pipeline.php(180): Illuminate\\View\\Middleware\\ShareErrorsFromSession->handle(Object(Illuminate\\Http\\Request), Object(Closure))
#22 C:\\Users\\ana.abrantes\\Desktop\\projetos\\estagiarios\\estagiarios\\vendor\\laravel\\framework\\src\\Illuminate\\Session\\Middleware\\StartSession.php(121): Illuminate\\Pipeline\\Pipeline->Illuminate\\Pipeline\\{closure}(Object(Illuminate\\Http\\Request))
#23 C:\\Users\\ana.abrantes\\Desktop\\projetos\\estagiarios\\estagiarios\\vendor\\laravel\\framework\\src\\Illuminate\\Session\\Middleware\\StartSession.php(64): Illuminate\\Session\\Middleware\\StartSession->handleStatefulRequest(Object(Illuminate\\Http\\Request), Object(Illuminate\\Session\\Store), Object(Closure))
#24 C:\\Users\\ana.abrantes\\Desktop\\projetos\\estagiarios\\estagiarios\\vendor\\laravel\\framework\\src\\Illuminate\\Pipeline\\Pipeline.php(180): Illuminate\\Session\\Middleware\\StartSession->handle(Object(Illuminate\\Http\\Request), Object(Closure))
#25 C:\\Users\\ana.abrantes\\Desktop\\projetos\\estagiarios\\estagiarios\\vendor\\laravel\\framework\\src\\Illuminate\\Cookie\\Middleware\\AddQueuedCookiesToResponse.php(37): Illuminate\\Pipeline\\Pipeline->Illuminate\\Pipeline\\{closure}(Object(Illuminate\\Http\\Request))
#26 C:\\Users\\ana.abrantes\\Desktop\\projetos\\estagiarios\\estagiarios\\vendor\\laravel\\framework\\src\\Illuminate\\Pipeline\\Pipeline.php(180): Illuminate\\Cookie\\Middleware\\AddQueuedCookiesToResponse->handle(Object(Illuminate\\Http\\Request), Object(Closure))
#27 C:\\Users\\ana.abrantes\\Desktop\\projetos\\estagiarios\\estagiarios\\vendor\\laravel\\framework\\src\\Illuminate\\Cookie\\Middleware\\EncryptCookies.php(67): Illuminate\\Pipeline\\Pipeline->Illuminate\\Pipeline\\{closure}(Object(Illuminate\\Http\\Request))
#28 C:\\Users\\ana.abrantes\\Desktop\\projetos\\estagiarios\\estagiarios\\vendor\\laravel\\framework\\src\\Illuminate\\Pipeline\\Pipeline.php(180): Illuminate\\Cookie\\Middleware\\EncryptCookies->handle(Object(Illuminate\\Http\\Request), Object(Closure))
#29 C:\\Users\\ana.abrantes\\Desktop\\projetos\\estagiarios\\estagiarios\\vendor\\laravel\\framework\\src\\Illuminate\\Pipeline\\Pipeline.php(116): Illuminate\\Pipeline\\Pipeline->Illuminate\\Pipeline\\{closure}(Object(Illuminate\\Http\\Request))
#30 C:\\Users\\ana.abrantes\\Desktop\\projetos\\estagiarios\\estagiarios\\vendor\\laravel\\framework\\src\\Illuminate\\Routing\\Router.php(797): Illuminate\\Pipeline\\Pipeline->then(Object(Closure))
#31 C:\\Users\\ana.abrantes\\Desktop\\projetos\\estagiarios\\estagiarios\\vendor\\laravel\\framework\\src\\Illuminate\\Routing\\Router.php(776): Illuminate\\Routing\\Router->runRouteWithinStack(Object(Illuminate\\Routing\\Route), Object(Illuminate\\Http\\Request))
#32 C:\\Users\\ana.abrantes\\Desktop\\projetos\\estagiarios\\estagiarios\\vendor\\laravel\\framework\\src\\Illuminate\\Routing\\Router.php(740): Illuminate\\Routing\\Router->runRoute(Object(Illuminate\\Http\\Request), Object(Illuminate\\Routing\\Route))
#33 C:\\Users\\ana.abrantes\\Desktop\\projetos\\estagiarios\\estagiarios\\vendor\\laravel\\framework\\src\\Illuminate\\Routing\\Router.php(729): Illuminate\\Routing\\Router->dispatchToRoute(Object(Illuminate\\Http\\Request))
#34 C:\\Users\\ana.abrantes\\Desktop\\projetos\\estagiarios\\estagiarios\\vendor\\laravel\\framework\\src\\Illuminate\\Foundation\\Http\\Kernel.php(200): Illuminate\\Routing\\Router->dispatch(Object(Illuminate\\Http\\Request))
#35 C:\\Users\\ana.abrantes\\Desktop\\projetos\\estagiarios\\estagiarios\\vendor\\laravel\\framework\\src\\Illuminate\\Pipeline\\Pipeline.php(141): Illuminate\\Foundation\\Http\\Kernel->Illuminate\\Foundation\\Http\\{closure}(Object(Illuminate\\Http\\Request))
#36 C:\\Users\\ana.abrantes\\Desktop\\projetos\\estagiarios\\estagiarios\\vendor\\laravel\\framework\\src\\Illuminate\\Foundation\\Http\\Middleware\\TransformsRequest.php(21): Illuminate\\Pipeline\\Pipeline->Illuminate\\Pipeline\\{closure}(Object(Illuminate\\Http\\Request))
#37 C:\\Users\\ana.abrantes\\Desktop\\projetos\\estagiarios\\estagiarios\\vendor\\laravel\\framework\\src\\Illuminate\\Foundation\\Http\\Middleware\\ConvertEmptyStringsToNull.php(31): Illuminate\\Foundation\\Http\\Middleware\\TransformsRequest->handle(Object(Illuminate\\Http\\Request), Object(Closure))
#38 C:\\Users\\ana.abrantes\\Desktop\\projetos\\estagiarios\\estagiarios\\vendor\\laravel\\framework\\src\\Illuminate\\Pipeline\\Pipeline.php(180): Illuminate\\Foundation\\Http\\Middleware\\ConvertEmptyStringsToNull->handle(Object(Illuminate\\Http\\Request), Object(Closure))
#39 C:\\Users\\ana.abrantes\\Desktop\\projetos\\estagiarios\\estagiarios\\vendor\\laravel\\framework\\src\\Illuminate\\Foundation\\Http\\Middleware\\TransformsRequest.php(21): Illuminate\\Pipeline\\Pipeline->Illuminate\\Pipeline\\{closure}(Object(Illuminate\\Http\\Request))
#40 C:\\Users\\ana.abrantes\\Desktop\\projetos\\estagiarios\\estagiarios\\vendor\\laravel\\framework\\src\\Illuminate\\Foundation\\Http\\Middleware\\TrimStrings.php(40): Illuminate\\Foundation\\Http\\Middleware\\TransformsRequest->handle(Object(Illuminate\\Http\\Request), Object(Closure))
#41 C:\\Users\\ana.abrantes\\Desktop\\projetos\\estagiarios\\estagiarios\\vendor\\laravel\\framework\\src\\Illuminate\\Pipeline\\Pipeline.php(180): Illuminate\\Foundation\\Http\\Middleware\\TrimStrings->handle(Object(Illuminate\\Http\\Request), Object(Closure))
#42 C:\\Users\\ana.abrantes\\Desktop\\projetos\\estagiarios\\estagiarios\\vendor\\laravel\\framework\\src\\Illuminate\\Foundation\\Http\\Middleware\\ValidatePostSize.php(27): Illuminate\\Pipeline\\Pipeline->Illuminate\\Pipeline\\{closure}(Object(Illuminate\\Http\\Request))
#43 C:\\Users\\ana.abrantes\\Desktop\\projetos\\estagiarios\\estagiarios\\vendor\\laravel\\framework\\src\\Illuminate\\Pipeline\\Pipeline.php(180): Illuminate\\Foundation\\Http\\Middleware\\ValidatePostSize->handle(Object(Illuminate\\Http\\Request), Object(Closure))
#44 C:\\Users\\ana.abrantes\\Desktop\\projetos\\estagiarios\\estagiarios\\vendor\\laravel\\framework\\src\\Illuminate\\Foundation\\Http\\Middleware\\PreventRequestsDuringMaintenance.php(86): Illuminate\\Pipeline\\Pipeline->Illuminate\\Pipeline\\{closure}(Object(Illuminate\\Http\\Request))
#45 C:\\Users\\ana.abrantes\\Desktop\\projetos\\estagiarios\\estagiarios\\vendor\\laravel\\framework\\src\\Illuminate\\Pipeline\\Pipeline.php(180): Illuminate\\Foundation\\Http\\Middleware\\PreventRequestsDuringMaintenance->handle(Object(Illuminate\\Http\\Request), Object(Closure))
#46 C:\\Users\\ana.abrantes\\Desktop\\projetos\\estagiarios\\estagiarios\\vendor\\laravel\\framework\\src\\Illuminate\\Http\\Middleware\\HandleCors.php(49): Illuminate\\Pipeline\\Pipeline->Illuminate\\Pipeline\\{closure}(Object(Illuminate\\Http\\Request))
#47 C:\\Users\\ana.abrantes\\Desktop\\projetos\\estagiarios\\estagiarios\\vendor\\laravel\\framework\\src\\Illuminate\\Pipeline\\Pipeline.php(180): Illuminate\\Http\\Middleware\\HandleCors->handle(Object(Illuminate\\Http\\Request), Object(Closure))
#48 C:\\Users\\ana.abrantes\\Desktop\\projetos\\estagiarios\\estagiarios\\vendor\\laravel\\framework\\src\\Illuminate\\Http\\Middleware\\TrustProxies.php(39): Illuminate\\Pipeline\\Pipeline->Illuminate\\Pipeline\\{closure}(Object(Illuminate\\Http\\Request))
#49 C:\\Users\\ana.abrantes\\Desktop\\projetos\\estagiarios\\estagiarios\\vendor\\laravel\\framework\\src\\Illuminate\\Pipeline\\Pipeline.php(180): Illuminate\\Http\\Middleware\\TrustProxies->handle(Object(Illuminate\\Http\\Request), Object(Closure))
#50 C:\\Users\\ana.abrantes\\Desktop\\projetos\\estagiarios\\estagiarios\\vendor\\laravel\\framework\\src\\Illuminate\\Pipeline\\Pipeline.php(116): Illuminate\\Pipeline\\Pipeline->Illuminate\\Pipeline\\{closure}(Object(Illuminate\\Http\\Request))
#51 C:\\Users\\ana.abrantes\\Desktop\\projetos\\estagiarios\\estagiarios\\vendor\\laravel\\framework\\src\\Illuminate\\Foundation\\Http\\Kernel.php(175): Illuminate\\Pipeline\\Pipeline->then(Object(Closure))
#52 C:\\Users\\ana.abrantes\\Desktop\\projetos\\estagiarios\\estagiarios\\vendor\\laravel\\framework\\src\\Illuminate\\Foundation\\Http\\Kernel.php(144): Illuminate\\Foundation\\Http\\Kernel->sendRequestThroughRouter(Object(Illuminate\\Http\\Request))
#53 C:\\Users\\ana.abrantes\\Desktop\\projetos\\estagiarios\\estagiarios\\public\\index.php(51): Illuminate\\Foundation\\Http\\Kernel->handle(Object(Illuminate\\Http\\Request))
#54 C:\\Users\\ana.abrantes\\Desktop\\projetos\\estagiarios\\estagiarios\\vendor\\laravel\\framework\\src\\Illuminate\\Foundation\\resources\\server.php(16): require_once('C:\\\\Users\\\\ana.ab...')
#55 {main}

[previous exception] [object] (PDOException(code: 0): could not find driver at C:\\Users\\ana.abrantes\\Desktop\\projetos\\estagiarios\\estagiarios\\vendor\\laravel\\framework\\src\\Illuminate\\Database\\Connectors\\Connector.php:65)
[stacktrace]
#0 C:\\Users\\ana.abrantes\\Desktop\\projetos\\estagiarios\\estagiarios\\vendor\\laravel\\framework\\src\\Illuminate\\Database\\Connectors\\Connector.php(65): PDO->__construct('mysql:host=loca...', 'root', Object(SensitiveParameterValue), Array)
#1 C:\\Users\\ana.abrantes\\Desktop\\projetos\\estagiarios\\estagiarios\\vendor\\laravel\\framework\\src\\Illuminate\\Database\\Connectors\\Connector.php(44): Illuminate\\Database\\Connectors\\Connector->createPdoConnection('mysql:host=loca...', 'root', '', Array)
#2 C:\\Users\\ana.abrantes\\Desktop\\projetos\\estagiarios\\estagiarios\\vendor\\laravel\\framework\\src\\Illuminate\\Database\\Connectors\\MySqlConnector.php(24): Illuminate\\Database\\Connectors\\Connector->createConnection('mysql:host=loca...', Array, Array)
#3 C:\\Users\\ana.abrantes\\Desktop\\projetos\\estagiarios\\estagiarios\\vendor\\laravel\\framework\\src\\Illuminate\\Database\\Connectors\\ConnectionFactory.php(184): Illuminate\\Database\\Connectors\\MySqlConnector->connect(Array)
#4 [internal function]: Illuminate\\Database\\Connectors\\ConnectionFactory->Illuminate\\Database\\Connectors\\{closure}()
#5 C:\\Users\\ana.abrantes\\Desktop\\projetos\\estagiarios\\estagiarios\\vendor\\laravel\\framework\\src\\Illuminate\\Database\\Connection.php(1210): call_user_func(Object(Closure))
#6 C:\\Users\\ana.abrantes\\Desktop\\projetos\\estagiarios\\estagiarios\\vendor\\laravel\\framework\\src\\Illuminate\\Database\\Connection.php(1246): Illuminate\\Database\\Connection->getPdo()
#7 C:\\Users\\ana.abrantes\\Desktop\\projetos\\estagiarios\\estagiarios\\vendor\\laravel\\framework\\src\\Illuminate\\Database\\Connection.php(519): Illuminate\\Database\\Connection->getReadPdo()
#8 C:\\Users\\ana.abrantes\\Desktop\\projetos\\estagiarios\\estagiarios\\vendor\\laravel\\framework\\src\\Illuminate\\Database\\Connection.php(414): Illuminate\\Database\\Connection->getPdoForSelect(true)
#9 C:\\Users\\ana.abrantes\\Desktop\\projetos\\estagiarios\\estagiarios\\vendor\\laravel\\framework\\src\\Illuminate\\Database\\Connection.php(786): Illuminate\\Database\\Connection->Illuminate\\Database\\{closure}('select * from `...', Array)
#10 C:\\Users\\ana.abrantes\\Desktop\\projetos\\estagiarios\\estagiarios\\vendor\\laravel\\framework\\src\\Illuminate\\Database\\Connection.php(753): Illuminate\\Database\\Connection->runQueryCallback('select * from `...', Array, Object(Closure))
#11 C:\\Users\\ana.abrantes\\Desktop\\projetos\\estagiarios\\estagiarios\\vendor\\laravel\\framework\\src\\Illuminate\\Database\\Connection.php(405): Illuminate\\Database\\Connection->run('select * from `...', Array, Object(Closure))
#12 C:\\Users\\ana.abrantes\\Desktop\\projetos\\estagiarios\\estagiarios\\vendor\\laravel\\framework\\src\\Illuminate\\Database\\Query\\Builder.php(2718): Illuminate\\Database\\Connection->select('select * from `...', Array, true)
#13 C:\\Users\\ana.abrantes\\Desktop\\projetos\\estagiarios\\estagiarios\\vendor\\laravel\\framework\\src\\Illuminate\\Database\\Query\\Builder.php(2707): Illuminate\\Database\\Query\\Builder->runSelect()
#14 C:\\Users\\ana.abrantes\\Desktop\\projetos\\estagiarios\\estagiarios\\vendor\\laravel\\framework\\src\\Illuminate\\Database\\Query\\Builder.php(3248): Illuminate\\Database\\Query\\Builder->Illuminate\\Database\\Query\\{closure}()
#15 C:\\Users\\ana.abrantes\\Desktop\\projetos\\estagiarios\\estagiarios\\vendor\\laravel\\framework\\src\\Illuminate\\Database\\Query\\Builder.php(2706): Illuminate\\Database\\Query\\Builder->onceWithColumns(Array, Object(Closure))
#16 C:\\Users\\ana.abrantes\\Desktop\\projetos\\estagiarios\\estagiarios\\vendor\\laravel\\framework\\src\\Illuminate\\Database\\Eloquent\\Builder.php(717): Illuminate\\Database\\Query\\Builder->get(Array)
#17 C:\\Users\\ana.abrantes\\Desktop\\projetos\\estagiarios\\estagiarios\\vendor\\laravel\\framework\\src\\Illuminate\\Database\\Eloquent\\Builder.php(701): Illuminate\\Database\\Eloquent\\Builder->getModels(Array)
#18 C:\\Users\\ana.abrantes\\Desktop\\projetos\\estagiarios\\estagiarios\\vendor\\laravel\\framework\\src\\Illuminate\\Database\\Eloquent\\Model.php(674): Illuminate\\Database\\Eloquent\\Builder->get(Array)
#19 C:\\Users\\ana.abrantes\\Desktop\\projetos\\estagiarios\\estagiarios\\app\\Http\\Controllers\\EstagiarioController.php(14): Illuminate\\Database\\Eloquent\\Model::all()
#20 C:\\Users\\ana.abrantes\\Desktop\\projetos\\estagiarios\\estagiarios\\vendor\\laravel\\framework\\src\\Illuminate\\Routing\\Controller.php(54): App\\Http\\Controllers\\EstagiarioController->index()
#21 C:\\Users\\ana.abrantes\\Desktop\\projetos\\estagiarios\\estagiarios\\vendor\\laravel\\framework\\src\\Illuminate\\Routing\\ControllerDispatcher.php(43): Illuminate\\Routing\\Controller->callAction('index', Array)
#22 C:\\Users\\ana.abrantes\\Desktop\\projetos\\estagiarios\\estagiarios\\vendor\\laravel\\framework\\src\\Illuminate\\Routing\\Route.php(259): Illuminate\\Routing\\ControllerDispatcher->dispatch(Object(Illuminate\\Routing\\Route), Object(App\\Http\\Controllers\\EstagiarioController), 'index')
#23 C:\\Users\\ana.abrantes\\Desktop\\projetos\\estagiarios\\estagiarios\\vendor\\laravel\\framework\\src\\Illuminate\\Routing\\Route.php(205): Illuminate\\Routing\\Route->runController()
#24 C:\\Users\\ana.abrantes\\Desktop\\projetos\\estagiarios\\estagiarios\\vendor\\laravel\\framework\\src\\Illuminate\\Routing\\Router.php(798): Illuminate\\Routing\\Route->run()
#25 C:\\Users\\ana.abrantes\\Desktop\\projetos\\estagiarios\\estagiarios\\vendor\\laravel\\framework\\src\\Illuminate\\Pipeline\\Pipeline.php(141): Illuminate\\Routing\\Router->Illuminate\\Routing\\{closure}(Object(Illuminate\\Http\\Request))
#26 C:\\Users\\ana.abrantes\\Desktop\\projetos\\estagiarios\\estagiarios\\vendor\\laravel\\framework\\src\\Illuminate\\Routing\\Middleware\\SubstituteBindings.php(50): Illuminate\\Pipeline\\Pipeline->Illuminate\\Pipeline\\{closure}(Object(Illuminate\\Http\\Request))
#27 C:\\Users\\ana.abrantes\\Desktop\\projetos\\estagiarios\\estagiarios\\vendor\\laravel\\framework\\src\\Illuminate\\Pipeline\\Pipeline.php(180): Illuminate\\Routing\\Middleware\\SubstituteBindings->handle(Object(Illuminate\\Http\\Request), Object(Closure))
#28 C:\\Users\\ana.abrantes\\Desktop\\projetos\\estagiarios\\estagiarios\\vendor\\laravel\\framework\\src\\Illuminate\\Foundation\\Http\\Middleware\\VerifyCsrfToken.php(78): Illuminate\\Pipeline\\Pipeline->Illuminate\\Pipeline\\{closure}(Object(Illuminate\\Http\\Request))
#29 C:\\Users\\ana.abrantes\\Desktop\\projetos\\estagiarios\\estagiarios\\vendor\\laravel\\framework\\src\\Illuminate\\Pipeline\\Pipeline.php(180): Illuminate\\Foundation\\Http\\Middleware\\VerifyCsrfToken->handle(Object(Illuminate\\Http\\Request), Object(Closure))
#30 C:\\Users\\ana.abrantes\\Desktop\\projetos\\estagiarios\\estagiarios\\vendor\\laravel\\framework\\src\\Illuminate\\View\\Middleware\\ShareErrorsFromSession.php(49): Illuminate\\Pipeline\\Pipeline->Illuminate\\Pipeline\\{closure}(Object(Illuminate\\Http\\Request))
#31 C:\\Users\\ana.abrantes\\Desktop\\projetos\\estagiarios\\estagiarios\\vendor\\laravel\\framework\\src\\Illuminate\\Pipeline\\Pipeline.php(180): Illuminate\\View\\Middleware\\ShareErrorsFromSession->handle(Object(Illuminate\\Http\\Request), Object(Closure))
#32 C:\\Users\\ana.abrantes\\Desktop\\projetos\\estagiarios\\estagiarios\\vendor\\laravel\\framework\\src\\Illuminate\\Session\\Middleware\\StartSession.php(121): Illuminate\\Pipeline\\Pipeline->Illuminate\\Pipeline\\{closure}(Object(Illuminate\\Http\\Request))
#33 C:\\Users\\ana.abrantes\\Desktop\\projetos\\estagiarios\\estagiarios\\vendor\\laravel\\framework\\src\\Illuminate\\Session\\Middleware\\StartSession.php(64): Illuminate\\Session\\Middleware\\StartSession->handleStatefulRequest(Object(Illuminate\\Http\\Request), Object(Illuminate\\Session\\Store), Object(Closure))
#34 C:\\Users\\ana.abrantes\\Desktop\\projetos\\estagiarios\\estagiarios\\vendor\\laravel\\framework\\src\\Illuminate\\Pipeline\\Pipeline.php(180): Illuminate\\Session\\Middleware\\StartSession->handle(Object(Illuminate\\Http\\Request), Object(Closure))
#35 C:\\Users\\ana.abrantes\\Desktop\\projetos\\estagiarios\\estagiarios\\vendor\\laravel\\framework\\src\\Illuminate\\Cookie\\Middleware\\AddQueuedCookiesToResponse.php(37): Illuminate\\Pipeline\\Pipeline->Illuminate\\Pipeline\\{closure}(Object(Illuminate\\Http\\Request))
#36 C:\\Users\\ana.abrantes\\Desktop\\projetos\\estagiarios\\estagiarios\\vendor\\laravel\\framework\\src\\Illuminate\\Pipeline\\Pipeline.php(180): Illuminate\\Cookie\\Middleware\\AddQueuedCookiesToResponse->handle(Object(Illuminate\\Http\\Request), Object(Closure))
#37 C:\\Users\\ana.abrantes\\Desktop\\projetos\\estagiarios\\estagiarios\\vendor\\laravel\\framework\\src\\Illuminate\\Cookie\\Middleware\\EncryptCookies.php(67): Illuminate\\Pipeline\\Pipeline->Illuminate\\Pipeline\\{closure}(Object(Illuminate\\Http\\Request))
#38 C:\\Users\\ana.abrantes\\Desktop\\projetos\\estagiarios\\estagiarios\\vendor\\laravel\\framework\\src\\Illuminate\\Pipeline\\Pipeline.php(180): Illuminate\\Cookie\\Middleware\\EncryptCookies->handle(Object(Illuminate\\Http\\Request), Object(Closure))
#39 C:\\Users\\ana.abrantes\\Desktop\\projetos\\estagiarios\\estagiarios\\vendor\\laravel\\framework\\src\\Illuminate\\Pipeline\\Pipeline.php(116): Illuminate\\Pipeline\\Pipeline->Illuminate\\Pipeline\\{closure}(Object(Illuminate\\Http\\Request))
#40 C:\\Users\\ana.abrantes\\Desktop\\projetos\\estagiarios\\estagiarios\\vendor\\laravel\\framework\\src\\Illuminate\\Routing\\Router.php(797): Illuminate\\Pipeline\\Pipeline->then(Object(Closure))
#41 C:\\Users\\ana.abrantes\\Desktop\\projetos\\estagiarios\\estagiarios\\vendor\\laravel\\framework\\src\\Illuminate\\Routing\\Router.php(776): Illuminate\\Routing\\Router->runRouteWithinStack(Object(Illuminate\\Routing\\Route), Object(Illuminate\\Http\\Request))
#42 C:\\Users\\ana.abrantes\\Desktop\\projetos\\estagiarios\\estagiarios\\vendor\\laravel\\framework\\src\\Illuminate\\Routing\\Router.php(740): Illuminate\\Routing\\Router->runRoute(Object(Illuminate\\Http\\Request), Object(Illuminate\\Routing\\Route))
#43 C:\\Users\\ana.abrantes\\Desktop\\projetos\\estagiarios\\estagiarios\\vendor\\laravel\\framework\\src\\Illuminate\\Routing\\Router.php(729): Illuminate\\Routing\\Router->dispatchToRoute(Object(Illuminate\\Http\\Request))
#44 C:\\Users\\ana.abrantes\\Desktop\\projetos\\estagiarios\\estagiarios\\vendor\\laravel\\framework\\src\\Illuminate\\Foundation\\Http\\Kernel.php(200): Illuminate\\Routing\\Router->dispatch(Object(Illuminate\\Http\\Request))
#45 C:\\Users\\ana.abrantes\\Desktop\\projetos\\estagiarios\\estagiarios\\vendor\\laravel\\framework\\src\\Illuminate\\Pipeline\\Pipeline.php(141): Illuminate\\Foundation\\Http\\Kernel->Illuminate\\Foundation\\Http\\{closure}(Object(Illuminate\\Http\\Request))
#46 C:\\Users\\ana.abrantes\\Desktop\\projetos\\estagiarios\\estagiarios\\vendor\\laravel\\framework\\src\\Illuminate\\Foundation\\Http\\Middleware\\TransformsRequest.php(21): Illuminate\\Pipeline\\Pipeline->Illuminate\\Pipeline\\{closure}(Object(Illuminate\\Http\\Request))
#47 C:\\Users\\ana.abrantes\\Desktop\\projetos\\estagiarios\\estagiarios\\vendor\\laravel\\framework\\src\\Illuminate\\Foundation\\Http\\Middleware\\ConvertEmptyStringsToNull.php(31): Illuminate\\Foundation\\Http\\Middleware\\TransformsRequest->handle(Object(Illuminate\\Http\\Request), Object(Closure))
#48 C:\\Users\\ana.abrantes\\Desktop\\projetos\\estagiarios\\estagiarios\\vendor\\laravel\\framework\\src\\Illuminate\\Pipeline\\Pipeline.php(180): Illuminate\\Foundation\\Http\\Middleware\\ConvertEmptyStringsToNull->handle(Object(Illuminate\\Http\\Request), Object(Closure))
#49 C:\\Users\\ana.abrantes\\Desktop\\projetos\\estagiarios\\estagiarios\\vendor\\laravel\\framework\\src\\Illuminate\\Foundation\\Http\\Middleware\\TransformsRequest.php(21): Illuminate\\Pipeline\\Pipeline->Illuminate\\Pipeline\\{closure}(Object(Illuminate\\Http\\Request))
#50 C:\\Users\\ana.abrantes\\Desktop\\projetos\\estagiarios\\estagiarios\\vendor\\laravel\\framework\\src\\Illuminate\\Foundation\\Http\\Middleware\\TrimStrings.php(40): Illuminate\\Foundation\\Http\\Middleware\\TransformsRequest->handle(Object(Illuminate\\Http\\Request), Object(Closure))
#51 C:\\Users\\ana.abrantes\\Desktop\\projetos\\estagiarios\\estagiarios\\vendor\\laravel\\framework\\src\\Illuminate\\Pipeline\\Pipeline.php(180): Illuminate\\Foundation\\Http\\Middleware\\TrimStrings->handle(Object(Illuminate\\Http\\Request), Object(Closure))
#52 C:\\Users\\ana.abrantes\\Desktop\\projetos\\estagiarios\\estagiarios\\vendor\\laravel\\framework\\src\\Illuminate\\Foundation\\Http\\Middleware\\ValidatePostSize.php(27): Illuminate\\Pipeline\\Pipeline->Illuminate\\Pipeline\\{closure}(Object(Illuminate\\Http\\Request))
#53 C:\\Users\\ana.abrantes\\Desktop\\projetos\\estagiarios\\estagiarios\\vendor\\laravel\\framework\\src\\Illuminate\\Pipeline\\Pipeline.php(180): Illuminate\\Foundation\\Http\\Middleware\\ValidatePostSize->handle(Object(Illuminate\\Http\\Request), Object(Closure))
#54 C:\\Users\\ana.abrantes\\Desktop\\projetos\\estagiarios\\estagiarios\\vendor\\laravel\\framework\\src\\Illuminate\\Foundation\\Http\\Middleware\\PreventRequestsDuringMaintenance.php(86): Illuminate\\Pipeline\\Pipeline->Illuminate\\Pipeline\\{closure}(Object(Illuminate\\Http\\Request))
#55 C:\\Users\\ana.abrantes\\Desktop\\projetos\\estagiarios\\estagiarios\\vendor\\laravel\\framework\\src\\Illuminate\\Pipeline\\Pipeline.php(180): Illuminate\\Foundation\\Http\\Middleware\\PreventRequestsDuringMaintenance->handle(Object(Illuminate\\Http\\Request), Object(Closure))
#56 C:\\Users\\ana.abrantes\\Desktop\\projetos\\estagiarios\\estagiarios\\vendor\\laravel\\framework\\src\\Illuminate\\Http\\Middleware\\HandleCors.php(49): Illuminate\\Pipeline\\Pipeline->Illuminate\\Pipeline\\{closure}(Object(Illuminate\\Http\\Request))
#57 C:\\Users\\ana.abrantes\\Desktop\\projetos\\estagiarios\\estagiarios\\vendor\\laravel\\framework\\src\\Illuminate\\Pipeline\\Pipeline.php(180): Illuminate\\Http\\Middleware\\HandleCors->handle(Object(Illuminate\\Http\\Request), Object(Closure))
#58 C:\\Users\\ana.abrantes\\Desktop\\projetos\\estagiarios\\estagiarios\\vendor\\laravel\\framework\\src\\Illuminate\\Http\\Middleware\\TrustProxies.php(39): Illuminate\\Pipeline\\Pipeline->Illuminate\\Pipeline\\{closure}(Object(Illuminate\\Http\\Request))
#59 C:\\Users\\ana.abrantes\\Desktop\\projetos\\estagiarios\\estagiarios\\vendor\\laravel\\framework\\src\\Illuminate\\Pipeline\\Pipeline.php(180): Illuminate\\Http\\Middleware\\TrustProxies->handle(Object(Illuminate\\Http\\Request), Object(Closure))
#60 C:\\Users\\ana.abrantes\\Desktop\\projetos\\estagiarios\\estagiarios\\vendor\\laravel\\framework\\src\\Illuminate\\Pipeline\\Pipeline.php(116): Illuminate\\Pipeline\\Pipeline->Illuminate\\Pipeline\\{closure}(Object(Illuminate\\Http\\Request))
#61 C:\\Users\\ana.abrantes\\Desktop\\projetos\\estagiarios\\estagiarios\\vendor\\laravel\\framework\\src\\Illuminate\\Foundation\\Http\\Kernel.php(175): Illuminate\\Pipeline\\Pipeline->then(Object(Closure))
#62 C:\\Users\\ana.abrantes\\Desktop\\projetos\\estagiarios\\estagiarios\\vendor\\laravel\\framework\\src\\Illuminate\\Foundation\\Http\\Kernel.php(144): Illuminate\\Foundation\\Http\\Kernel->sendRequestThroughRouter(Object(Illuminate\\Http\\Request))
#63 C:\\Users\\ana.abrantes\\Desktop\\projetos\\estagiarios\\estagiarios\\public\\index.php(51): Illuminate\\Foundation\\Http\\Kernel->handle(Object(Illuminate\\Http\\Request))
#64 C:\\Users\\ana.abrantes\\Desktop\\projetos\\estagiarios\\estagiarios\\vendor\\laravel\\framework\\src\\Illuminate\\Foundation\\resources\\server.php(16): require_once('C:\\\\Users\\\\ana.ab...')
#65 {main}
"} 
[2023-06-16 12:05:15] local.ERROR: could not find driver (Connection: mysql, SQL: select * from `estagiarios`) {"exception":"[object] (Illuminate\\Database\\QueryException(code: 0): could not find driver (Connection: mysql, SQL: select * from `estagiarios`) at C:\\Users\\ana.abrantes\\Desktop\\projetos\\estagiarios\\estagiarios\\vendor\\laravel\\framework\\src\\Illuminate\\Database\\Connection.php:793)
[stacktrace]
#0 C:\\Users\\ana.abrantes\\Desktop\\projetos\\estagiarios\\estagiarios\\vendor\\laravel\\framework\\src\\Illuminate\\Database\\Connection.php(753): Illuminate\\Database\\Connection->runQueryCallback('select * from `...', Array, Object(Closure))
#1 C:\\Users\\ana.abrantes\\Desktop\\projetos\\estagiarios\\estagiarios\\vendor\\laravel\\framework\\src\\Illuminate\\Database\\Connection.php(405): Illuminate\\Database\\Connection->run('select * from `...', Array, Object(Closure))
#2 C:\\Users\\ana.abrantes\\Desktop\\projetos\\estagiarios\\estagiarios\\vendor\\laravel\\framework\\src\\Illuminate\\Database\\Query\\Builder.php(2718): Illuminate\\Database\\Connection->select('select * from `...', Array, true)
#3 C:\\Users\\ana.abrantes\\Desktop\\projetos\\estagiarios\\estagiarios\\vendor\\laravel\\framework\\src\\Illuminate\\Database\\Query\\Builder.php(2707): Illuminate\\Database\\Query\\Builder->runSelect()
#4 C:\\Users\\ana.abrantes\\Desktop\\projetos\\estagiarios\\estagiarios\\vendor\\laravel\\framework\\src\\Illuminate\\Database\\Query\\Builder.php(3248): Illuminate\\Database\\Query\\Builder->Illuminate\\Database\\Query\\{closure}()
#5 C:\\Users\\ana.abrantes\\Desktop\\projetos\\estagiarios\\estagiarios\\vendor\\laravel\\framework\\src\\Illuminate\\Database\\Query\\Builder.php(2706): Illuminate\\Database\\Query\\Builder->onceWithColumns(Array, Object(Closure))
#6 C:\\Users\\ana.abrantes\\Desktop\\projetos\\estagiarios\\estagiarios\\vendor\\laravel\\framework\\src\\Illuminate\\Database\\Eloquent\\Builder.php(717): Illuminate\\Database\\Query\\Builder->get(Array)
#7 C:\\Users\\ana.abrantes\\Desktop\\projetos\\estagiarios\\estagiarios\\vendor\\laravel\\framework\\src\\Illuminate\\Database\\Eloquent\\Builder.php(701): Illuminate\\Database\\Eloquent\\Builder->getModels(Array)
#8 C:\\Users\\ana.abrantes\\Desktop\\projetos\\estagiarios\\estagiarios\\vendor\\laravel\\framework\\src\\Illuminate\\Database\\Eloquent\\Model.php(674): Illuminate\\Database\\Eloquent\\Builder->get(Array)
#9 C:\\Users\\ana.abrantes\\Desktop\\projetos\\estagiarios\\estagiarios\\app\\Http\\Controllers\\EstagiarioController.php(14): Illuminate\\Database\\Eloquent\\Model::all()
#10 C:\\Users\\ana.abrantes\\Desktop\\projetos\\estagiarios\\estagiarios\\vendor\\laravel\\framework\\src\\Illuminate\\Routing\\Controller.php(54): App\\Http\\Controllers\\EstagiarioController->index()
#11 C:\\Users\\ana.abrantes\\Desktop\\projetos\\estagiarios\\estagiarios\\vendor\\laravel\\framework\\src\\Illuminate\\Routing\\ControllerDispatcher.php(43): Illuminate\\Routing\\Controller->callAction('index', Array)
#12 C:\\Users\\ana.abrantes\\Desktop\\projetos\\estagiarios\\estagiarios\\vendor\\laravel\\framework\\src\\Illuminate\\Routing\\Route.php(259): Illuminate\\Routing\\ControllerDispatcher->dispatch(Object(Illuminate\\Routing\\Route), Object(App\\Http\\Controllers\\EstagiarioController), 'index')
#13 C:\\Users\\ana.abrantes\\Desktop\\projetos\\estagiarios\\estagiarios\\vendor\\laravel\\framework\\src\\Illuminate\\Routing\\Route.php(205): Illuminate\\Routing\\Route->runController()
#14 C:\\Users\\ana.abrantes\\Desktop\\projetos\\estagiarios\\estagiarios\\vendor\\laravel\\framework\\src\\Illuminate\\Routing\\Router.php(798): Illuminate\\Routing\\Route->run()
#15 C:\\Users\\ana.abrantes\\Desktop\\projetos\\estagiarios\\estagiarios\\vendor\\laravel\\framework\\src\\Illuminate\\Pipeline\\Pipeline.php(141): Illuminate\\Routing\\Router->Illuminate\\Routing\\{closure}(Object(Illuminate\\Http\\Request))
#16 C:\\Users\\ana.abrantes\\Desktop\\projetos\\estagiarios\\estagiarios\\vendor\\laravel\\framework\\src\\Illuminate\\Routing\\Middleware\\SubstituteBindings.php(50): Illuminate\\Pipeline\\Pipeline->Illuminate\\Pipeline\\{closure}(Object(Illuminate\\Http\\Request))
#17 C:\\Users\\ana.abrantes\\Desktop\\projetos\\estagiarios\\estagiarios\\vendor\\laravel\\framework\\src\\Illuminate\\Pipeline\\Pipeline.php(180): Illuminate\\Routing\\Middleware\\SubstituteBindings->handle(Object(Illuminate\\Http\\Request), Object(Closure))
#18 C:\\Users\\ana.abrantes\\Desktop\\projetos\\estagiarios\\estagiarios\\vendor\\laravel\\framework\\src\\Illuminate\\Foundation\\Http\\Middleware\\VerifyCsrfToken.php(78): Illuminate\\Pipeline\\Pipeline->Illuminate\\Pipeline\\{closure}(Object(Illuminate\\Http\\Request))
#19 C:\\Users\\ana.abrantes\\Desktop\\projetos\\estagiarios\\estagiarios\\vendor\\laravel\\framework\\src\\Illuminate\\Pipeline\\Pipeline.php(180): Illuminate\\Foundation\\Http\\Middleware\\VerifyCsrfToken->handle(Object(Illuminate\\Http\\Request), Object(Closure))
#20 C:\\Users\\ana.abrantes\\Desktop\\projetos\\estagiarios\\estagiarios\\vendor\\laravel\\framework\\src\\Illuminate\\View\\Middleware\\ShareErrorsFromSession.php(49): Illuminate\\Pipeline\\Pipeline->Illuminate\\Pipeline\\{closure}(Object(Illuminate\\Http\\Request))
#21 C:\\Users\\ana.abrantes\\Desktop\\projetos\\estagiarios\\estagiarios\\vendor\\laravel\\framework\\src\\Illuminate\\Pipeline\\Pipeline.php(180): Illuminate\\View\\Middleware\\ShareErrorsFromSession->handle(Object(Illuminate\\Http\\Request), Object(Closure))
#22 C:\\Users\\ana.abrantes\\Desktop\\projetos\\estagiarios\\estagiarios\\vendor\\laravel\\framework\\src\\Illuminate\\Session\\Middleware\\StartSession.php(121): Illuminate\\Pipeline\\Pipeline->Illuminate\\Pipeline\\{closure}(Object(Illuminate\\Http\\Request))
#23 C:\\Users\\ana.abrantes\\Desktop\\projetos\\estagiarios\\estagiarios\\vendor\\laravel\\framework\\src\\Illuminate\\Session\\Middleware\\StartSession.php(64): Illuminate\\Session\\Middleware\\StartSession->handleStatefulRequest(Object(Illuminate\\Http\\Request), Object(Illuminate\\Session\\Store), Object(Closure))
#24 C:\\Users\\ana.abrantes\\Desktop\\projetos\\estagiarios\\estagiarios\\vendor\\laravel\\framework\\src\\Illuminate\\Pipeline\\Pipeline.php(180): Illuminate\\Session\\Middleware\\StartSession->handle(Object(Illuminate\\Http\\Request), Object(Closure))
#25 C:\\Users\\ana.abrantes\\Desktop\\projetos\\estagiarios\\estagiarios\\vendor\\laravel\\framework\\src\\Illuminate\\Cookie\\Middleware\\AddQueuedCookiesToResponse.php(37): Illuminate\\Pipeline\\Pipeline->Illuminate\\Pipeline\\{closure}(Object(Illuminate\\Http\\Request))
#26 C:\\Users\\ana.abrantes\\Desktop\\projetos\\estagiarios\\estagiarios\\vendor\\laravel\\framework\\src\\Illuminate\\Pipeline\\Pipeline.php(180): Illuminate\\Cookie\\Middleware\\AddQueuedCookiesToResponse->handle(Object(Illuminate\\Http\\Request), Object(Closure))
#27 C:\\Users\\ana.abrantes\\Desktop\\projetos\\estagiarios\\estagiarios\\vendor\\laravel\\framework\\src\\Illuminate\\Cookie\\Middleware\\EncryptCookies.php(67): Illuminate\\Pipeline\\Pipeline->Illuminate\\Pipeline\\{closure}(Object(Illuminate\\Http\\Request))
#28 C:\\Users\\ana.abrantes\\Desktop\\projetos\\estagiarios\\estagiarios\\vendor\\laravel\\framework\\src\\Illuminate\\Pipeline\\Pipeline.php(180): Illuminate\\Cookie\\Middleware\\EncryptCookies->handle(Object(Illuminate\\Http\\Request), Object(Closure))
#29 C:\\Users\\ana.abrantes\\Desktop\\projetos\\estagiarios\\estagiarios\\vendor\\laravel\\framework\\src\\Illuminate\\Pipeline\\Pipeline.php(116): Illuminate\\Pipeline\\Pipeline->Illuminate\\Pipeline\\{closure}(Object(Illuminate\\Http\\Request))
#30 C:\\Users\\ana.abrantes\\Desktop\\projetos\\estagiarios\\estagiarios\\vendor\\laravel\\framework\\src\\Illuminate\\Routing\\Router.php(797): Illuminate\\Pipeline\\Pipeline->then(Object(Closure))
#31 C:\\Users\\ana.abrantes\\Desktop\\projetos\\estagiarios\\estagiarios\\vendor\\laravel\\framework\\src\\Illuminate\\Routing\\Router.php(776): Illuminate\\Routing\\Router->runRouteWithinStack(Object(Illuminate\\Routing\\Route), Object(Illuminate\\Http\\Request))
#32 C:\\Users\\ana.abrantes\\Desktop\\projetos\\estagiarios\\estagiarios\\vendor\\laravel\\framework\\src\\Illuminate\\Routing\\Router.php(740): Illuminate\\Routing\\Router->runRoute(Object(Illuminate\\Http\\Request), Object(Illuminate\\Routing\\Route))
#33 C:\\Users\\ana.abrantes\\Desktop\\projetos\\estagiarios\\estagiarios\\vendor\\laravel\\framework\\src\\Illuminate\\Routing\\Router.php(729): Illuminate\\Routing\\Router->dispatchToRoute(Object(Illuminate\\Http\\Request))
#34 C:\\Users\\ana.abrantes\\Desktop\\projetos\\estagiarios\\estagiarios\\vendor\\laravel\\framework\\src\\Illuminate\\Foundation\\Http\\Kernel.php(200): Illuminate\\Routing\\Router->dispatch(Object(Illuminate\\Http\\Request))
#35 C:\\Users\\ana.abrantes\\Desktop\\projetos\\estagiarios\\estagiarios\\vendor\\laravel\\framework\\src\\Illuminate\\Pipeline\\Pipeline.php(141): Illuminate\\Foundation\\Http\\Kernel->Illuminate\\Foundation\\Http\\{closure}(Object(Illuminate\\Http\\Request))
#36 C:\\Users\\ana.abrantes\\Desktop\\projetos\\estagiarios\\estagiarios\\vendor\\laravel\\framework\\src\\Illuminate\\Foundation\\Http\\Middleware\\TransformsRequest.php(21): Illuminate\\Pipeline\\Pipeline->Illuminate\\Pipeline\\{closure}(Object(Illuminate\\Http\\Request))
#37 C:\\Users\\ana.abrantes\\Desktop\\projetos\\estagiarios\\estagiarios\\vendor\\laravel\\framework\\src\\Illuminate\\Foundation\\Http\\Middleware\\ConvertEmptyStringsToNull.php(31): Illuminate\\Foundation\\Http\\Middleware\\TransformsRequest->handle(Object(Illuminate\\Http\\Request), Object(Closure))
#38 C:\\Users\\ana.abrantes\\Desktop\\projetos\\estagiarios\\estagiarios\\vendor\\laravel\\framework\\src\\Illuminate\\Pipeline\\Pipeline.php(180): Illuminate\\Foundation\\Http\\Middleware\\ConvertEmptyStringsToNull->handle(Object(Illuminate\\Http\\Request), Object(Closure))
#39 C:\\Users\\ana.abrantes\\Desktop\\projetos\\estagiarios\\estagiarios\\vendor\\laravel\\framework\\src\\Illuminate\\Foundation\\Http\\Middleware\\TransformsRequest.php(21): Illuminate\\Pipeline\\Pipeline->Illuminate\\Pipeline\\{closure}(Object(Illuminate\\Http\\Request))
#40 C:\\Users\\ana.abrantes\\Desktop\\projetos\\estagiarios\\estagiarios\\vendor\\laravel\\framework\\src\\Illuminate\\Foundation\\Http\\Middleware\\TrimStrings.php(40): Illuminate\\Foundation\\Http\\Middleware\\TransformsRequest->handle(Object(Illuminate\\Http\\Request), Object(Closure))
#41 C:\\Users\\ana.abrantes\\Desktop\\projetos\\estagiarios\\estagiarios\\vendor\\laravel\\framework\\src\\Illuminate\\Pipeline\\Pipeline.php(180): Illuminate\\Foundation\\Http\\Middleware\\TrimStrings->handle(Object(Illuminate\\Http\\Request), Object(Closure))
#42 C:\\Users\\ana.abrantes\\Desktop\\projetos\\estagiarios\\estagiarios\\vendor\\laravel\\framework\\src\\Illuminate\\Foundation\\Http\\Middleware\\ValidatePostSize.php(27): Illuminate\\Pipeline\\Pipeline->Illuminate\\Pipeline\\{closure}(Object(Illuminate\\Http\\Request))
#43 C:\\Users\\ana.abrantes\\Desktop\\projetos\\estagiarios\\estagiarios\\vendor\\laravel\\framework\\src\\Illuminate\\Pipeline\\Pipeline.php(180): Illuminate\\Foundation\\Http\\Middleware\\ValidatePostSize->handle(Object(Illuminate\\Http\\Request), Object(Closure))
#44 C:\\Users\\ana.abrantes\\Desktop\\projetos\\estagiarios\\estagiarios\\vendor\\laravel\\framework\\src\\Illuminate\\Foundation\\Http\\Middleware\\PreventRequestsDuringMaintenance.php(86): Illuminate\\Pipeline\\Pipeline->Illuminate\\Pipeline\\{closure}(Object(Illuminate\\Http\\Request))
#45 C:\\Users\\ana.abrantes\\Desktop\\projetos\\estagiarios\\estagiarios\\vendor\\laravel\\framework\\src\\Illuminate\\Pipeline\\Pipeline.php(180): Illuminate\\Foundation\\Http\\Middleware\\PreventRequestsDuringMaintenance->handle(Object(Illuminate\\Http\\Request), Object(Closure))
#46 C:\\Users\\ana.abrantes\\Desktop\\projetos\\estagiarios\\estagiarios\\vendor\\laravel\\framework\\src\\Illuminate\\Http\\Middleware\\HandleCors.php(49): Illuminate\\Pipeline\\Pipeline->Illuminate\\Pipeline\\{closure}(Object(Illuminate\\Http\\Request))
#47 C:\\Users\\ana.abrantes\\Desktop\\projetos\\estagiarios\\estagiarios\\vendor\\laravel\\framework\\src\\Illuminate\\Pipeline\\Pipeline.php(180): Illuminate\\Http\\Middleware\\HandleCors->handle(Object(Illuminate\\Http\\Request), Object(Closure))
#48 C:\\Users\\ana.abrantes\\Desktop\\projetos\\estagiarios\\estagiarios\\vendor\\laravel\\framework\\src\\Illuminate\\Http\\Middleware\\TrustProxies.php(39): Illuminate\\Pipeline\\Pipeline->Illuminate\\Pipeline\\{closure}(Object(Illuminate\\Http\\Request))
#49 C:\\Users\\ana.abrantes\\Desktop\\projetos\\estagiarios\\estagiarios\\vendor\\laravel\\framework\\src\\Illuminate\\Pipeline\\Pipeline.php(180): Illuminate\\Http\\Middleware\\TrustProxies->handle(Object(Illuminate\\Http\\Request), Object(Closure))
#50 C:\\Users\\ana.abrantes\\Desktop\\projetos\\estagiarios\\estagiarios\\vendor\\laravel\\framework\\src\\Illuminate\\Pipeline\\Pipeline.php(116): Illuminate\\Pipeline\\Pipeline->Illuminate\\Pipeline\\{closure}(Object(Illuminate\\Http\\Request))
#51 C:\\Users\\ana.abrantes\\Desktop\\projetos\\estagiarios\\estagiarios\\vendor\\laravel\\framework\\src\\Illuminate\\Foundation\\Http\\Kernel.php(175): Illuminate\\Pipeline\\Pipeline->then(Object(Closure))
#52 C:\\Users\\ana.abrantes\\Desktop\\projetos\\estagiarios\\estagiarios\\vendor\\laravel\\framework\\src\\Illuminate\\Foundation\\Http\\Kernel.php(144): Illuminate\\Foundation\\Http\\Kernel->sendRequestThroughRouter(Object(Illuminate\\Http\\Request))
#53 C:\\Users\\ana.abrantes\\Desktop\\projetos\\estagiarios\\estagiarios\\public\\index.php(51): Illuminate\\Foundation\\Http\\Kernel->handle(Object(Illuminate\\Http\\Request))
#54 C:\\Users\\ana.abrantes\\Desktop\\projetos\\estagiarios\\estagiarios\\vendor\\laravel\\framework\\src\\Illuminate\\Foundation\\resources\\server.php(16): require_once('C:\\\\Users\\\\ana.ab...')
#55 {main}

[previous exception] [object] (PDOException(code: 0): could not find driver at C:\\Users\\ana.abrantes\\Desktop\\projetos\\estagiarios\\estagiarios\\vendor\\laravel\\framework\\src\\Illuminate\\Database\\Connectors\\Connector.php:65)
[stacktrace]
#0 C:\\Users\\ana.abrantes\\Desktop\\projetos\\estagiarios\\estagiarios\\vendor\\laravel\\framework\\src\\Illuminate\\Database\\Connectors\\Connector.php(65): PDO->__construct('mysql:host=loca...', 'root', Object(SensitiveParameterValue), Array)
#1 C:\\Users\\ana.abrantes\\Desktop\\projetos\\estagiarios\\estagiarios\\vendor\\laravel\\framework\\src\\Illuminate\\Database\\Connectors\\Connector.php(44): Illuminate\\Database\\Connectors\\Connector->createPdoConnection('mysql:host=loca...', 'root', '', Array)
#2 C:\\Users\\ana.abrantes\\Desktop\\projetos\\estagiarios\\estagiarios\\vendor\\laravel\\framework\\src\\Illuminate\\Database\\Connectors\\MySqlConnector.php(24): Illuminate\\Database\\Connectors\\Connector->createConnection('mysql:host=loca...', Array, Array)
#3 C:\\Users\\ana.abrantes\\Desktop\\projetos\\estagiarios\\estagiarios\\vendor\\laravel\\framework\\src\\Illuminate\\Database\\Connectors\\ConnectionFactory.php(184): Illuminate\\Database\\Connectors\\MySqlConnector->connect(Array)
#4 [internal function]: Illuminate\\Database\\Connectors\\ConnectionFactory->Illuminate\\Database\\Connectors\\{closure}()
#5 C:\\Users\\ana.abrantes\\Desktop\\projetos\\estagiarios\\estagiarios\\vendor\\laravel\\framework\\src\\Illuminate\\Database\\Connection.php(1210): call_user_func(Object(Closure))
#6 C:\\Users\\ana.abrantes\\Desktop\\projetos\\estagiarios\\estagiarios\\vendor\\laravel\\framework\\src\\Illuminate\\Database\\Connection.php(1246): Illuminate\\Database\\Connection->getPdo()
#7 C:\\Users\\ana.abrantes\\Desktop\\projetos\\estagiarios\\estagiarios\\vendor\\laravel\\framework\\src\\Illuminate\\Database\\Connection.php(519): Illuminate\\Database\\Connection->getReadPdo()
#8 C:\\Users\\ana.abrantes\\Desktop\\projetos\\estagiarios\\estagiarios\\vendor\\laravel\\framework\\src\\Illuminate\\Database\\Connection.php(414): Illuminate\\Database\\Connection->getPdoForSelect(true)
#9 C:\\Users\\ana.abrantes\\Desktop\\projetos\\estagiarios\\estagiarios\\vendor\\laravel\\framework\\src\\Illuminate\\Database\\Connection.php(786): Illuminate\\Database\\Connection->Illuminate\\Database\\{closure}('select * from `...', Array)
#10 C:\\Users\\ana.abrantes\\Desktop\\projetos\\estagiarios\\estagiarios\\vendor\\laravel\\framework\\src\\Illuminate\\Database\\Connection.php(753): Illuminate\\Database\\Connection->runQueryCallback('select * from `...', Array, Object(Closure))
#11 C:\\Users\\ana.abrantes\\Desktop\\projetos\\estagiarios\\estagiarios\\vendor\\laravel\\framework\\src\\Illuminate\\Database\\Connection.php(405): Illuminate\\Database\\Connection->run('select * from `...', Array, Object(Closure))
#12 C:\\Users\\ana.abrantes\\Desktop\\projetos\\estagiarios\\estagiarios\\vendor\\laravel\\framework\\src\\Illuminate\\Database\\Query\\Builder.php(2718): Illuminate\\Database\\Connection->select('select * from `...', Array, true)
#13 C:\\Users\\ana.abrantes\\Desktop\\projetos\\estagiarios\\estagiarios\\vendor\\laravel\\framework\\src\\Illuminate\\Database\\Query\\Builder.php(2707): Illuminate\\Database\\Query\\Builder->runSelect()
#14 C:\\Users\\ana.abrantes\\Desktop\\projetos\\estagiarios\\estagiarios\\vendor\\laravel\\framework\\src\\Illuminate\\Database\\Query\\Builder.php(3248): Illuminate\\Database\\Query\\Builder->Illuminate\\Database\\Query\\{closure}()
#15 C:\\Users\\ana.abrantes\\Desktop\\projetos\\estagiarios\\estagiarios\\vendor\\laravel\\framework\\src\\Illuminate\\Database\\Query\\Builder.php(2706): Illuminate\\Database\\Query\\Builder->onceWithColumns(Array, Object(Closure))
#16 C:\\Users\\ana.abrantes\\Desktop\\projetos\\estagiarios\\estagiarios\\vendor\\laravel\\framework\\src\\Illuminate\\Database\\Eloquent\\Builder.php(717): Illuminate\\Database\\Query\\Builder->get(Array)
#17 C:\\Users\\ana.abrantes\\Desktop\\projetos\\estagiarios\\estagiarios\\vendor\\laravel\\framework\\src\\Illuminate\\Database\\Eloquent\\Builder.php(701): Illuminate\\Database\\Eloquent\\Builder->getModels(Array)
#18 C:\\Users\\ana.abrantes\\Desktop\\projetos\\estagiarios\\estagiarios\\vendor\\laravel\\framework\\src\\Illuminate\\Database\\Eloquent\\Model.php(674): Illuminate\\Database\\Eloquent\\Builder->get(Array)
#19 C:\\Users\\ana.abrantes\\Desktop\\projetos\\estagiarios\\estagiarios\\app\\Http\\Controllers\\EstagiarioController.php(14): Illuminate\\Database\\Eloquent\\Model::all()
#20 C:\\Users\\ana.abrantes\\Desktop\\projetos\\estagiarios\\estagiarios\\vendor\\laravel\\framework\\src\\Illuminate\\Routing\\Controller.php(54): App\\Http\\Controllers\\EstagiarioController->index()
#21 C:\\Users\\ana.abrantes\\Desktop\\projetos\\estagiarios\\estagiarios\\vendor\\laravel\\framework\\src\\Illuminate\\Routing\\ControllerDispatcher.php(43): Illuminate\\Routing\\Controller->callAction('index', Array)
#22 C:\\Users\\ana.abrantes\\Desktop\\projetos\\estagiarios\\estagiarios\\vendor\\laravel\\framework\\src\\Illuminate\\Routing\\Route.php(259): Illuminate\\Routing\\ControllerDispatcher->dispatch(Object(Illuminate\\Routing\\Route), Object(App\\Http\\Controllers\\EstagiarioController), 'index')
#23 C:\\Users\\ana.abrantes\\Desktop\\projetos\\estagiarios\\estagiarios\\vendor\\laravel\\framework\\src\\Illuminate\\Routing\\Route.php(205): Illuminate\\Routing\\Route->runController()
#24 C:\\Users\\ana.abrantes\\Desktop\\projetos\\estagiarios\\estagiarios\\vendor\\laravel\\framework\\src\\Illuminate\\Routing\\Router.php(798): Illuminate\\Routing\\Route->run()
#25 C:\\Users\\ana.abrantes\\Desktop\\projetos\\estagiarios\\estagiarios\\vendor\\laravel\\framework\\src\\Illuminate\\Pipeline\\Pipeline.php(141): Illuminate\\Routing\\Router->Illuminate\\Routing\\{closure}(Object(Illuminate\\Http\\Request))
#26 C:\\Users\\ana.abrantes\\Desktop\\projetos\\estagiarios\\estagiarios\\vendor\\laravel\\framework\\src\\Illuminate\\Routing\\Middleware\\SubstituteBindings.php(50): Illuminate\\Pipeline\\Pipeline->Illuminate\\Pipeline\\{closure}(Object(Illuminate\\Http\\Request))
#27 C:\\Users\\ana.abrantes\\Desktop\\projetos\\estagiarios\\estagiarios\\vendor\\laravel\\framework\\src\\Illuminate\\Pipeline\\Pipeline.php(180): Illuminate\\Routing\\Middleware\\SubstituteBindings->handle(Object(Illuminate\\Http\\Request), Object(Closure))
#28 C:\\Users\\ana.abrantes\\Desktop\\projetos\\estagiarios\\estagiarios\\vendor\\laravel\\framework\\src\\Illuminate\\Foundation\\Http\\Middleware\\VerifyCsrfToken.php(78): Illuminate\\Pipeline\\Pipeline->Illuminate\\Pipeline\\{closure}(Object(Illuminate\\Http\\Request))
#29 C:\\Users\\ana.abrantes\\Desktop\\projetos\\estagiarios\\estagiarios\\vendor\\laravel\\framework\\src\\Illuminate\\Pipeline\\Pipeline.php(180): Illuminate\\Foundation\\Http\\Middleware\\VerifyCsrfToken->handle(Object(Illuminate\\Http\\Request), Object(Closure))
#30 C:\\Users\\ana.abrantes\\Desktop\\projetos\\estagiarios\\estagiarios\\vendor\\laravel\\framework\\src\\Illuminate\\View\\Middleware\\ShareErrorsFromSession.php(49): Illuminate\\Pipeline\\Pipeline->Illuminate\\Pipeline\\{closure}(Object(Illuminate\\Http\\Request))
#31 C:\\Users\\ana.abrantes\\Desktop\\projetos\\estagiarios\\estagiarios\\vendor\\laravel\\framework\\src\\Illuminate\\Pipeline\\Pipeline.php(180): Illuminate\\View\\Middleware\\ShareErrorsFromSession->handle(Object(Illuminate\\Http\\Request), Object(Closure))
#32 C:\\Users\\ana.abrantes\\Desktop\\projetos\\estagiarios\\estagiarios\\vendor\\laravel\\framework\\src\\Illuminate\\Session\\Middleware\\StartSession.php(121): Illuminate\\Pipeline\\Pipeline->Illuminate\\Pipeline\\{closure}(Object(Illuminate\\Http\\Request))
#33 C:\\Users\\ana.abrantes\\Desktop\\projetos\\estagiarios\\estagiarios\\vendor\\laravel\\framework\\src\\Illuminate\\Session\\Middleware\\StartSession.php(64): Illuminate\\Session\\Middleware\\StartSession->handleStatefulRequest(Object(Illuminate\\Http\\Request), Object(Illuminate\\Session\\Store), Object(Closure))
#34 C:\\Users\\ana.abrantes\\Desktop\\projetos\\estagiarios\\estagiarios\\vendor\\laravel\\framework\\src\\Illuminate\\Pipeline\\Pipeline.php(180): Illuminate\\Session\\Middleware\\StartSession->handle(Object(Illuminate\\Http\\Request), Object(Closure))
#35 C:\\Users\\ana.abrantes\\Desktop\\projetos\\estagiarios\\estagiarios\\vendor\\laravel\\framework\\src\\Illuminate\\Cookie\\Middleware\\AddQueuedCookiesToResponse.php(37): Illuminate\\Pipeline\\Pipeline->Illuminate\\Pipeline\\{closure}(Object(Illuminate\\Http\\Request))
#36 C:\\Users\\ana.abrantes\\Desktop\\projetos\\estagiarios\\estagiarios\\vendor\\laravel\\framework\\src\\Illuminate\\Pipeline\\Pipeline.php(180): Illuminate\\Cookie\\Middleware\\AddQueuedCookiesToResponse->handle(Object(Illuminate\\Http\\Request), Object(Closure))
#37 C:\\Users\\ana.abrantes\\Desktop\\projetos\\estagiarios\\estagiarios\\vendor\\laravel\\framework\\src\\Illuminate\\Cookie\\Middleware\\EncryptCookies.php(67): Illuminate\\Pipeline\\Pipeline->Illuminate\\Pipeline\\{closure}(Object(Illuminate\\Http\\Request))
#38 C:\\Users\\ana.abrantes\\Desktop\\projetos\\estagiarios\\estagiarios\\vendor\\laravel\\framework\\src\\Illuminate\\Pipeline\\Pipeline.php(180): Illuminate\\Cookie\\Middleware\\EncryptCookies->handle(Object(Illuminate\\Http\\Request), Object(Closure))
#39 C:\\Users\\ana.abrantes\\Desktop\\projetos\\estagiarios\\estagiarios\\vendor\\laravel\\framework\\src\\Illuminate\\Pipeline\\Pipeline.php(116): Illuminate\\Pipeline\\Pipeline->Illuminate\\Pipeline\\{closure}(Object(Illuminate\\Http\\Request))
#40 C:\\Users\\ana.abrantes\\Desktop\\projetos\\estagiarios\\estagiarios\\vendor\\laravel\\framework\\src\\Illuminate\\Routing\\Router.php(797): Illuminate\\Pipeline\\Pipeline->then(Object(Closure))
#41 C:\\Users\\ana.abrantes\\Desktop\\projetos\\estagiarios\\estagiarios\\vendor\\laravel\\framework\\src\\Illuminate\\Routing\\Router.php(776): Illuminate\\Routing\\Router->runRouteWithinStack(Object(Illuminate\\Routing\\Route), Object(Illuminate\\Http\\Request))
#42 C:\\Users\\ana.abrantes\\Desktop\\projetos\\estagiarios\\estagiarios\\vendor\\laravel\\framework\\src\\Illuminate\\Routing\\Router.php(740): Illuminate\\Routing\\Router->runRoute(Object(Illuminate\\Http\\Request), Object(Illuminate\\Routing\\Route))
#43 C:\\Users\\ana.abrantes\\Desktop\\projetos\\estagiarios\\estagiarios\\vendor\\laravel\\framework\\src\\Illuminate\\Routing\\Router.php(729): Illuminate\\Routing\\Router->dispatchToRoute(Object(Illuminate\\Http\\Request))
#44 C:\\Users\\ana.abrantes\\Desktop\\projetos\\estagiarios\\estagiarios\\vendor\\laravel\\framework\\src\\Illuminate\\Foundation\\Http\\Kernel.php(200): Illuminate\\Routing\\Router->dispatch(Object(Illuminate\\Http\\Request))
#45 C:\\Users\\ana.abrantes\\Desktop\\projetos\\estagiarios\\estagiarios\\vendor\\laravel\\framework\\src\\Illuminate\\Pipeline\\Pipeline.php(141): Illuminate\\Foundation\\Http\\Kernel->Illuminate\\Foundation\\Http\\{closure}(Object(Illuminate\\Http\\Request))
#46 C:\\Users\\ana.abrantes\\Desktop\\projetos\\estagiarios\\estagiarios\\vendor\\laravel\\framework\\src\\Illuminate\\Foundation\\Http\\Middleware\\TransformsRequest.php(21): Illuminate\\Pipeline\\Pipeline->Illuminate\\Pipeline\\{closure}(Object(Illuminate\\Http\\Request))
#47 C:\\Users\\ana.abrantes\\Desktop\\projetos\\estagiarios\\estagiarios\\vendor\\laravel\\framework\\src\\Illuminate\\Foundation\\Http\\Middleware\\ConvertEmptyStringsToNull.php(31): Illuminate\\Foundation\\Http\\Middleware\\TransformsRequest->handle(Object(Illuminate\\Http\\Request), Object(Closure))
#48 C:\\Users\\ana.abrantes\\Desktop\\projetos\\estagiarios\\estagiarios\\vendor\\laravel\\framework\\src\\Illuminate\\Pipeline\\Pipeline.php(180): Illuminate\\Foundation\\Http\\Middleware\\ConvertEmptyStringsToNull->handle(Object(Illuminate\\Http\\Request), Object(Closure))
#49 C:\\Users\\ana.abrantes\\Desktop\\projetos\\estagiarios\\estagiarios\\vendor\\laravel\\framework\\src\\Illuminate\\Foundation\\Http\\Middleware\\TransformsRequest.php(21): Illuminate\\Pipeline\\Pipeline->Illuminate\\Pipeline\\{closure}(Object(Illuminate\\Http\\Request))
#50 C:\\Users\\ana.abrantes\\Desktop\\projetos\\estagiarios\\estagiarios\\vendor\\laravel\\framework\\src\\Illuminate\\Foundation\\Http\\Middleware\\TrimStrings.php(40): Illuminate\\Foundation\\Http\\Middleware\\TransformsRequest->handle(Object(Illuminate\\Http\\Request), Object(Closure))
#51 C:\\Users\\ana.abrantes\\Desktop\\projetos\\estagiarios\\estagiarios\\vendor\\laravel\\framework\\src\\Illuminate\\Pipeline\\Pipeline.php(180): Illuminate\\Foundation\\Http\\Middleware\\TrimStrings->handle(Object(Illuminate\\Http\\Request), Object(Closure))
#52 C:\\Users\\ana.abrantes\\Desktop\\projetos\\estagiarios\\estagiarios\\vendor\\laravel\\framework\\src\\Illuminate\\Foundation\\Http\\Middleware\\ValidatePostSize.php(27): Illuminate\\Pipeline\\Pipeline->Illuminate\\Pipeline\\{closure}(Object(Illuminate\\Http\\Request))
#53 C:\\Users\\ana.abrantes\\Desktop\\projetos\\estagiarios\\estagiarios\\vendor\\laravel\\framework\\src\\Illuminate\\Pipeline\\Pipeline.php(180): Illuminate\\Foundation\\Http\\Middleware\\ValidatePostSize->handle(Object(Illuminate\\Http\\Request), Object(Closure))
#54 C:\\Users\\ana.abrantes\\Desktop\\projetos\\estagiarios\\estagiarios\\vendor\\laravel\\framework\\src\\Illuminate\\Foundation\\Http\\Middleware\\PreventRequestsDuringMaintenance.php(86): Illuminate\\Pipeline\\Pipeline->Illuminate\\Pipeline\\{closure}(Object(Illuminate\\Http\\Request))
#55 C:\\Users\\ana.abrantes\\Desktop\\projetos\\estagiarios\\estagiarios\\vendor\\laravel\\framework\\src\\Illuminate\\Pipeline\\Pipeline.php(180): Illuminate\\Foundation\\Http\\Middleware\\PreventRequestsDuringMaintenance->handle(Object(Illuminate\\Http\\Request), Object(Closure))
#56 C:\\Users\\ana.abrantes\\Desktop\\projetos\\estagiarios\\estagiarios\\vendor\\laravel\\framework\\src\\Illuminate\\Http\\Middleware\\HandleCors.php(49): Illuminate\\Pipeline\\Pipeline->Illuminate\\Pipeline\\{closure}(Object(Illuminate\\Http\\Request))
#57 C:\\Users\\ana.abrantes\\Desktop\\projetos\\estagiarios\\estagiarios\\vendor\\laravel\\framework\\src\\Illuminate\\Pipeline\\Pipeline.php(180): Illuminate\\Http\\Middleware\\HandleCors->handle(Object(Illuminate\\Http\\Request), Object(Closure))
#58 C:\\Users\\ana.abrantes\\Desktop\\projetos\\estagiarios\\estagiarios\\vendor\\laravel\\framework\\src\\Illuminate\\Http\\Middleware\\TrustProxies.php(39): Illuminate\\Pipeline\\Pipeline->Illuminate\\Pipeline\\{closure}(Object(Illuminate\\Http\\Request))
#59 C:\\Users\\ana.abrantes\\Desktop\\projetos\\estagiarios\\estagiarios\\vendor\\laravel\\framework\\src\\Illuminate\\Pipeline\\Pipeline.php(180): Illuminate\\Http\\Middleware\\TrustProxies->handle(Object(Illuminate\\Http\\Request), Object(Closure))
#60 C:\\Users\\ana.abrantes\\Desktop\\projetos\\estagiarios\\estagiarios\\vendor\\laravel\\framework\\src\\Illuminate\\Pipeline\\Pipeline.php(116): Illuminate\\Pipeline\\Pipeline->Illuminate\\Pipeline\\{closure}(Object(Illuminate\\Http\\Request))
#61 C:\\Users\\ana.abrantes\\Desktop\\projetos\\estagiarios\\estagiarios\\vendor\\laravel\\framework\\src\\Illuminate\\Foundation\\Http\\Kernel.php(175): Illuminate\\Pipeline\\Pipeline->then(Object(Closure))
#62 C:\\Users\\ana.abrantes\\Desktop\\projetos\\estagiarios\\estagiarios\\vendor\\laravel\\framework\\src\\Illuminate\\Foundation\\Http\\Kernel.php(144): Illuminate\\Foundation\\Http\\Kernel->sendRequestThroughRouter(Object(Illuminate\\Http\\Request))
#63 C:\\Users\\ana.abrantes\\Desktop\\projetos\\estagiarios\\estagiarios\\public\\index.php(51): Illuminate\\Foundation\\Http\\Kernel->handle(Object(Illuminate\\Http\\Request))
#64 C:\\Users\\ana.abrantes\\Desktop\\projetos\\estagiarios\\estagiarios\\vendor\\laravel\\framework\\src\\Illuminate\\Foundation\\resources\\server.php(16): require_once('C:\\\\Users\\\\ana.ab...')
#65 {main}
"} 
[2023-06-16 12:09:02] local.ERROR: Database connection [sqlite3] not configured. {"exception":"[object] (InvalidArgumentException(code: 0): Database connection [sqlite3] not configured. at C:\\Users\\ana.abrantes\\Desktop\\projetos\\estagiarios\\estagiarios\\vendor\\laravel\\framework\\src\\Illuminate\\Database\\DatabaseManager.php:173)
[stacktrace]
#0 C:\\Users\\ana.abrantes\\Desktop\\projetos\\estagiarios\\estagiarios\\vendor\\laravel\\framework\\src\\Illuminate\\Database\\DatabaseManager.php(136): Illuminate\\Database\\DatabaseManager->configuration('sqlite3')
#1 C:\\Users\\ana.abrantes\\Desktop\\projetos\\estagiarios\\estagiarios\\vendor\\laravel\\framework\\src\\Illuminate\\Database\\DatabaseManager.php(101): Illuminate\\Database\\DatabaseManager->makeConnection('sqlite3')
#2 C:\\Users\\ana.abrantes\\Desktop\\projetos\\estagiarios\\estagiarios\\vendor\\laravel\\framework\\src\\Illuminate\\Database\\Eloquent\\Model.php(1820): Illuminate\\Database\\DatabaseManager->connection('sqlite3')
#3 C:\\Users\\ana.abrantes\\Desktop\\projetos\\estagiarios\\estagiarios\\vendor\\laravel\\framework\\src\\Illuminate\\Database\\Eloquent\\Model.php(1786): Illuminate\\Database\\Eloquent\\Model::resolveConnection(NULL)
#4 C:\\Users\\ana.abrantes\\Desktop\\projetos\\estagiarios\\estagiarios\\vendor\\laravel\\framework\\src\\Illuminate\\Database\\Eloquent\\Model.php(1578): Illuminate\\Database\\Eloquent\\Model->getConnection()
#5 C:\\Users\\ana.abrantes\\Desktop\\projetos\\estagiarios\\estagiarios\\vendor\\laravel\\framework\\src\\Illuminate\\Database\\Eloquent\\Model.php(1497): Illuminate\\Database\\Eloquent\\Model->newBaseQueryBuilder()
#6 C:\\Users\\ana.abrantes\\Desktop\\projetos\\estagiarios\\estagiarios\\vendor\\laravel\\framework\\src\\Illuminate\\Database\\Eloquent\\Model.php(1533): Illuminate\\Database\\Eloquent\\Model->newModelQuery()
#7 C:\\Users\\ana.abrantes\\Desktop\\projetos\\estagiarios\\estagiarios\\vendor\\laravel\\framework\\src\\Illuminate\\Database\\Eloquent\\Model.php(1486): Illuminate\\Database\\Eloquent\\Model->newQueryWithoutScopes()
#8 C:\\Users\\ana.abrantes\\Desktop\\projetos\\estagiarios\\estagiarios\\vendor\\laravel\\framework\\src\\Illuminate\\Database\\Eloquent\\Model.php(1476): Illuminate\\Database\\Eloquent\\Model->newQuery()
#9 C:\\Users\\ana.abrantes\\Desktop\\projetos\\estagiarios\\estagiarios\\vendor\\laravel\\framework\\src\\Illuminate\\Database\\Eloquent\\Model.php(674): Illuminate\\Database\\Eloquent\\Model::query()
#10 C:\\Users\\ana.abrantes\\Desktop\\projetos\\estagiarios\\estagiarios\\app\\Http\\Controllers\\EstagiarioController.php(14): Illuminate\\Database\\Eloquent\\Model::all()
#11 C:\\Users\\ana.abrantes\\Desktop\\projetos\\estagiarios\\estagiarios\\vendor\\laravel\\framework\\src\\Illuminate\\Routing\\Controller.php(54): App\\Http\\Controllers\\EstagiarioController->index()
#12 C:\\Users\\ana.abrantes\\Desktop\\projetos\\estagiarios\\estagiarios\\vendor\\laravel\\framework\\src\\Illuminate\\Routing\\ControllerDispatcher.php(43): Illuminate\\Routing\\Controller->callAction('index', Array)
#13 C:\\Users\\ana.abrantes\\Desktop\\projetos\\estagiarios\\estagiarios\\vendor\\laravel\\framework\\src\\Illuminate\\Routing\\Route.php(259): Illuminate\\Routing\\ControllerDispatcher->dispatch(Object(Illuminate\\Routing\\Route), Object(App\\Http\\Controllers\\EstagiarioController), 'index')
#14 C:\\Users\\ana.abrantes\\Desktop\\projetos\\estagiarios\\estagiarios\\vendor\\laravel\\framework\\src\\Illuminate\\Routing\\Route.php(205): Illuminate\\Routing\\Route->runController()
#15 C:\\Users\\ana.abrantes\\Desktop\\projetos\\estagiarios\\estagiarios\\vendor\\laravel\\framework\\src\\Illuminate\\Routing\\Router.php(798): Illuminate\\Routing\\Route->run()
#16 C:\\Users\\ana.abrantes\\Desktop\\projetos\\estagiarios\\estagiarios\\vendor\\laravel\\framework\\src\\Illuminate\\Pipeline\\Pipeline.php(141): Illuminate\\Routing\\Router->Illuminate\\Routing\\{closure}(Object(Illuminate\\Http\\Request))
#17 C:\\Users\\ana.abrantes\\Desktop\\projetos\\estagiarios\\estagiarios\\vendor\\laravel\\framework\\src\\Illuminate\\Routing\\Middleware\\SubstituteBindings.php(50): Illuminate\\Pipeline\\Pipeline->Illuminate\\Pipeline\\{closure}(Object(Illuminate\\Http\\Request))
#18 C:\\Users\\ana.abrantes\\Desktop\\projetos\\estagiarios\\estagiarios\\vendor\\laravel\\framework\\src\\Illuminate\\Pipeline\\Pipeline.php(180): Illuminate\\Routing\\Middleware\\SubstituteBindings->handle(Object(Illuminate\\Http\\Request), Object(Closure))
#19 C:\\Users\\ana.abrantes\\Desktop\\projetos\\estagiarios\\estagiarios\\vendor\\laravel\\framework\\src\\Illuminate\\Foundation\\Http\\Middleware\\VerifyCsrfToken.php(78): Illuminate\\Pipeline\\Pipeline->Illuminate\\Pipeline\\{closure}(Object(Illuminate\\Http\\Request))
#20 C:\\Users\\ana.abrantes\\Desktop\\projetos\\estagiarios\\estagiarios\\vendor\\laravel\\framework\\src\\Illuminate\\Pipeline\\Pipeline.php(180): Illuminate\\Foundation\\Http\\Middleware\\VerifyCsrfToken->handle(Object(Illuminate\\Http\\Request), Object(Closure))
#21 C:\\Users\\ana.abrantes\\Desktop\\projetos\\estagiarios\\estagiarios\\vendor\\laravel\\framework\\src\\Illuminate\\View\\Middleware\\ShareErrorsFromSession.php(49): Illuminate\\Pipeline\\Pipeline->Illuminate\\Pipeline\\{closure}(Object(Illuminate\\Http\\Request))
#22 C:\\Users\\ana.abrantes\\Desktop\\projetos\\estagiarios\\estagiarios\\vendor\\laravel\\framework\\src\\Illuminate\\Pipeline\\Pipeline.php(180): Illuminate\\View\\Middleware\\ShareErrorsFromSession->handle(Object(Illuminate\\Http\\Request), Object(Closure))
#23 C:\\Users\\ana.abrantes\\Desktop\\projetos\\estagiarios\\estagiarios\\vendor\\laravel\\framework\\src\\Illuminate\\Session\\Middleware\\StartSession.php(121): Illuminate\\Pipeline\\Pipeline->Illuminate\\Pipeline\\{closure}(Object(Illuminate\\Http\\Request))
#24 C:\\Users\\ana.abrantes\\Desktop\\projetos\\estagiarios\\estagiarios\\vendor\\laravel\\framework\\src\\Illuminate\\Session\\Middleware\\StartSession.php(64): Illuminate\\Session\\Middleware\\StartSession->handleStatefulRequest(Object(Illuminate\\Http\\Request), Object(Illuminate\\Session\\Store), Object(Closure))
#25 C:\\Users\\ana.abrantes\\Desktop\\projetos\\estagiarios\\estagiarios\\vendor\\laravel\\framework\\src\\Illuminate\\Pipeline\\Pipeline.php(180): Illuminate\\Session\\Middleware\\StartSession->handle(Object(Illuminate\\Http\\Request), Object(Closure))
#26 C:\\Users\\ana.abrantes\\Desktop\\projetos\\estagiarios\\estagiarios\\vendor\\laravel\\framework\\src\\Illuminate\\Cookie\\Middleware\\AddQueuedCookiesToResponse.php(37): Illuminate\\Pipeline\\Pipeline->Illuminate\\Pipeline\\{closure}(Object(Illuminate\\Http\\Request))
#27 C:\\Users\\ana.abrantes\\Desktop\\projetos\\estagiarios\\estagiarios\\vendor\\laravel\\framework\\src\\Illuminate\\Pipeline\\Pipeline.php(180): Illuminate\\Cookie\\Middleware\\AddQueuedCookiesToResponse->handle(Object(Illuminate\\Http\\Request), Object(Closure))
#28 C:\\Users\\ana.abrantes\\Desktop\\projetos\\estagiarios\\estagiarios\\vendor\\laravel\\framework\\src\\Illuminate\\Cookie\\Middleware\\EncryptCookies.php(67): Illuminate\\Pipeline\\Pipeline->Illuminate\\Pipeline\\{closure}(Object(Illuminate\\Http\\Request))
#29 C:\\Users\\ana.abrantes\\Desktop\\projetos\\estagiarios\\estagiarios\\vendor\\laravel\\framework\\src\\Illuminate\\Pipeline\\Pipeline.php(180): Illuminate\\Cookie\\Middleware\\EncryptCookies->handle(Object(Illuminate\\Http\\Request), Object(Closure))
#30 C:\\Users\\ana.abrantes\\Desktop\\projetos\\estagiarios\\estagiarios\\vendor\\laravel\\framework\\src\\Illuminate\\Pipeline\\Pipeline.php(116): Illuminate\\Pipeline\\Pipeline->Illuminate\\Pipeline\\{closure}(Object(Illuminate\\Http\\Request))
#31 C:\\Users\\ana.abrantes\\Desktop\\projetos\\estagiarios\\estagiarios\\vendor\\laravel\\framework\\src\\Illuminate\\Routing\\Router.php(797): Illuminate\\Pipeline\\Pipeline->then(Object(Closure))
#32 C:\\Users\\ana.abrantes\\Desktop\\projetos\\estagiarios\\estagiarios\\vendor\\laravel\\framework\\src\\Illuminate\\Routing\\Router.php(776): Illuminate\\Routing\\Router->runRouteWithinStack(Object(Illuminate\\Routing\\Route), Object(Illuminate\\Http\\Request))
#33 C:\\Users\\ana.abrantes\\Desktop\\projetos\\estagiarios\\estagiarios\\vendor\\laravel\\framework\\src\\Illuminate\\Routing\\Router.php(740): Illuminate\\Routing\\Router->runRoute(Object(Illuminate\\Http\\Request), Object(Illuminate\\Routing\\Route))
#34 C:\\Users\\ana.abrantes\\Desktop\\projetos\\estagiarios\\estagiarios\\vendor\\laravel\\framework\\src\\Illuminate\\Routing\\Router.php(729): Illuminate\\Routing\\Router->dispatchToRoute(Object(Illuminate\\Http\\Request))
#35 C:\\Users\\ana.abrantes\\Desktop\\projetos\\estagiarios\\estagiarios\\vendor\\laravel\\framework\\src\\Illuminate\\Foundation\\Http\\Kernel.php(200): Illuminate\\Routing\\Router->dispatch(Object(Illuminate\\Http\\Request))
#36 C:\\Users\\ana.abrantes\\Desktop\\projetos\\estagiarios\\estagiarios\\vendor\\laravel\\framework\\src\\Illuminate\\Pipeline\\Pipeline.php(141): Illuminate\\Foundation\\Http\\Kernel->Illuminate\\Foundation\\Http\\{closure}(Object(Illuminate\\Http\\Request))
#37 C:\\Users\\ana.abrantes\\Desktop\\projetos\\estagiarios\\estagiarios\\vendor\\laravel\\framework\\src\\Illuminate\\Foundation\\Http\\Middleware\\TransformsRequest.php(21): Illuminate\\Pipeline\\Pipeline->Illuminate\\Pipeline\\{closure}(Object(Illuminate\\Http\\Request))
#38 C:\\Users\\ana.abrantes\\Desktop\\projetos\\estagiarios\\estagiarios\\vendor\\laravel\\framework\\src\\Illuminate\\Foundation\\Http\\Middleware\\ConvertEmptyStringsToNull.php(31): Illuminate\\Foundation\\Http\\Middleware\\TransformsRequest->handle(Object(Illuminate\\Http\\Request), Object(Closure))
#39 C:\\Users\\ana.abrantes\\Desktop\\projetos\\estagiarios\\estagiarios\\vendor\\laravel\\framework\\src\\Illuminate\\Pipeline\\Pipeline.php(180): Illuminate\\Foundation\\Http\\Middleware\\ConvertEmptyStringsToNull->handle(Object(Illuminate\\Http\\Request), Object(Closure))
#40 C:\\Users\\ana.abrantes\\Desktop\\projetos\\estagiarios\\estagiarios\\vendor\\laravel\\framework\\src\\Illuminate\\Foundation\\Http\\Middleware\\TransformsRequest.php(21): Illuminate\\Pipeline\\Pipeline->Illuminate\\Pipeline\\{closure}(Object(Illuminate\\Http\\Request))
#41 C:\\Users\\ana.abrantes\\Desktop\\projetos\\estagiarios\\estagiarios\\vendor\\laravel\\framework\\src\\Illuminate\\Foundation\\Http\\Middleware\\TrimStrings.php(40): Illuminate\\Foundation\\Http\\Middleware\\TransformsRequest->handle(Object(Illuminate\\Http\\Request), Object(Closure))
#42 C:\\Users\\ana.abrantes\\Desktop\\projetos\\estagiarios\\estagiarios\\vendor\\laravel\\framework\\src\\Illuminate\\Pipeline\\Pipeline.php(180): Illuminate\\Foundation\\Http\\Middleware\\TrimStrings->handle(Object(Illuminate\\Http\\Request), Object(Closure))
#43 C:\\Users\\ana.abrantes\\Desktop\\projetos\\estagiarios\\estagiarios\\vendor\\laravel\\framework\\src\\Illuminate\\Foundation\\Http\\Middleware\\ValidatePostSize.php(27): Illuminate\\Pipeline\\Pipeline->Illuminate\\Pipeline\\{closure}(Object(Illuminate\\Http\\Request))
#44 C:\\Users\\ana.abrantes\\Desktop\\projetos\\estagiarios\\estagiarios\\vendor\\laravel\\framework\\src\\Illuminate\\Pipeline\\Pipeline.php(180): Illuminate\\Foundation\\Http\\Middleware\\ValidatePostSize->handle(Object(Illuminate\\Http\\Request), Object(Closure))
#45 C:\\Users\\ana.abrantes\\Desktop\\projetos\\estagiarios\\estagiarios\\vendor\\laravel\\framework\\src\\Illuminate\\Foundation\\Http\\Middleware\\PreventRequestsDuringMaintenance.php(86): Illuminate\\Pipeline\\Pipeline->Illuminate\\Pipeline\\{closure}(Object(Illuminate\\Http\\Request))
#46 C:\\Users\\ana.abrantes\\Desktop\\projetos\\estagiarios\\estagiarios\\vendor\\laravel\\framework\\src\\Illuminate\\Pipeline\\Pipeline.php(180): Illuminate\\Foundation\\Http\\Middleware\\PreventRequestsDuringMaintenance->handle(Object(Illuminate\\Http\\Request), Object(Closure))
#47 C:\\Users\\ana.abrantes\\Desktop\\projetos\\estagiarios\\estagiarios\\vendor\\laravel\\framework\\src\\Illuminate\\Http\\Middleware\\HandleCors.php(49): Illuminate\\Pipeline\\Pipeline->Illuminate\\Pipeline\\{closure}(Object(Illuminate\\Http\\Request))
#48 C:\\Users\\ana.abrantes\\Desktop\\projetos\\estagiarios\\estagiarios\\vendor\\laravel\\framework\\src\\Illuminate\\Pipeline\\Pipeline.php(180): Illuminate\\Http\\Middleware\\HandleCors->handle(Object(Illuminate\\Http\\Request), Object(Closure))
#49 C:\\Users\\ana.abrantes\\Desktop\\projetos\\estagiarios\\estagiarios\\vendor\\laravel\\framework\\src\\Illuminate\\Http\\Middleware\\TrustProxies.php(39): Illuminate\\Pipeline\\Pipeline->Illuminate\\Pipeline\\{closure}(Object(Illuminate\\Http\\Request))
#50 C:\\Users\\ana.abrantes\\Desktop\\projetos\\estagiarios\\estagiarios\\vendor\\laravel\\framework\\src\\Illuminate\\Pipeline\\Pipeline.php(180): Illuminate\\Http\\Middleware\\TrustProxies->handle(Object(Illuminate\\Http\\Request), Object(Closure))
#51 C:\\Users\\ana.abrantes\\Desktop\\projetos\\estagiarios\\estagiarios\\vendor\\laravel\\framework\\src\\Illuminate\\Pipeline\\Pipeline.php(116): Illuminate\\Pipeline\\Pipeline->Illuminate\\Pipeline\\{closure}(Object(Illuminate\\Http\\Request))
#52 C:\\Users\\ana.abrantes\\Desktop\\projetos\\estagiarios\\estagiarios\\vendor\\laravel\\framework\\src\\Illuminate\\Foundation\\Http\\Kernel.php(175): Illuminate\\Pipeline\\Pipeline->then(Object(Closure))
#53 C:\\Users\\ana.abrantes\\Desktop\\projetos\\estagiarios\\estagiarios\\vendor\\laravel\\framework\\src\\Illuminate\\Foundation\\Http\\Kernel.php(144): Illuminate\\Foundation\\Http\\Kernel->sendRequestThroughRouter(Object(Illuminate\\Http\\Request))
#54 C:\\Users\\ana.abrantes\\Desktop\\projetos\\estagiarios\\estagiarios\\public\\index.php(51): Illuminate\\Foundation\\Http\\Kernel->handle(Object(Illuminate\\Http\\Request))
#55 C:\\Users\\ana.abrantes\\Desktop\\projetos\\estagiarios\\estagiarios\\vendor\\laravel\\framework\\src\\Illuminate\\Foundation\\resources\\server.php(16): require_once('C:\\\\Users\\\\ana.ab...')
#56 {main}
"} 
[2023-06-16 12:09:29] local.ERROR: Database connection [sqlite3] not configured. {"exception":"[object] (InvalidArgumentException(code: 0): Database connection [sqlite3] not configured. at C:\\Users\\ana.abrantes\\Desktop\\projetos\\estagiarios\\estagiarios\\vendor\\laravel\\framework\\src\\Illuminate\\Database\\DatabaseManager.php:173)
[stacktrace]
#0 C:\\Users\\ana.abrantes\\Desktop\\projetos\\estagiarios\\estagiarios\\vendor\\laravel\\framework\\src\\Illuminate\\Database\\DatabaseManager.php(136): Illuminate\\Database\\DatabaseManager->configuration('sqlite3')
#1 C:\\Users\\ana.abrantes\\Desktop\\projetos\\estagiarios\\estagiarios\\vendor\\laravel\\framework\\src\\Illuminate\\Database\\DatabaseManager.php(101): Illuminate\\Database\\DatabaseManager->makeConnection('sqlite3')
#2 C:\\Users\\ana.abrantes\\Desktop\\projetos\\estagiarios\\estagiarios\\vendor\\laravel\\framework\\src\\Illuminate\\Database\\Migrations\\DatabaseMigrationRepository.php(226): Illuminate\\Database\\DatabaseManager->connection('sqlite3')
#3 C:\\Users\\ana.abrantes\\Desktop\\projetos\\estagiarios\\estagiarios\\vendor\\laravel\\framework\\src\\Illuminate\\Database\\Migrations\\DatabaseMigrationRepository.php(182): Illuminate\\Database\\Migrations\\DatabaseMigrationRepository->getConnection()
#4 C:\\Users\\ana.abrantes\\Desktop\\projetos\\estagiarios\\estagiarios\\vendor\\laravel\\framework\\src\\Illuminate\\Database\\Migrations\\Migrator.php(699): Illuminate\\Database\\Migrations\\DatabaseMigrationRepository->repositoryExists()
#5 C:\\Users\\ana.abrantes\\Desktop\\projetos\\estagiarios\\estagiarios\\vendor\\laravel\\framework\\src\\Illuminate\\Database\\Console\\Migrations\\MigrateCommand.php(138): Illuminate\\Database\\Migrations\\Migrator->repositoryExists()
#6 C:\\Users\\ana.abrantes\\Desktop\\projetos\\estagiarios\\estagiarios\\vendor\\laravel\\framework\\src\\Illuminate\\Support\\helpers.php(247): Illuminate\\Database\\Console\\Migrations\\MigrateCommand->Illuminate\\Database\\Console\\Migrations\\{closure}(1)
#7 C:\\Users\\ana.abrantes\\Desktop\\projetos\\estagiarios\\estagiarios\\vendor\\laravel\\framework\\src\\Illuminate\\Database\\Console\\Migrations\\MigrateCommand.php(138): retry(1, Object(Closure), 0, Object(Closure))
#8 C:\\Users\\ana.abrantes\\Desktop\\projetos\\estagiarios\\estagiarios\\vendor\\laravel\\framework\\src\\Illuminate\\Database\\Console\\Migrations\\MigrateCommand.php(114): Illuminate\\Database\\Console\\Migrations\\MigrateCommand->repositoryExists()
#9 C:\\Users\\ana.abrantes\\Desktop\\projetos\\estagiarios\\estagiarios\\vendor\\laravel\\framework\\src\\Illuminate\\Database\\Console\\Migrations\\MigrateCommand.php(82): Illuminate\\Database\\Console\\Migrations\\MigrateCommand->prepareDatabase()
#10 C:\\Users\\ana.abrantes\\Desktop\\projetos\\estagiarios\\estagiarios\\vendor\\laravel\\framework\\src\\Illuminate\\Database\\Migrations\\Migrator.php(632): Illuminate\\Database\\Console\\Migrations\\MigrateCommand->Illuminate\\Database\\Console\\Migrations\\{closure}()
#11 C:\\Users\\ana.abrantes\\Desktop\\projetos\\estagiarios\\estagiarios\\vendor\\laravel\\framework\\src\\Illuminate\\Database\\Console\\Migrations\\MigrateCommand.php(81): Illuminate\\Database\\Migrations\\Migrator->usingConnection(NULL, Object(Closure))
#12 C:\\Users\\ana.abrantes\\Desktop\\projetos\\estagiarios\\estagiarios\\vendor\\laravel\\framework\\src\\Illuminate\\Container\\BoundMethod.php(36): Illuminate\\Database\\Console\\Migrations\\MigrateCommand->handle()
#13 C:\\Users\\ana.abrantes\\Desktop\\projetos\\estagiarios\\estagiarios\\vendor\\laravel\\framework\\src\\Illuminate\\Container\\Util.php(41): Illuminate\\Container\\BoundMethod::Illuminate\\Container\\{closure}()
#14 C:\\Users\\ana.abrantes\\Desktop\\projetos\\estagiarios\\estagiarios\\vendor\\laravel\\framework\\src\\Illuminate\\Container\\BoundMethod.php(93): Illuminate\\Container\\Util::unwrapIfClosure(Object(Closure))
#15 C:\\Users\\ana.abrantes\\Desktop\\projetos\\estagiarios\\estagiarios\\vendor\\laravel\\framework\\src\\Illuminate\\Container\\BoundMethod.php(35): Illuminate\\Container\\BoundMethod::callBoundMethod(Object(Illuminate\\Foundation\\Application), Array, Object(Closure))
#16 C:\\Users\\ana.abrantes\\Desktop\\projetos\\estagiarios\\estagiarios\\vendor\\laravel\\framework\\src\\Illuminate\\Container\\Container.php(661): Illuminate\\Container\\BoundMethod::call(Object(Illuminate\\Foundation\\Application), Array, Array, NULL)
#17 C:\\Users\\ana.abrantes\\Desktop\\projetos\\estagiarios\\estagiarios\\vendor\\laravel\\framework\\src\\Illuminate\\Console\\Command.php(194): Illuminate\\Container\\Container->call(Array)
#18 C:\\Users\\ana.abrantes\\Desktop\\projetos\\estagiarios\\estagiarios\\vendor\\symfony\\console\\Command\\Command.php(312): Illuminate\\Console\\Command->execute(Object(Symfony\\Component\\Console\\Input\\ArgvInput), Object(Illuminate\\Console\\OutputStyle))
#19 C:\\Users\\ana.abrantes\\Desktop\\projetos\\estagiarios\\estagiarios\\vendor\\laravel\\framework\\src\\Illuminate\\Console\\Command.php(163): Symfony\\Component\\Console\\Command\\Command->run(Object(Symfony\\Component\\Console\\Input\\ArgvInput), Object(Illuminate\\Console\\OutputStyle))
#20 C:\\Users\\ana.abrantes\\Desktop\\projetos\\estagiarios\\estagiarios\\vendor\\symfony\\console\\Application.php(1040): Illuminate\\Console\\Command->run(Object(Symfony\\Component\\Console\\Input\\ArgvInput), Object(Symfony\\Component\\Console\\Output\\ConsoleOutput))
#21 C:\\Users\\ana.abrantes\\Desktop\\projetos\\estagiarios\\estagiarios\\vendor\\symfony\\console\\Application.php(314): Symfony\\Component\\Console\\Application->doRunCommand(Object(Illuminate\\Database\\Console\\Migrations\\MigrateCommand), Object(Symfony\\Component\\Console\\Input\\ArgvInput), Object(Symfony\\Component\\Console\\Output\\ConsoleOutput))
#22 C:\\Users\\ana.abrantes\\Desktop\\projetos\\estagiarios\\estagiarios\\vendor\\symfony\\console\\Application.php(168): Symfony\\Component\\Console\\Application->doRun(Object(Symfony\\Component\\Console\\Input\\ArgvInput), Object(Symfony\\Component\\Console\\Output\\ConsoleOutput))
#23 C:\\Users\\ana.abrantes\\Desktop\\projetos\\estagiarios\\estagiarios\\vendor\\laravel\\framework\\src\\Illuminate\\Foundation\\Console\\Kernel.php(200): Symfony\\Component\\Console\\Application->run(Object(Symfony\\Component\\Console\\Input\\ArgvInput), Object(Symfony\\Component\\Console\\Output\\ConsoleOutput))
#24 C:\\Users\\ana.abrantes\\Desktop\\projetos\\estagiarios\\estagiarios\\artisan(35): Illuminate\\Foundation\\Console\\Kernel->handle(Object(Symfony\\Component\\Console\\Input\\ArgvInput), Object(Symfony\\Component\\Console\\Output\\ConsoleOutput))
#25 {main}
"} 
[2023-06-16 12:11:38] local.ERROR: Database connection [sqlite3] not configured. {"exception":"[object] (InvalidArgumentException(code: 0): Database connection [sqlite3] not configured. at C:\\Users\\ana.abrantes\\Desktop\\projetos\\estagiarios\\estagiarios\\vendor\\laravel\\framework\\src\\Illuminate\\Database\\DatabaseManager.php:173)
[stacktrace]
#0 C:\\Users\\ana.abrantes\\Desktop\\projetos\\estagiarios\\estagiarios\\vendor\\laravel\\framework\\src\\Illuminate\\Database\\DatabaseManager.php(136): Illuminate\\Database\\DatabaseManager->configuration('sqlite3')
#1 C:\\Users\\ana.abrantes\\Desktop\\projetos\\estagiarios\\estagiarios\\vendor\\laravel\\framework\\src\\Illuminate\\Database\\DatabaseManager.php(101): Illuminate\\Database\\DatabaseManager->makeConnection('sqlite3')
#2 C:\\Users\\ana.abrantes\\Desktop\\projetos\\estagiarios\\estagiarios\\vendor\\laravel\\framework\\src\\Illuminate\\Database\\Migrations\\DatabaseMigrationRepository.php(226): Illuminate\\Database\\DatabaseManager->connection('sqlite3')
#3 C:\\Users\\ana.abrantes\\Desktop\\projetos\\estagiarios\\estagiarios\\vendor\\laravel\\framework\\src\\Illuminate\\Database\\Migrations\\DatabaseMigrationRepository.php(182): Illuminate\\Database\\Migrations\\DatabaseMigrationRepository->getConnection()
#4 C:\\Users\\ana.abrantes\\Desktop\\projetos\\estagiarios\\estagiarios\\vendor\\laravel\\framework\\src\\Illuminate\\Database\\Migrations\\Migrator.php(699): Illuminate\\Database\\Migrations\\DatabaseMigrationRepository->repositoryExists()
#5 C:\\Users\\ana.abrantes\\Desktop\\projetos\\estagiarios\\estagiarios\\vendor\\laravel\\framework\\src\\Illuminate\\Database\\Console\\Migrations\\MigrateCommand.php(138): Illuminate\\Database\\Migrations\\Migrator->repositoryExists()
#6 C:\\Users\\ana.abrantes\\Desktop\\projetos\\estagiarios\\estagiarios\\vendor\\laravel\\framework\\src\\Illuminate\\Support\\helpers.php(247): Illuminate\\Database\\Console\\Migrations\\MigrateCommand->Illuminate\\Database\\Console\\Migrations\\{closure}(1)
#7 C:\\Users\\ana.abrantes\\Desktop\\projetos\\estagiarios\\estagiarios\\vendor\\laravel\\framework\\src\\Illuminate\\Database\\Console\\Migrations\\MigrateCommand.php(138): retry(1, Object(Closure), 0, Object(Closure))
#8 C:\\Users\\ana.abrantes\\Desktop\\projetos\\estagiarios\\estagiarios\\vendor\\laravel\\framework\\src\\Illuminate\\Database\\Console\\Migrations\\MigrateCommand.php(114): Illuminate\\Database\\Console\\Migrations\\MigrateCommand->repositoryExists()
#9 C:\\Users\\ana.abrantes\\Desktop\\projetos\\estagiarios\\estagiarios\\vendor\\laravel\\framework\\src\\Illuminate\\Database\\Console\\Migrations\\MigrateCommand.php(82): Illuminate\\Database\\Console\\Migrations\\MigrateCommand->prepareDatabase()
#10 C:\\Users\\ana.abrantes\\Desktop\\projetos\\estagiarios\\estagiarios\\vendor\\laravel\\framework\\src\\Illuminate\\Database\\Migrations\\Migrator.php(632): Illuminate\\Database\\Console\\Migrations\\MigrateCommand->Illuminate\\Database\\Console\\Migrations\\{closure}()
#11 C:\\Users\\ana.abrantes\\Desktop\\projetos\\estagiarios\\estagiarios\\vendor\\laravel\\framework\\src\\Illuminate\\Database\\Console\\Migrations\\MigrateCommand.php(81): Illuminate\\Database\\Migrations\\Migrator->usingConnection(NULL, Object(Closure))
#12 C:\\Users\\ana.abrantes\\Desktop\\projetos\\estagiarios\\estagiarios\\vendor\\laravel\\framework\\src\\Illuminate\\Container\\BoundMethod.php(36): Illuminate\\Database\\Console\\Migrations\\MigrateCommand->handle()
#13 C:\\Users\\ana.abrantes\\Desktop\\projetos\\estagiarios\\estagiarios\\vendor\\laravel\\framework\\src\\Illuminate\\Container\\Util.php(41): Illuminate\\Container\\BoundMethod::Illuminate\\Container\\{closure}()
#14 C:\\Users\\ana.abrantes\\Desktop\\projetos\\estagiarios\\estagiarios\\vendor\\laravel\\framework\\src\\Illuminate\\Container\\BoundMethod.php(93): Illuminate\\Container\\Util::unwrapIfClosure(Object(Closure))
#15 C:\\Users\\ana.abrantes\\Desktop\\projetos\\estagiarios\\estagiarios\\vendor\\laravel\\framework\\src\\Illuminate\\Container\\BoundMethod.php(35): Illuminate\\Container\\BoundMethod::callBoundMethod(Object(Illuminate\\Foundation\\Application), Array, Object(Closure))
#16 C:\\Users\\ana.abrantes\\Desktop\\projetos\\estagiarios\\estagiarios\\vendor\\laravel\\framework\\src\\Illuminate\\Container\\Container.php(661): Illuminate\\Container\\BoundMethod::call(Object(Illuminate\\Foundation\\Application), Array, Array, NULL)
#17 C:\\Users\\ana.abrantes\\Desktop\\projetos\\estagiarios\\estagiarios\\vendor\\laravel\\framework\\src\\Illuminate\\Console\\Command.php(194): Illuminate\\Container\\Container->call(Array)
#18 C:\\Users\\ana.abrantes\\Desktop\\projetos\\estagiarios\\estagiarios\\vendor\\symfony\\console\\Command\\Command.php(312): Illuminate\\Console\\Command->execute(Object(Symfony\\Component\\Console\\Input\\ArgvInput), Object(Illuminate\\Console\\OutputStyle))
#19 C:\\Users\\ana.abrantes\\Desktop\\projetos\\estagiarios\\estagiarios\\vendor\\laravel\\framework\\src\\Illuminate\\Console\\Command.php(163): Symfony\\Component\\Console\\Command\\Command->run(Object(Symfony\\Component\\Console\\Input\\ArgvInput), Object(Illuminate\\Console\\OutputStyle))
#20 C:\\Users\\ana.abrantes\\Desktop\\projetos\\estagiarios\\estagiarios\\vendor\\symfony\\console\\Application.php(1040): Illuminate\\Console\\Command->run(Object(Symfony\\Component\\Console\\Input\\ArgvInput), Object(Symfony\\Component\\Console\\Output\\ConsoleOutput))
#21 C:\\Users\\ana.abrantes\\Desktop\\projetos\\estagiarios\\estagiarios\\vendor\\symfony\\console\\Application.php(314): Symfony\\Component\\Console\\Application->doRunCommand(Object(Illuminate\\Database\\Console\\Migrations\\MigrateCommand), Object(Symfony\\Component\\Console\\Input\\ArgvInput), Object(Symfony\\Component\\Console\\Output\\ConsoleOutput))
#22 C:\\Users\\ana.abrantes\\Desktop\\projetos\\estagiarios\\estagiarios\\vendor\\symfony\\console\\Application.php(168): Symfony\\Component\\Console\\Application->doRun(Object(Symfony\\Component\\Console\\Input\\ArgvInput), Object(Symfony\\Component\\Console\\Output\\ConsoleOutput))
#23 C:\\Users\\ana.abrantes\\Desktop\\projetos\\estagiarios\\estagiarios\\vendor\\laravel\\framework\\src\\Illuminate\\Foundation\\Console\\Kernel.php(200): Symfony\\Component\\Console\\Application->run(Object(Symfony\\Component\\Console\\Input\\ArgvInput), Object(Symfony\\Component\\Console\\Output\\ConsoleOutput))
#24 C:\\Users\\ana.abrantes\\Desktop\\projetos\\estagiarios\\estagiarios\\artisan(35): Illuminate\\Foundation\\Console\\Kernel->handle(Object(Symfony\\Component\\Console\\Input\\ArgvInput), Object(Symfony\\Component\\Console\\Output\\ConsoleOutput))
#25 {main}
"} 
[2023-06-16 12:12:45] local.ERROR: Database connection [sqlite3] not configured. {"exception":"[object] (InvalidArgumentException(code: 0): Database connection [sqlite3] not configured. at C:\\Users\\ana.abrantes\\Desktop\\projetos\\estagiarios\\estagiarios\\vendor\\laravel\\framework\\src\\Illuminate\\Database\\DatabaseManager.php:173)
[stacktrace]
#0 C:\\Users\\ana.abrantes\\Desktop\\projetos\\estagiarios\\estagiarios\\vendor\\laravel\\framework\\src\\Illuminate\\Database\\DatabaseManager.php(136): Illuminate\\Database\\DatabaseManager->configuration('sqlite3')
#1 C:\\Users\\ana.abrantes\\Desktop\\projetos\\estagiarios\\estagiarios\\vendor\\laravel\\framework\\src\\Illuminate\\Database\\DatabaseManager.php(101): Illuminate\\Database\\DatabaseManager->makeConnection('sqlite3')
#2 C:\\Users\\ana.abrantes\\Desktop\\projetos\\estagiarios\\estagiarios\\vendor\\laravel\\framework\\src\\Illuminate\\Database\\Migrations\\DatabaseMigrationRepository.php(226): Illuminate\\Database\\DatabaseManager->connection('sqlite3')
#3 C:\\Users\\ana.abrantes\\Desktop\\projetos\\estagiarios\\estagiarios\\vendor\\laravel\\framework\\src\\Illuminate\\Database\\Migrations\\DatabaseMigrationRepository.php(182): Illuminate\\Database\\Migrations\\DatabaseMigrationRepository->getConnection()
#4 C:\\Users\\ana.abrantes\\Desktop\\projetos\\estagiarios\\estagiarios\\vendor\\laravel\\framework\\src\\Illuminate\\Database\\Migrations\\Migrator.php(699): Illuminate\\Database\\Migrations\\DatabaseMigrationRepository->repositoryExists()
#5 C:\\Users\\ana.abrantes\\Desktop\\projetos\\estagiarios\\estagiarios\\vendor\\laravel\\framework\\src\\Illuminate\\Database\\Console\\Migrations\\MigrateCommand.php(138): Illuminate\\Database\\Migrations\\Migrator->repositoryExists()
#6 C:\\Users\\ana.abrantes\\Desktop\\projetos\\estagiarios\\estagiarios\\vendor\\laravel\\framework\\src\\Illuminate\\Support\\helpers.php(247): Illuminate\\Database\\Console\\Migrations\\MigrateCommand->Illuminate\\Database\\Console\\Migrations\\{closure}(1)
#7 C:\\Users\\ana.abrantes\\Desktop\\projetos\\estagiarios\\estagiarios\\vendor\\laravel\\framework\\src\\Illuminate\\Database\\Console\\Migrations\\MigrateCommand.php(138): retry(1, Object(Closure), 0, Object(Closure))
#8 C:\\Users\\ana.abrantes\\Desktop\\projetos\\estagiarios\\estagiarios\\vendor\\laravel\\framework\\src\\Illuminate\\Database\\Console\\Migrations\\MigrateCommand.php(114): Illuminate\\Database\\Console\\Migrations\\MigrateCommand->repositoryExists()
#9 C:\\Users\\ana.abrantes\\Desktop\\projetos\\estagiarios\\estagiarios\\vendor\\laravel\\framework\\src\\Illuminate\\Database\\Console\\Migrations\\MigrateCommand.php(82): Illuminate\\Database\\Console\\Migrations\\MigrateCommand->prepareDatabase()
#10 C:\\Users\\ana.abrantes\\Desktop\\projetos\\estagiarios\\estagiarios\\vendor\\laravel\\framework\\src\\Illuminate\\Database\\Migrations\\Migrator.php(632): Illuminate\\Database\\Console\\Migrations\\MigrateCommand->Illuminate\\Database\\Console\\Migrations\\{closure}()
#11 C:\\Users\\ana.abrantes\\Desktop\\projetos\\estagiarios\\estagiarios\\vendor\\laravel\\framework\\src\\Illuminate\\Database\\Console\\Migrations\\MigrateCommand.php(81): Illuminate\\Database\\Migrations\\Migrator->usingConnection(NULL, Object(Closure))
#12 C:\\Users\\ana.abrantes\\Desktop\\projetos\\estagiarios\\estagiarios\\vendor\\laravel\\framework\\src\\Illuminate\\Container\\BoundMethod.php(36): Illuminate\\Database\\Console\\Migrations\\MigrateCommand->handle()
#13 C:\\Users\\ana.abrantes\\Desktop\\projetos\\estagiarios\\estagiarios\\vendor\\laravel\\framework\\src\\Illuminate\\Container\\Util.php(41): Illuminate\\Container\\BoundMethod::Illuminate\\Container\\{closure}()
#14 C:\\Users\\ana.abrantes\\Desktop\\projetos\\estagiarios\\estagiarios\\vendor\\laravel\\framework\\src\\Illuminate\\Container\\BoundMethod.php(93): Illuminate\\Container\\Util::unwrapIfClosure(Object(Closure))
#15 C:\\Users\\ana.abrantes\\Desktop\\projetos\\estagiarios\\estagiarios\\vendor\\laravel\\framework\\src\\Illuminate\\Container\\BoundMethod.php(35): Illuminate\\Container\\BoundMethod::callBoundMethod(Object(Illuminate\\Foundation\\Application), Array, Object(Closure))
#16 C:\\Users\\ana.abrantes\\Desktop\\projetos\\estagiarios\\estagiarios\\vendor\\laravel\\framework\\src\\Illuminate\\Container\\Container.php(661): Illuminate\\Container\\BoundMethod::call(Object(Illuminate\\Foundation\\Application), Array, Array, NULL)
#17 C:\\Users\\ana.abrantes\\Desktop\\projetos\\estagiarios\\estagiarios\\vendor\\laravel\\framework\\src\\Illuminate\\Console\\Command.php(194): Illuminate\\Container\\Container->call(Array)
#18 C:\\Users\\ana.abrantes\\Desktop\\projetos\\estagiarios\\estagiarios\\vendor\\symfony\\console\\Command\\Command.php(312): Illuminate\\Console\\Command->execute(Object(Symfony\\Component\\Console\\Input\\ArgvInput), Object(Illuminate\\Console\\OutputStyle))
#19 C:\\Users\\ana.abrantes\\Desktop\\projetos\\estagiarios\\estagiarios\\vendor\\laravel\\framework\\src\\Illuminate\\Console\\Command.php(163): Symfony\\Component\\Console\\Command\\Command->run(Object(Symfony\\Component\\Console\\Input\\ArgvInput), Object(Illuminate\\Console\\OutputStyle))
#20 C:\\Users\\ana.abrantes\\Desktop\\projetos\\estagiarios\\estagiarios\\vendor\\symfony\\console\\Application.php(1040): Illuminate\\Console\\Command->run(Object(Symfony\\Component\\Console\\Input\\ArgvInput), Object(Symfony\\Component\\Console\\Output\\ConsoleOutput))
#21 C:\\Users\\ana.abrantes\\Desktop\\projetos\\estagiarios\\estagiarios\\vendor\\symfony\\console\\Application.php(314): Symfony\\Component\\Console\\Application->doRunCommand(Object(Illuminate\\Database\\Console\\Migrations\\MigrateCommand), Object(Symfony\\Component\\Console\\Input\\ArgvInput), Object(Symfony\\Component\\Console\\Output\\ConsoleOutput))
#22 C:\\Users\\ana.abrantes\\Desktop\\projetos\\estagiarios\\estagiarios\\vendor\\symfony\\console\\Application.php(168): Symfony\\Component\\Console\\Application->doRun(Object(Symfony\\Component\\Console\\Input\\ArgvInput), Object(Symfony\\Component\\Console\\Output\\ConsoleOutput))
#23 C:\\Users\\ana.abrantes\\Desktop\\projetos\\estagiarios\\estagiarios\\vendor\\laravel\\framework\\src\\Illuminate\\Foundation\\Console\\Kernel.php(200): Symfony\\Component\\Console\\Application->run(Object(Symfony\\Component\\Console\\Input\\ArgvInput), Object(Symfony\\Component\\Console\\Output\\ConsoleOutput))
#24 C:\\Users\\ana.abrantes\\Desktop\\projetos\\estagiarios\\estagiarios\\artisan(35): Illuminate\\Foundation\\Console\\Kernel->handle(Object(Symfony\\Component\\Console\\Input\\ArgvInput), Object(Symfony\\Component\\Console\\Output\\ConsoleOutput))
#25 {main}
"} 
[2023-06-16 12:13:09] local.ERROR: rename(C:\Users\ana.abrantes\Desktop\projetos\estagiarios\estagiarios\bootstrap\cache\pacA737.tmp,C:\Users\ana.abrantes\Desktop\projetos\estagiarios\estagiarios\bootstrap\cache\packages.php): Acesso negado (code: 5) {"exception":"[object] (ErrorException(code: 0): rename(C:\\Users\\ana.abrantes\\Desktop\\projetos\\estagiarios\\estagiarios\\bootstrap\\cache\\pacA737.tmp,C:\\Users\\ana.abrantes\\Desktop\\projetos\\estagiarios\\estagiarios\\bootstrap\\cache\\packages.php): Acesso negado (code: 5) at C:\\Users\\ana.abrantes\\Desktop\\projetos\\estagiarios\\estagiarios\\vendor\\laravel\\framework\\src\\Illuminate\\Filesystem\\Filesystem.php:234)
[stacktrace]
#0 C:\\Users\\ana.abrantes\\Desktop\\projetos\\estagiarios\\estagiarios\\vendor\\laravel\\framework\\src\\Illuminate\\Foundation\\Bootstrap\\HandleExceptions.php(250): Illuminate\\Foundation\\Bootstrap\\HandleExceptions->handleError(2, 'rename(C:\\\\Users...', 'C:\\\\Users\\\\ana.ab...', 234)
#1 [internal function]: Illuminate\\Foundation\\Bootstrap\\HandleExceptions->Illuminate\\Foundation\\Bootstrap\\{closure}(2, 'rename(C:\\\\Users...', 'C:\\\\Users\\\\ana.ab...', 234)
#2 C:\\Users\\ana.abrantes\\Desktop\\projetos\\estagiarios\\estagiarios\\vendor\\laravel\\framework\\src\\Illuminate\\Filesystem\\Filesystem.php(234): rename('C:\\\\Users\\\\ana.ab...', 'C:\\\\Users\\\\ana.ab...')
#3 C:\\Users\\ana.abrantes\\Desktop\\projetos\\estagiarios\\estagiarios\\vendor\\laravel\\framework\\src\\Illuminate\\Foundation\\PackageManifest.php(181): Illuminate\\Filesystem\\Filesystem->replace('C:\\\\Users\\\\ana.ab...', '<?php return ar...')
#4 C:\\Users\\ana.abrantes\\Desktop\\projetos\\estagiarios\\estagiarios\\vendor\\laravel\\framework\\src\\Illuminate\\Foundation\\PackageManifest.php(131): Illuminate\\Foundation\\PackageManifest->write(Array)
#5 C:\\Users\\ana.abrantes\\Desktop\\projetos\\estagiarios\\estagiarios\\vendor\\laravel\\framework\\src\\Illuminate\\Foundation\\Console\\PackageDiscoverCommand.php(36): Illuminate\\Foundation\\PackageManifest->build()
#6 C:\\Users\\ana.abrantes\\Desktop\\projetos\\estagiarios\\estagiarios\\vendor\\laravel\\framework\\src\\Illuminate\\Container\\BoundMethod.php(36): Illuminate\\Foundation\\Console\\PackageDiscoverCommand->handle(Object(Illuminate\\Foundation\\PackageManifest))
#7 C:\\Users\\ana.abrantes\\Desktop\\projetos\\estagiarios\\estagiarios\\vendor\\laravel\\framework\\src\\Illuminate\\Container\\Util.php(41): Illuminate\\Container\\BoundMethod::Illuminate\\Container\\{closure}()
#8 C:\\Users\\ana.abrantes\\Desktop\\projetos\\estagiarios\\estagiarios\\vendor\\laravel\\framework\\src\\Illuminate\\Container\\BoundMethod.php(93): Illuminate\\Container\\Util::unwrapIfClosure(Object(Closure))
#9 C:\\Users\\ana.abrantes\\Desktop\\projetos\\estagiarios\\estagiarios\\vendor\\laravel\\framework\\src\\Illuminate\\Container\\BoundMethod.php(35): Illuminate\\Container\\BoundMethod::callBoundMethod(Object(Illuminate\\Foundation\\Application), Array, Object(Closure))
#10 C:\\Users\\ana.abrantes\\Desktop\\projetos\\estagiarios\\estagiarios\\vendor\\laravel\\framework\\src\\Illuminate\\Container\\Container.php(661): Illuminate\\Container\\BoundMethod::call(Object(Illuminate\\Foundation\\Application), Array, Array, NULL)
#11 C:\\Users\\ana.abrantes\\Desktop\\projetos\\estagiarios\\estagiarios\\vendor\\laravel\\framework\\src\\Illuminate\\Console\\Command.php(194): Illuminate\\Container\\Container->call(Array)
#12 C:\\Users\\ana.abrantes\\Desktop\\projetos\\estagiarios\\estagiarios\\vendor\\symfony\\console\\Command\\Command.php(312): Illuminate\\Console\\Command->execute(Object(Symfony\\Component\\Console\\Input\\ArgvInput), Object(Illuminate\\Console\\OutputStyle))
#13 C:\\Users\\ana.abrantes\\Desktop\\projetos\\estagiarios\\estagiarios\\vendor\\laravel\\framework\\src\\Illuminate\\Console\\Command.php(163): Symfony\\Component\\Console\\Command\\Command->run(Object(Symfony\\Component\\Console\\Input\\ArgvInput), Object(Illuminate\\Console\\OutputStyle))
#14 C:\\Users\\ana.abrantes\\Desktop\\projetos\\estagiarios\\estagiarios\\vendor\\symfony\\console\\Application.php(1040): Illuminate\\Console\\Command->run(Object(Symfony\\Component\\Console\\Input\\ArgvInput), Object(Symfony\\Component\\Console\\Output\\ConsoleOutput))
#15 C:\\Users\\ana.abrantes\\Desktop\\projetos\\estagiarios\\estagiarios\\vendor\\symfony\\console\\Application.php(314): Symfony\\Component\\Console\\Application->doRunCommand(Object(Illuminate\\Foundation\\Console\\PackageDiscoverCommand), Object(Symfony\\Component\\Console\\Input\\ArgvInput), Object(Symfony\\Component\\Console\\Output\\ConsoleOutput))
#16 C:\\Users\\ana.abrantes\\Desktop\\projetos\\estagiarios\\estagiarios\\vendor\\symfony\\console\\Application.php(168): Symfony\\Component\\Console\\Application->doRun(Object(Symfony\\Component\\Console\\Input\\ArgvInput), Object(Symfony\\Component\\Console\\Output\\ConsoleOutput))
#17 C:\\Users\\ana.abrantes\\Desktop\\projetos\\estagiarios\\estagiarios\\vendor\\laravel\\framework\\src\\Illuminate\\Foundation\\Console\\Kernel.php(200): Symfony\\Component\\Console\\Application->run(Object(Symfony\\Component\\Console\\Input\\ArgvInput), Object(Symfony\\Component\\Console\\Output\\ConsoleOutput))
#18 C:\\Users\\ana.abrantes\\Desktop\\projetos\\estagiarios\\estagiarios\\artisan(35): Illuminate\\Foundation\\Console\\Kernel->handle(Object(Symfony\\Component\\Console\\Input\\ArgvInput), Object(Symfony\\Component\\Console\\Output\\ConsoleOutput))
#19 {main}
"} 
[2023-06-16 12:14:05] local.ERROR: Database connection [sqlite3] not configured. {"exception":"[object] (InvalidArgumentException(code: 0): Database connection [sqlite3] not configured. at C:\\Users\\ana.abrantes\\Desktop\\projetos\\estagiarios\\estagiarios\\vendor\\laravel\\framework\\src\\Illuminate\\Database\\DatabaseManager.php:173)
[stacktrace]
#0 C:\\Users\\ana.abrantes\\Desktop\\projetos\\estagiarios\\estagiarios\\vendor\\laravel\\framework\\src\\Illuminate\\Database\\DatabaseManager.php(136): Illuminate\\Database\\DatabaseManager->configuration('sqlite3')
#1 C:\\Users\\ana.abrantes\\Desktop\\projetos\\estagiarios\\estagiarios\\vendor\\laravel\\framework\\src\\Illuminate\\Database\\DatabaseManager.php(101): Illuminate\\Database\\DatabaseManager->makeConnection('sqlite3')
#2 C:\\Users\\ana.abrantes\\Desktop\\projetos\\estagiarios\\estagiarios\\vendor\\laravel\\framework\\src\\Illuminate\\Database\\Migrations\\DatabaseMigrationRepository.php(226): Illuminate\\Database\\DatabaseManager->connection('sqlite3')
#3 C:\\Users\\ana.abrantes\\Desktop\\projetos\\estagiarios\\estagiarios\\vendor\\laravel\\framework\\src\\Illuminate\\Database\\Migrations\\DatabaseMigrationRepository.php(182): Illuminate\\Database\\Migrations\\DatabaseMigrationRepository->getConnection()
#4 C:\\Users\\ana.abrantes\\Desktop\\projetos\\estagiarios\\estagiarios\\vendor\\laravel\\framework\\src\\Illuminate\\Database\\Migrations\\Migrator.php(699): Illuminate\\Database\\Migrations\\DatabaseMigrationRepository->repositoryExists()
#5 C:\\Users\\ana.abrantes\\Desktop\\projetos\\estagiarios\\estagiarios\\vendor\\laravel\\framework\\src\\Illuminate\\Database\\Console\\Migrations\\MigrateCommand.php(138): Illuminate\\Database\\Migrations\\Migrator->repositoryExists()
#6 C:\\Users\\ana.abrantes\\Desktop\\projetos\\estagiarios\\estagiarios\\vendor\\laravel\\framework\\src\\Illuminate\\Support\\helpers.php(247): Illuminate\\Database\\Console\\Migrations\\MigrateCommand->Illuminate\\Database\\Console\\Migrations\\{closure}(1)
#7 C:\\Users\\ana.abrantes\\Desktop\\projetos\\estagiarios\\estagiarios\\vendor\\laravel\\framework\\src\\Illuminate\\Database\\Console\\Migrations\\MigrateCommand.php(138): retry(1, Object(Closure), 0, Object(Closure))
#8 C:\\Users\\ana.abrantes\\Desktop\\projetos\\estagiarios\\estagiarios\\vendor\\laravel\\framework\\src\\Illuminate\\Database\\Console\\Migrations\\MigrateCommand.php(114): Illuminate\\Database\\Console\\Migrations\\MigrateCommand->repositoryExists()
#9 C:\\Users\\ana.abrantes\\Desktop\\projetos\\estagiarios\\estagiarios\\vendor\\laravel\\framework\\src\\Illuminate\\Database\\Console\\Migrations\\MigrateCommand.php(82): Illuminate\\Database\\Console\\Migrations\\MigrateCommand->prepareDatabase()
#10 C:\\Users\\ana.abrantes\\Desktop\\projetos\\estagiarios\\estagiarios\\vendor\\laravel\\framework\\src\\Illuminate\\Database\\Migrations\\Migrator.php(632): Illuminate\\Database\\Console\\Migrations\\MigrateCommand->Illuminate\\Database\\Console\\Migrations\\{closure}()
#11 C:\\Users\\ana.abrantes\\Desktop\\projetos\\estagiarios\\estagiarios\\vendor\\laravel\\framework\\src\\Illuminate\\Database\\Console\\Migrations\\MigrateCommand.php(81): Illuminate\\Database\\Migrations\\Migrator->usingConnection(NULL, Object(Closure))
#12 C:\\Users\\ana.abrantes\\Desktop\\projetos\\estagiarios\\estagiarios\\vendor\\laravel\\framework\\src\\Illuminate\\Container\\BoundMethod.php(36): Illuminate\\Database\\Console\\Migrations\\MigrateCommand->handle()
#13 C:\\Users\\ana.abrantes\\Desktop\\projetos\\estagiarios\\estagiarios\\vendor\\laravel\\framework\\src\\Illuminate\\Container\\Util.php(41): Illuminate\\Container\\BoundMethod::Illuminate\\Container\\{closure}()
#14 C:\\Users\\ana.abrantes\\Desktop\\projetos\\estagiarios\\estagiarios\\vendor\\laravel\\framework\\src\\Illuminate\\Container\\BoundMethod.php(93): Illuminate\\Container\\Util::unwrapIfClosure(Object(Closure))
#15 C:\\Users\\ana.abrantes\\Desktop\\projetos\\estagiarios\\estagiarios\\vendor\\laravel\\framework\\src\\Illuminate\\Container\\BoundMethod.php(35): Illuminate\\Container\\BoundMethod::callBoundMethod(Object(Illuminate\\Foundation\\Application), Array, Object(Closure))
#16 C:\\Users\\ana.abrantes\\Desktop\\projetos\\estagiarios\\estagiarios\\vendor\\laravel\\framework\\src\\Illuminate\\Container\\Container.php(661): Illuminate\\Container\\BoundMethod::call(Object(Illuminate\\Foundation\\Application), Array, Array, NULL)
#17 C:\\Users\\ana.abrantes\\Desktop\\projetos\\estagiarios\\estagiarios\\vendor\\laravel\\framework\\src\\Illuminate\\Console\\Command.php(194): Illuminate\\Container\\Container->call(Array)
#18 C:\\Users\\ana.abrantes\\Desktop\\projetos\\estagiarios\\estagiarios\\vendor\\symfony\\console\\Command\\Command.php(312): Illuminate\\Console\\Command->execute(Object(Symfony\\Component\\Console\\Input\\ArgvInput), Object(Illuminate\\Console\\OutputStyle))
#19 C:\\Users\\ana.abrantes\\Desktop\\projetos\\estagiarios\\estagiarios\\vendor\\laravel\\framework\\src\\Illuminate\\Console\\Command.php(163): Symfony\\Component\\Console\\Command\\Command->run(Object(Symfony\\Component\\Console\\Input\\ArgvInput), Object(Illuminate\\Console\\OutputStyle))
#20 C:\\Users\\ana.abrantes\\Desktop\\projetos\\estagiarios\\estagiarios\\vendor\\symfony\\console\\Application.php(1040): Illuminate\\Console\\Command->run(Object(Symfony\\Component\\Console\\Input\\ArgvInput), Object(Symfony\\Component\\Console\\Output\\ConsoleOutput))
#21 C:\\Users\\ana.abrantes\\Desktop\\projetos\\estagiarios\\estagiarios\\vendor\\symfony\\console\\Application.php(314): Symfony\\Component\\Console\\Application->doRunCommand(Object(Illuminate\\Database\\Console\\Migrations\\MigrateCommand), Object(Symfony\\Component\\Console\\Input\\ArgvInput), Object(Symfony\\Component\\Console\\Output\\ConsoleOutput))
#22 C:\\Users\\ana.abrantes\\Desktop\\projetos\\estagiarios\\estagiarios\\vendor\\symfony\\console\\Application.php(168): Symfony\\Component\\Console\\Application->doRun(Object(Symfony\\Component\\Console\\Input\\ArgvInput), Object(Symfony\\Component\\Console\\Output\\ConsoleOutput))
#23 C:\\Users\\ana.abrantes\\Desktop\\projetos\\estagiarios\\estagiarios\\vendor\\laravel\\framework\\src\\Illuminate\\Foundation\\Console\\Kernel.php(200): Symfony\\Component\\Console\\Application->run(Object(Symfony\\Component\\Console\\Input\\ArgvInput), Object(Symfony\\Component\\Console\\Output\\ConsoleOutput))
#24 C:\\Users\\ana.abrantes\\Desktop\\projetos\\estagiarios\\estagiarios\\artisan(35): Illuminate\\Foundation\\Console\\Kernel->handle(Object(Symfony\\Component\\Console\\Input\\ArgvInput), Object(Symfony\\Component\\Console\\Output\\ConsoleOutput))
#25 {main}
"} 
[2023-06-16 12:14:53] local.ERROR: Database file at path [laravel] does not exist. Ensure this is an absolute path to the database. (Connection: sqlite, SQL: PRAGMA foreign_keys = ON;) {"exception":"[object] (Illuminate\\Database\\QueryException(code: 0): Database file at path [laravel] does not exist. Ensure this is an absolute path to the database. (Connection: sqlite, SQL: PRAGMA foreign_keys = ON;) at C:\\Users\\ana.abrantes\\Desktop\\projetos\\estagiarios\\estagiarios\\vendor\\laravel\\framework\\src\\Illuminate\\Database\\Connection.php:793)
[stacktrace]
#0 C:\\Users\\ana.abrantes\\Desktop\\projetos\\estagiarios\\estagiarios\\vendor\\laravel\\framework\\src\\Illuminate\\Database\\Connection.php(753): Illuminate\\Database\\Connection->runQueryCallback('PRAGMA foreign_...', Array, Object(Closure))
#1 C:\\Users\\ana.abrantes\\Desktop\\projetos\\estagiarios\\estagiarios\\vendor\\laravel\\framework\\src\\Illuminate\\Database\\Connection.php(567): Illuminate\\Database\\Connection->run('PRAGMA foreign_...', Array, Object(Closure))
#2 C:\\Users\\ana.abrantes\\Desktop\\projetos\\estagiarios\\estagiarios\\vendor\\laravel\\framework\\src\\Illuminate\\Database\\Schema\\Builder.php(397): Illuminate\\Database\\Connection->statement('PRAGMA foreign_...')
#3 C:\\Users\\ana.abrantes\\Desktop\\projetos\\estagiarios\\estagiarios\\vendor\\laravel\\framework\\src\\Illuminate\\Database\\SQLiteConnection.php(35): Illuminate\\Database\\Schema\\Builder->enableForeignKeyConstraints()
#4 C:\\Users\\ana.abrantes\\Desktop\\projetos\\estagiarios\\estagiarios\\vendor\\laravel\\framework\\src\\Illuminate\\Database\\Connectors\\ConnectionFactory.php(272): Illuminate\\Database\\SQLiteConnection->__construct(Object(Closure), 'laravel', '', Array)
#5 C:\\Users\\ana.abrantes\\Desktop\\projetos\\estagiarios\\estagiarios\\vendor\\laravel\\framework\\src\\Illuminate\\Database\\Connectors\\ConnectionFactory.php(75): Illuminate\\Database\\Connectors\\ConnectionFactory->createConnection('sqlite', Object(Closure), 'laravel', '', Array)
#6 C:\\Users\\ana.abrantes\\Desktop\\projetos\\estagiarios\\estagiarios\\vendor\\laravel\\framework\\src\\Illuminate\\Database\\Connectors\\ConnectionFactory.php(50): Illuminate\\Database\\Connectors\\ConnectionFactory->createSingleConnection(Array)
#7 C:\\Users\\ana.abrantes\\Desktop\\projetos\\estagiarios\\estagiarios\\vendor\\laravel\\framework\\src\\Illuminate\\Database\\DatabaseManager.php(152): Illuminate\\Database\\Connectors\\ConnectionFactory->make(Array, 'sqlite')
#8 C:\\Users\\ana.abrantes\\Desktop\\projetos\\estagiarios\\estagiarios\\vendor\\laravel\\framework\\src\\Illuminate\\Database\\DatabaseManager.php(101): Illuminate\\Database\\DatabaseManager->makeConnection('sqlite')
#9 C:\\Users\\ana.abrantes\\Desktop\\projetos\\estagiarios\\estagiarios\\vendor\\laravel\\framework\\src\\Illuminate\\Database\\Eloquent\\Model.php(1820): Illuminate\\Database\\DatabaseManager->connection('sqlite')
#10 C:\\Users\\ana.abrantes\\Desktop\\projetos\\estagiarios\\estagiarios\\vendor\\laravel\\framework\\src\\Illuminate\\Database\\Eloquent\\Model.php(1786): Illuminate\\Database\\Eloquent\\Model::resolveConnection(NULL)
#11 C:\\Users\\ana.abrantes\\Desktop\\projetos\\estagiarios\\estagiarios\\vendor\\laravel\\framework\\src\\Illuminate\\Database\\Eloquent\\Model.php(1578): Illuminate\\Database\\Eloquent\\Model->getConnection()
#12 C:\\Users\\ana.abrantes\\Desktop\\projetos\\estagiarios\\estagiarios\\vendor\\laravel\\framework\\src\\Illuminate\\Database\\Eloquent\\Model.php(1497): Illuminate\\Database\\Eloquent\\Model->newBaseQueryBuilder()
#13 C:\\Users\\ana.abrantes\\Desktop\\projetos\\estagiarios\\estagiarios\\vendor\\laravel\\framework\\src\\Illuminate\\Database\\Eloquent\\Model.php(1533): Illuminate\\Database\\Eloquent\\Model->newModelQuery()
#14 C:\\Users\\ana.abrantes\\Desktop\\projetos\\estagiarios\\estagiarios\\vendor\\laravel\\framework\\src\\Illuminate\\Database\\Eloquent\\Model.php(1486): Illuminate\\Database\\Eloquent\\Model->newQueryWithoutScopes()
#15 C:\\Users\\ana.abrantes\\Desktop\\projetos\\estagiarios\\estagiarios\\vendor\\laravel\\framework\\src\\Illuminate\\Database\\Eloquent\\Model.php(1476): Illuminate\\Database\\Eloquent\\Model->newQuery()
#16 C:\\Users\\ana.abrantes\\Desktop\\projetos\\estagiarios\\estagiarios\\vendor\\laravel\\framework\\src\\Illuminate\\Database\\Eloquent\\Model.php(674): Illuminate\\Database\\Eloquent\\Model::query()
#17 C:\\Users\\ana.abrantes\\Desktop\\projetos\\estagiarios\\estagiarios\\app\\Http\\Controllers\\EstagiarioController.php(14): Illuminate\\Database\\Eloquent\\Model::all()
#18 C:\\Users\\ana.abrantes\\Desktop\\projetos\\estagiarios\\estagiarios\\vendor\\laravel\\framework\\src\\Illuminate\\Routing\\Controller.php(54): App\\Http\\Controllers\\EstagiarioController->index()
#19 C:\\Users\\ana.abrantes\\Desktop\\projetos\\estagiarios\\estagiarios\\vendor\\laravel\\framework\\src\\Illuminate\\Routing\\ControllerDispatcher.php(43): Illuminate\\Routing\\Controller->callAction('index', Array)
#20 C:\\Users\\ana.abrantes\\Desktop\\projetos\\estagiarios\\estagiarios\\vendor\\laravel\\framework\\src\\Illuminate\\Routing\\Route.php(259): Illuminate\\Routing\\ControllerDispatcher->dispatch(Object(Illuminate\\Routing\\Route), Object(App\\Http\\Controllers\\EstagiarioController), 'index')
#21 C:\\Users\\ana.abrantes\\Desktop\\projetos\\estagiarios\\estagiarios\\vendor\\laravel\\framework\\src\\Illuminate\\Routing\\Route.php(205): Illuminate\\Routing\\Route->runController()
#22 C:\\Users\\ana.abrantes\\Desktop\\projetos\\estagiarios\\estagiarios\\vendor\\laravel\\framework\\src\\Illuminate\\Routing\\Router.php(798): Illuminate\\Routing\\Route->run()
#23 C:\\Users\\ana.abrantes\\Desktop\\projetos\\estagiarios\\estagiarios\\vendor\\laravel\\framework\\src\\Illuminate\\Pipeline\\Pipeline.php(141): Illuminate\\Routing\\Router->Illuminate\\Routing\\{closure}(Object(Illuminate\\Http\\Request))
#24 C:\\Users\\ana.abrantes\\Desktop\\projetos\\estagiarios\\estagiarios\\vendor\\laravel\\framework\\src\\Illuminate\\Routing\\Middleware\\SubstituteBindings.php(50): Illuminate\\Pipeline\\Pipeline->Illuminate\\Pipeline\\{closure}(Object(Illuminate\\Http\\Request))
#25 C:\\Users\\ana.abrantes\\Desktop\\projetos\\estagiarios\\estagiarios\\vendor\\laravel\\framework\\src\\Illuminate\\Pipeline\\Pipeline.php(180): Illuminate\\Routing\\Middleware\\SubstituteBindings->handle(Object(Illuminate\\Http\\Request), Object(Closure))
#26 C:\\Users\\ana.abrantes\\Desktop\\projetos\\estagiarios\\estagiarios\\vendor\\laravel\\framework\\src\\Illuminate\\Foundation\\Http\\Middleware\\VerifyCsrfToken.php(78): Illuminate\\Pipeline\\Pipeline->Illuminate\\Pipeline\\{closure}(Object(Illuminate\\Http\\Request))
#27 C:\\Users\\ana.abrantes\\Desktop\\projetos\\estagiarios\\estagiarios\\vendor\\laravel\\framework\\src\\Illuminate\\Pipeline\\Pipeline.php(180): Illuminate\\Foundation\\Http\\Middleware\\VerifyCsrfToken->handle(Object(Illuminate\\Http\\Request), Object(Closure))
#28 C:\\Users\\ana.abrantes\\Desktop\\projetos\\estagiarios\\estagiarios\\vendor\\laravel\\framework\\src\\Illuminate\\View\\Middleware\\ShareErrorsFromSession.php(49): Illuminate\\Pipeline\\Pipeline->Illuminate\\Pipeline\\{closure}(Object(Illuminate\\Http\\Request))
#29 C:\\Users\\ana.abrantes\\Desktop\\projetos\\estagiarios\\estagiarios\\vendor\\laravel\\framework\\src\\Illuminate\\Pipeline\\Pipeline.php(180): Illuminate\\View\\Middleware\\ShareErrorsFromSession->handle(Object(Illuminate\\Http\\Request), Object(Closure))
#30 C:\\Users\\ana.abrantes\\Desktop\\projetos\\estagiarios\\estagiarios\\vendor\\laravel\\framework\\src\\Illuminate\\Session\\Middleware\\StartSession.php(121): Illuminate\\Pipeline\\Pipeline->Illuminate\\Pipeline\\{closure}(Object(Illuminate\\Http\\Request))
#31 C:\\Users\\ana.abrantes\\Desktop\\projetos\\estagiarios\\estagiarios\\vendor\\laravel\\framework\\src\\Illuminate\\Session\\Middleware\\StartSession.php(64): Illuminate\\Session\\Middleware\\StartSession->handleStatefulRequest(Object(Illuminate\\Http\\Request), Object(Illuminate\\Session\\Store), Object(Closure))
#32 C:\\Users\\ana.abrantes\\Desktop\\projetos\\estagiarios\\estagiarios\\vendor\\laravel\\framework\\src\\Illuminate\\Pipeline\\Pipeline.php(180): Illuminate\\Session\\Middleware\\StartSession->handle(Object(Illuminate\\Http\\Request), Object(Closure))
#33 C:\\Users\\ana.abrantes\\Desktop\\projetos\\estagiarios\\estagiarios\\vendor\\laravel\\framework\\src\\Illuminate\\Cookie\\Middleware\\AddQueuedCookiesToResponse.php(37): Illuminate\\Pipeline\\Pipeline->Illuminate\\Pipeline\\{closure}(Object(Illuminate\\Http\\Request))
#34 C:\\Users\\ana.abrantes\\Desktop\\projetos\\estagiarios\\estagiarios\\vendor\\laravel\\framework\\src\\Illuminate\\Pipeline\\Pipeline.php(180): Illuminate\\Cookie\\Middleware\\AddQueuedCookiesToResponse->handle(Object(Illuminate\\Http\\Request), Object(Closure))
#35 C:\\Users\\ana.abrantes\\Desktop\\projetos\\estagiarios\\estagiarios\\vendor\\laravel\\framework\\src\\Illuminate\\Cookie\\Middleware\\EncryptCookies.php(67): Illuminate\\Pipeline\\Pipeline->Illuminate\\Pipeline\\{closure}(Object(Illuminate\\Http\\Request))
#36 C:\\Users\\ana.abrantes\\Desktop\\projetos\\estagiarios\\estagiarios\\vendor\\laravel\\framework\\src\\Illuminate\\Pipeline\\Pipeline.php(180): Illuminate\\Cookie\\Middleware\\EncryptCookies->handle(Object(Illuminate\\Http\\Request), Object(Closure))
#37 C:\\Users\\ana.abrantes\\Desktop\\projetos\\estagiarios\\estagiarios\\vendor\\laravel\\framework\\src\\Illuminate\\Pipeline\\Pipeline.php(116): Illuminate\\Pipeline\\Pipeline->Illuminate\\Pipeline\\{closure}(Object(Illuminate\\Http\\Request))
#38 C:\\Users\\ana.abrantes\\Desktop\\projetos\\estagiarios\\estagiarios\\vendor\\laravel\\framework\\src\\Illuminate\\Routing\\Router.php(797): Illuminate\\Pipeline\\Pipeline->then(Object(Closure))
#39 C:\\Users\\ana.abrantes\\Desktop\\projetos\\estagiarios\\estagiarios\\vendor\\laravel\\framework\\src\\Illuminate\\Routing\\Router.php(776): Illuminate\\Routing\\Router->runRouteWithinStack(Object(Illuminate\\Routing\\Route), Object(Illuminate\\Http\\Request))
#40 C:\\Users\\ana.abrantes\\Desktop\\projetos\\estagiarios\\estagiarios\\vendor\\laravel\\framework\\src\\Illuminate\\Routing\\Router.php(740): Illuminate\\Routing\\Router->runRoute(Object(Illuminate\\Http\\Request), Object(Illuminate\\Routing\\Route))
#41 C:\\Users\\ana.abrantes\\Desktop\\projetos\\estagiarios\\estagiarios\\vendor\\laravel\\framework\\src\\Illuminate\\Routing\\Router.php(729): Illuminate\\Routing\\Router->dispatchToRoute(Object(Illuminate\\Http\\Request))
#42 C:\\Users\\ana.abrantes\\Desktop\\projetos\\estagiarios\\estagiarios\\vendor\\laravel\\framework\\src\\Illuminate\\Foundation\\Http\\Kernel.php(200): Illuminate\\Routing\\Router->dispatch(Object(Illuminate\\Http\\Request))
#43 C:\\Users\\ana.abrantes\\Desktop\\projetos\\estagiarios\\estagiarios\\vendor\\laravel\\framework\\src\\Illuminate\\Pipeline\\Pipeline.php(141): Illuminate\\Foundation\\Http\\Kernel->Illuminate\\Foundation\\Http\\{closure}(Object(Illuminate\\Http\\Request))
#44 C:\\Users\\ana.abrantes\\Desktop\\projetos\\estagiarios\\estagiarios\\vendor\\laravel\\framework\\src\\Illuminate\\Foundation\\Http\\Middleware\\TransformsRequest.php(21): Illuminate\\Pipeline\\Pipeline->Illuminate\\Pipeline\\{closure}(Object(Illuminate\\Http\\Request))
#45 C:\\Users\\ana.abrantes\\Desktop\\projetos\\estagiarios\\estagiarios\\vendor\\laravel\\framework\\src\\Illuminate\\Foundation\\Http\\Middleware\\ConvertEmptyStringsToNull.php(31): Illuminate\\Foundation\\Http\\Middleware\\TransformsRequest->handle(Object(Illuminate\\Http\\Request), Object(Closure))
#46 C:\\Users\\ana.abrantes\\Desktop\\projetos\\estagiarios\\estagiarios\\vendor\\laravel\\framework\\src\\Illuminate\\Pipeline\\Pipeline.php(180): Illuminate\\Foundation\\Http\\Middleware\\ConvertEmptyStringsToNull->handle(Object(Illuminate\\Http\\Request), Object(Closure))
#47 C:\\Users\\ana.abrantes\\Desktop\\projetos\\estagiarios\\estagiarios\\vendor\\laravel\\framework\\src\\Illuminate\\Foundation\\Http\\Middleware\\TransformsRequest.php(21): Illuminate\\Pipeline\\Pipeline->Illuminate\\Pipeline\\{closure}(Object(Illuminate\\Http\\Request))
#48 C:\\Users\\ana.abrantes\\Desktop\\projetos\\estagiarios\\estagiarios\\vendor\\laravel\\framework\\src\\Illuminate\\Foundation\\Http\\Middleware\\TrimStrings.php(40): Illuminate\\Foundation\\Http\\Middleware\\TransformsRequest->handle(Object(Illuminate\\Http\\Request), Object(Closure))
#49 C:\\Users\\ana.abrantes\\Desktop\\projetos\\estagiarios\\estagiarios\\vendor\\laravel\\framework\\src\\Illuminate\\Pipeline\\Pipeline.php(180): Illuminate\\Foundation\\Http\\Middleware\\TrimStrings->handle(Object(Illuminate\\Http\\Request), Object(Closure))
#50 C:\\Users\\ana.abrantes\\Desktop\\projetos\\estagiarios\\estagiarios\\vendor\\laravel\\framework\\src\\Illuminate\\Foundation\\Http\\Middleware\\ValidatePostSize.php(27): Illuminate\\Pipeline\\Pipeline->Illuminate\\Pipeline\\{closure}(Object(Illuminate\\Http\\Request))
#51 C:\\Users\\ana.abrantes\\Desktop\\projetos\\estagiarios\\estagiarios\\vendor\\laravel\\framework\\src\\Illuminate\\Pipeline\\Pipeline.php(180): Illuminate\\Foundation\\Http\\Middleware\\ValidatePostSize->handle(Object(Illuminate\\Http\\Request), Object(Closure))
#52 C:\\Users\\ana.abrantes\\Desktop\\projetos\\estagiarios\\estagiarios\\vendor\\laravel\\framework\\src\\Illuminate\\Foundation\\Http\\Middleware\\PreventRequestsDuringMaintenance.php(86): Illuminate\\Pipeline\\Pipeline->Illuminate\\Pipeline\\{closure}(Object(Illuminate\\Http\\Request))
#53 C:\\Users\\ana.abrantes\\Desktop\\projetos\\estagiarios\\estagiarios\\vendor\\laravel\\framework\\src\\Illuminate\\Pipeline\\Pipeline.php(180): Illuminate\\Foundation\\Http\\Middleware\\PreventRequestsDuringMaintenance->handle(Object(Illuminate\\Http\\Request), Object(Closure))
#54 C:\\Users\\ana.abrantes\\Desktop\\projetos\\estagiarios\\estagiarios\\vendor\\laravel\\framework\\src\\Illuminate\\Http\\Middleware\\HandleCors.php(49): Illuminate\\Pipeline\\Pipeline->Illuminate\\Pipeline\\{closure}(Object(Illuminate\\Http\\Request))
#55 C:\\Users\\ana.abrantes\\Desktop\\projetos\\estagiarios\\estagiarios\\vendor\\laravel\\framework\\src\\Illuminate\\Pipeline\\Pipeline.php(180): Illuminate\\Http\\Middleware\\HandleCors->handle(Object(Illuminate\\Http\\Request), Object(Closure))
#56 C:\\Users\\ana.abrantes\\Desktop\\projetos\\estagiarios\\estagiarios\\vendor\\laravel\\framework\\src\\Illuminate\\Http\\Middleware\\TrustProxies.php(39): Illuminate\\Pipeline\\Pipeline->Illuminate\\Pipeline\\{closure}(Object(Illuminate\\Http\\Request))
#57 C:\\Users\\ana.abrantes\\Desktop\\projetos\\estagiarios\\estagiarios\\vendor\\laravel\\framework\\src\\Illuminate\\Pipeline\\Pipeline.php(180): Illuminate\\Http\\Middleware\\TrustProxies->handle(Object(Illuminate\\Http\\Request), Object(Closure))
#58 C:\\Users\\ana.abrantes\\Desktop\\projetos\\estagiarios\\estagiarios\\vendor\\laravel\\framework\\src\\Illuminate\\Pipeline\\Pipeline.php(116): Illuminate\\Pipeline\\Pipeline->Illuminate\\Pipeline\\{closure}(Object(Illuminate\\Http\\Request))
#59 C:\\Users\\ana.abrantes\\Desktop\\projetos\\estagiarios\\estagiarios\\vendor\\laravel\\framework\\src\\Illuminate\\Foundation\\Http\\Kernel.php(175): Illuminate\\Pipeline\\Pipeline->then(Object(Closure))
#60 C:\\Users\\ana.abrantes\\Desktop\\projetos\\estagiarios\\estagiarios\\vendor\\laravel\\framework\\src\\Illuminate\\Foundation\\Http\\Kernel.php(144): Illuminate\\Foundation\\Http\\Kernel->sendRequestThroughRouter(Object(Illuminate\\Http\\Request))
#61 C:\\Users\\ana.abrantes\\Desktop\\projetos\\estagiarios\\estagiarios\\public\\index.php(51): Illuminate\\Foundation\\Http\\Kernel->handle(Object(Illuminate\\Http\\Request))
#62 C:\\Users\\ana.abrantes\\Desktop\\projetos\\estagiarios\\estagiarios\\vendor\\laravel\\framework\\src\\Illuminate\\Foundation\\resources\\server.php(16): require_once('C:\\\\Users\\\\ana.ab...')
#63 {main}

[previous exception] [object] (Illuminate\\Database\\SQLiteDatabaseDoesNotExistException(code: 0): Database file at path [laravel] does not exist. Ensure this is an absolute path to the database. at C:\\Users\\ana.abrantes\\Desktop\\projetos\\estagiarios\\estagiarios\\vendor\\laravel\\framework\\src\\Illuminate\\Database\\Connectors\\SQLiteConnector.php:34)
[stacktrace]
#0 C:\\Users\\ana.abrantes\\Desktop\\projetos\\estagiarios\\estagiarios\\vendor\\laravel\\framework\\src\\Illuminate\\Database\\Connectors\\ConnectionFactory.php(221): Illuminate\\Database\\Connectors\\SQLiteConnector->connect(Array)
#1 [internal function]: Illuminate\\Database\\Connectors\\ConnectionFactory->Illuminate\\Database\\Connectors\\{closure}()
#2 C:\\Users\\ana.abrantes\\Desktop\\projetos\\estagiarios\\estagiarios\\vendor\\laravel\\framework\\src\\Illuminate\\Database\\Connection.php(1210): call_user_func(Object(Closure))
#3 C:\\Users\\ana.abrantes\\Desktop\\projetos\\estagiarios\\estagiarios\\vendor\\laravel\\framework\\src\\Illuminate\\Database\\Connection.php(572): Illuminate\\Database\\Connection->getPdo()
#4 C:\\Users\\ana.abrantes\\Desktop\\projetos\\estagiarios\\estagiarios\\vendor\\laravel\\framework\\src\\Illuminate\\Database\\Connection.php(786): Illuminate\\Database\\Connection->Illuminate\\Database\\{closure}('PRAGMA foreign_...', Array)
#5 C:\\Users\\ana.abrantes\\Desktop\\projetos\\estagiarios\\estagiarios\\vendor\\laravel\\framework\\src\\Illuminate\\Database\\Connection.php(753): Illuminate\\Database\\Connection->runQueryCallback('PRAGMA foreign_...', Array, Object(Closure))
#6 C:\\Users\\ana.abrantes\\Desktop\\projetos\\estagiarios\\estagiarios\\vendor\\laravel\\framework\\src\\Illuminate\\Database\\Connection.php(567): Illuminate\\Database\\Connection->run('PRAGMA foreign_...', Array, Object(Closure))
#7 C:\\Users\\ana.abrantes\\Desktop\\projetos\\estagiarios\\estagiarios\\vendor\\laravel\\framework\\src\\Illuminate\\Database\\Schema\\Builder.php(397): Illuminate\\Database\\Connection->statement('PRAGMA foreign_...')
#8 C:\\Users\\ana.abrantes\\Desktop\\projetos\\estagiarios\\estagiarios\\vendor\\laravel\\framework\\src\\Illuminate\\Database\\SQLiteConnection.php(35): Illuminate\\Database\\Schema\\Builder->enableForeignKeyConstraints()
#9 C:\\Users\\ana.abrantes\\Desktop\\projetos\\estagiarios\\estagiarios\\vendor\\laravel\\framework\\src\\Illuminate\\Database\\Connectors\\ConnectionFactory.php(272): Illuminate\\Database\\SQLiteConnection->__construct(Object(Closure), 'laravel', '', Array)
#10 C:\\Users\\ana.abrantes\\Desktop\\projetos\\estagiarios\\estagiarios\\vendor\\laravel\\framework\\src\\Illuminate\\Database\\Connectors\\ConnectionFactory.php(75): Illuminate\\Database\\Connectors\\ConnectionFactory->createConnection('sqlite', Object(Closure), 'laravel', '', Array)
#11 C:\\Users\\ana.abrantes\\Desktop\\projetos\\estagiarios\\estagiarios\\vendor\\laravel\\framework\\src\\Illuminate\\Database\\Connectors\\ConnectionFactory.php(50): Illuminate\\Database\\Connectors\\ConnectionFactory->createSingleConnection(Array)
#12 C:\\Users\\ana.abrantes\\Desktop\\projetos\\estagiarios\\estagiarios\\vendor\\laravel\\framework\\src\\Illuminate\\Database\\DatabaseManager.php(152): Illuminate\\Database\\Connectors\\ConnectionFactory->make(Array, 'sqlite')
#13 C:\\Users\\ana.abrantes\\Desktop\\projetos\\estagiarios\\estagiarios\\vendor\\laravel\\framework\\src\\Illuminate\\Database\\DatabaseManager.php(101): Illuminate\\Database\\DatabaseManager->makeConnection('sqlite')
#14 C:\\Users\\ana.abrantes\\Desktop\\projetos\\estagiarios\\estagiarios\\vendor\\laravel\\framework\\src\\Illuminate\\Database\\Eloquent\\Model.php(1820): Illuminate\\Database\\DatabaseManager->connection('sqlite')
#15 C:\\Users\\ana.abrantes\\Desktop\\projetos\\estagiarios\\estagiarios\\vendor\\laravel\\framework\\src\\Illuminate\\Database\\Eloquent\\Model.php(1786): Illuminate\\Database\\Eloquent\\Model::resolveConnection(NULL)
#16 C:\\Users\\ana.abrantes\\Desktop\\projetos\\estagiarios\\estagiarios\\vendor\\laravel\\framework\\src\\Illuminate\\Database\\Eloquent\\Model.php(1578): Illuminate\\Database\\Eloquent\\Model->getConnection()
#17 C:\\Users\\ana.abrantes\\Desktop\\projetos\\estagiarios\\estagiarios\\vendor\\laravel\\framework\\src\\Illuminate\\Database\\Eloquent\\Model.php(1497): Illuminate\\Database\\Eloquent\\Model->newBaseQueryBuilder()
#18 C:\\Users\\ana.abrantes\\Desktop\\projetos\\estagiarios\\estagiarios\\vendor\\laravel\\framework\\src\\Illuminate\\Database\\Eloquent\\Model.php(1533): Illuminate\\Database\\Eloquent\\Model->newModelQuery()
#19 C:\\Users\\ana.abrantes\\Desktop\\projetos\\estagiarios\\estagiarios\\vendor\\laravel\\framework\\src\\Illuminate\\Database\\Eloquent\\Model.php(1486): Illuminate\\Database\\Eloquent\\Model->newQueryWithoutScopes()
#20 C:\\Users\\ana.abrantes\\Desktop\\projetos\\estagiarios\\estagiarios\\vendor\\laravel\\framework\\src\\Illuminate\\Database\\Eloquent\\Model.php(1476): Illuminate\\Database\\Eloquent\\Model->newQuery()
#21 C:\\Users\\ana.abrantes\\Desktop\\projetos\\estagiarios\\estagiarios\\vendor\\laravel\\framework\\src\\Illuminate\\Database\\Eloquent\\Model.php(674): Illuminate\\Database\\Eloquent\\Model::query()
#22 C:\\Users\\ana.abrantes\\Desktop\\projetos\\estagiarios\\estagiarios\\app\\Http\\Controllers\\EstagiarioController.php(14): Illuminate\\Database\\Eloquent\\Model::all()
#23 C:\\Users\\ana.abrantes\\Desktop\\projetos\\estagiarios\\estagiarios\\vendor\\laravel\\framework\\src\\Illuminate\\Routing\\Controller.php(54): App\\Http\\Controllers\\EstagiarioController->index()
#24 C:\\Users\\ana.abrantes\\Desktop\\projetos\\estagiarios\\estagiarios\\vendor\\laravel\\framework\\src\\Illuminate\\Routing\\ControllerDispatcher.php(43): Illuminate\\Routing\\Controller->callAction('index', Array)
#25 C:\\Users\\ana.abrantes\\Desktop\\projetos\\estagiarios\\estagiarios\\vendor\\laravel\\framework\\src\\Illuminate\\Routing\\Route.php(259): Illuminate\\Routing\\ControllerDispatcher->dispatch(Object(Illuminate\\Routing\\Route), Object(App\\Http\\Controllers\\EstagiarioController), 'index')
#26 C:\\Users\\ana.abrantes\\Desktop\\projetos\\estagiarios\\estagiarios\\vendor\\laravel\\framework\\src\\Illuminate\\Routing\\Route.php(205): Illuminate\\Routing\\Route->runController()
#27 C:\\Users\\ana.abrantes\\Desktop\\projetos\\estagiarios\\estagiarios\\vendor\\laravel\\framework\\src\\Illuminate\\Routing\\Router.php(798): Illuminate\\Routing\\Route->run()
#28 C:\\Users\\ana.abrantes\\Desktop\\projetos\\estagiarios\\estagiarios\\vendor\\laravel\\framework\\src\\Illuminate\\Pipeline\\Pipeline.php(141): Illuminate\\Routing\\Router->Illuminate\\Routing\\{closure}(Object(Illuminate\\Http\\Request))
#29 C:\\Users\\ana.abrantes\\Desktop\\projetos\\estagiarios\\estagiarios\\vendor\\laravel\\framework\\src\\Illuminate\\Routing\\Middleware\\SubstituteBindings.php(50): Illuminate\\Pipeline\\Pipeline->Illuminate\\Pipeline\\{closure}(Object(Illuminate\\Http\\Request))
#30 C:\\Users\\ana.abrantes\\Desktop\\projetos\\estagiarios\\estagiarios\\vendor\\laravel\\framework\\src\\Illuminate\\Pipeline\\Pipeline.php(180): Illuminate\\Routing\\Middleware\\SubstituteBindings->handle(Object(Illuminate\\Http\\Request), Object(Closure))
#31 C:\\Users\\ana.abrantes\\Desktop\\projetos\\estagiarios\\estagiarios\\vendor\\laravel\\framework\\src\\Illuminate\\Foundation\\Http\\Middleware\\VerifyCsrfToken.php(78): Illuminate\\Pipeline\\Pipeline->Illuminate\\Pipeline\\{closure}(Object(Illuminate\\Http\\Request))
#32 C:\\Users\\ana.abrantes\\Desktop\\projetos\\estagiarios\\estagiarios\\vendor\\laravel\\framework\\src\\Illuminate\\Pipeline\\Pipeline.php(180): Illuminate\\Foundation\\Http\\Middleware\\VerifyCsrfToken->handle(Object(Illuminate\\Http\\Request), Object(Closure))
#33 C:\\Users\\ana.abrantes\\Desktop\\projetos\\estagiarios\\estagiarios\\vendor\\laravel\\framework\\src\\Illuminate\\View\\Middleware\\ShareErrorsFromSession.php(49): Illuminate\\Pipeline\\Pipeline->Illuminate\\Pipeline\\{closure}(Object(Illuminate\\Http\\Request))
#34 C:\\Users\\ana.abrantes\\Desktop\\projetos\\estagiarios\\estagiarios\\vendor\\laravel\\framework\\src\\Illuminate\\Pipeline\\Pipeline.php(180): Illuminate\\View\\Middleware\\ShareErrorsFromSession->handle(Object(Illuminate\\Http\\Request), Object(Closure))
#35 C:\\Users\\ana.abrantes\\Desktop\\projetos\\estagiarios\\estagiarios\\vendor\\laravel\\framework\\src\\Illuminate\\Session\\Middleware\\StartSession.php(121): Illuminate\\Pipeline\\Pipeline->Illuminate\\Pipeline\\{closure}(Object(Illuminate\\Http\\Request))
#36 C:\\Users\\ana.abrantes\\Desktop\\projetos\\estagiarios\\estagiarios\\vendor\\laravel\\framework\\src\\Illuminate\\Session\\Middleware\\StartSession.php(64): Illuminate\\Session\\Middleware\\StartSession->handleStatefulRequest(Object(Illuminate\\Http\\Request), Object(Illuminate\\Session\\Store), Object(Closure))
#37 C:\\Users\\ana.abrantes\\Desktop\\projetos\\estagiarios\\estagiarios\\vendor\\laravel\\framework\\src\\Illuminate\\Pipeline\\Pipeline.php(180): Illuminate\\Session\\Middleware\\StartSession->handle(Object(Illuminate\\Http\\Request), Object(Closure))
#38 C:\\Users\\ana.abrantes\\Desktop\\projetos\\estagiarios\\estagiarios\\vendor\\laravel\\framework\\src\\Illuminate\\Cookie\\Middleware\\AddQueuedCookiesToResponse.php(37): Illuminate\\Pipeline\\Pipeline->Illuminate\\Pipeline\\{closure}(Object(Illuminate\\Http\\Request))
#39 C:\\Users\\ana.abrantes\\Desktop\\projetos\\estagiarios\\estagiarios\\vendor\\laravel\\framework\\src\\Illuminate\\Pipeline\\Pipeline.php(180): Illuminate\\Cookie\\Middleware\\AddQueuedCookiesToResponse->handle(Object(Illuminate\\Http\\Request), Object(Closure))
#40 C:\\Users\\ana.abrantes\\Desktop\\projetos\\estagiarios\\estagiarios\\vendor\\laravel\\framework\\src\\Illuminate\\Cookie\\Middleware\\EncryptCookies.php(67): Illuminate\\Pipeline\\Pipeline->Illuminate\\Pipeline\\{closure}(Object(Illuminate\\Http\\Request))
#41 C:\\Users\\ana.abrantes\\Desktop\\projetos\\estagiarios\\estagiarios\\vendor\\laravel\\framework\\src\\Illuminate\\Pipeline\\Pipeline.php(180): Illuminate\\Cookie\\Middleware\\EncryptCookies->handle(Object(Illuminate\\Http\\Request), Object(Closure))
#42 C:\\Users\\ana.abrantes\\Desktop\\projetos\\estagiarios\\estagiarios\\vendor\\laravel\\framework\\src\\Illuminate\\Pipeline\\Pipeline.php(116): Illuminate\\Pipeline\\Pipeline->Illuminate\\Pipeline\\{closure}(Object(Illuminate\\Http\\Request))
#43 C:\\Users\\ana.abrantes\\Desktop\\projetos\\estagiarios\\estagiarios\\vendor\\laravel\\framework\\src\\Illuminate\\Routing\\Router.php(797): Illuminate\\Pipeline\\Pipeline->then(Object(Closure))
#44 C:\\Users\\ana.abrantes\\Desktop\\projetos\\estagiarios\\estagiarios\\vendor\\laravel\\framework\\src\\Illuminate\\Routing\\Router.php(776): Illuminate\\Routing\\Router->runRouteWithinStack(Object(Illuminate\\Routing\\Route), Object(Illuminate\\Http\\Request))
#45 C:\\Users\\ana.abrantes\\Desktop\\projetos\\estagiarios\\estagiarios\\vendor\\laravel\\framework\\src\\Illuminate\\Routing\\Router.php(740): Illuminate\\Routing\\Router->runRoute(Object(Illuminate\\Http\\Request), Object(Illuminate\\Routing\\Route))
#46 C:\\Users\\ana.abrantes\\Desktop\\projetos\\estagiarios\\estagiarios\\vendor\\laravel\\framework\\src\\Illuminate\\Routing\\Router.php(729): Illuminate\\Routing\\Router->dispatchToRoute(Object(Illuminate\\Http\\Request))
#47 C:\\Users\\ana.abrantes\\Desktop\\projetos\\estagiarios\\estagiarios\\vendor\\laravel\\framework\\src\\Illuminate\\Foundation\\Http\\Kernel.php(200): Illuminate\\Routing\\Router->dispatch(Object(Illuminate\\Http\\Request))
#48 C:\\Users\\ana.abrantes\\Desktop\\projetos\\estagiarios\\estagiarios\\vendor\\laravel\\framework\\src\\Illuminate\\Pipeline\\Pipeline.php(141): Illuminate\\Foundation\\Http\\Kernel->Illuminate\\Foundation\\Http\\{closure}(Object(Illuminate\\Http\\Request))
#49 C:\\Users\\ana.abrantes\\Desktop\\projetos\\estagiarios\\estagiarios\\vendor\\laravel\\framework\\src\\Illuminate\\Foundation\\Http\\Middleware\\TransformsRequest.php(21): Illuminate\\Pipeline\\Pipeline->Illuminate\\Pipeline\\{closure}(Object(Illuminate\\Http\\Request))
#50 C:\\Users\\ana.abrantes\\Desktop\\projetos\\estagiarios\\estagiarios\\vendor\\laravel\\framework\\src\\Illuminate\\Foundation\\Http\\Middleware\\ConvertEmptyStringsToNull.php(31): Illuminate\\Foundation\\Http\\Middleware\\TransformsRequest->handle(Object(Illuminate\\Http\\Request), Object(Closure))
#51 C:\\Users\\ana.abrantes\\Desktop\\projetos\\estagiarios\\estagiarios\\vendor\\laravel\\framework\\src\\Illuminate\\Pipeline\\Pipeline.php(180): Illuminate\\Foundation\\Http\\Middleware\\ConvertEmptyStringsToNull->handle(Object(Illuminate\\Http\\Request), Object(Closure))
#52 C:\\Users\\ana.abrantes\\Desktop\\projetos\\estagiarios\\estagiarios\\vendor\\laravel\\framework\\src\\Illuminate\\Foundation\\Http\\Middleware\\TransformsRequest.php(21): Illuminate\\Pipeline\\Pipeline->Illuminate\\Pipeline\\{closure}(Object(Illuminate\\Http\\Request))
#53 C:\\Users\\ana.abrantes\\Desktop\\projetos\\estagiarios\\estagiarios\\vendor\\laravel\\framework\\src\\Illuminate\\Foundation\\Http\\Middleware\\TrimStrings.php(40): Illuminate\\Foundation\\Http\\Middleware\\TransformsRequest->handle(Object(Illuminate\\Http\\Request), Object(Closure))
#54 C:\\Users\\ana.abrantes\\Desktop\\projetos\\estagiarios\\estagiarios\\vendor\\laravel\\framework\\src\\Illuminate\\Pipeline\\Pipeline.php(180): Illuminate\\Foundation\\Http\\Middleware\\TrimStrings->handle(Object(Illuminate\\Http\\Request), Object(Closure))
#55 C:\\Users\\ana.abrantes\\Desktop\\projetos\\estagiarios\\estagiarios\\vendor\\laravel\\framework\\src\\Illuminate\\Foundation\\Http\\Middleware\\ValidatePostSize.php(27): Illuminate\\Pipeline\\Pipeline->Illuminate\\Pipeline\\{closure}(Object(Illuminate\\Http\\Request))
#56 C:\\Users\\ana.abrantes\\Desktop\\projetos\\estagiarios\\estagiarios\\vendor\\laravel\\framework\\src\\Illuminate\\Pipeline\\Pipeline.php(180): Illuminate\\Foundation\\Http\\Middleware\\ValidatePostSize->handle(Object(Illuminate\\Http\\Request), Object(Closure))
#57 C:\\Users\\ana.abrantes\\Desktop\\projetos\\estagiarios\\estagiarios\\vendor\\laravel\\framework\\src\\Illuminate\\Foundation\\Http\\Middleware\\PreventRequestsDuringMaintenance.php(86): Illuminate\\Pipeline\\Pipeline->Illuminate\\Pipeline\\{closure}(Object(Illuminate\\Http\\Request))
#58 C:\\Users\\ana.abrantes\\Desktop\\projetos\\estagiarios\\estagiarios\\vendor\\laravel\\framework\\src\\Illuminate\\Pipeline\\Pipeline.php(180): Illuminate\\Foundation\\Http\\Middleware\\PreventRequestsDuringMaintenance->handle(Object(Illuminate\\Http\\Request), Object(Closure))
#59 C:\\Users\\ana.abrantes\\Desktop\\projetos\\estagiarios\\estagiarios\\vendor\\laravel\\framework\\src\\Illuminate\\Http\\Middleware\\HandleCors.php(49): Illuminate\\Pipeline\\Pipeline->Illuminate\\Pipeline\\{closure}(Object(Illuminate\\Http\\Request))
#60 C:\\Users\\ana.abrantes\\Desktop\\projetos\\estagiarios\\estagiarios\\vendor\\laravel\\framework\\src\\Illuminate\\Pipeline\\Pipeline.php(180): Illuminate\\Http\\Middleware\\HandleCors->handle(Object(Illuminate\\Http\\Request), Object(Closure))
#61 C:\\Users\\ana.abrantes\\Desktop\\projetos\\estagiarios\\estagiarios\\vendor\\laravel\\framework\\src\\Illuminate\\Http\\Middleware\\TrustProxies.php(39): Illuminate\\Pipeline\\Pipeline->Illuminate\\Pipeline\\{closure}(Object(Illuminate\\Http\\Request))
#62 C:\\Users\\ana.abrantes\\Desktop\\projetos\\estagiarios\\estagiarios\\vendor\\laravel\\framework\\src\\Illuminate\\Pipeline\\Pipeline.php(180): Illuminate\\Http\\Middleware\\TrustProxies->handle(Object(Illuminate\\Http\\Request), Object(Closure))
#63 C:\\Users\\ana.abrantes\\Desktop\\projetos\\estagiarios\\estagiarios\\vendor\\laravel\\framework\\src\\Illuminate\\Pipeline\\Pipeline.php(116): Illuminate\\Pipeline\\Pipeline->Illuminate\\Pipeline\\{closure}(Object(Illuminate\\Http\\Request))
#64 C:\\Users\\ana.abrantes\\Desktop\\projetos\\estagiarios\\estagiarios\\vendor\\laravel\\framework\\src\\Illuminate\\Foundation\\Http\\Kernel.php(175): Illuminate\\Pipeline\\Pipeline->then(Object(Closure))
#65 C:\\Users\\ana.abrantes\\Desktop\\projetos\\estagiarios\\estagiarios\\vendor\\laravel\\framework\\src\\Illuminate\\Foundation\\Http\\Kernel.php(144): Illuminate\\Foundation\\Http\\Kernel->sendRequestThroughRouter(Object(Illuminate\\Http\\Request))
#66 C:\\Users\\ana.abrantes\\Desktop\\projetos\\estagiarios\\estagiarios\\public\\index.php(51): Illuminate\\Foundation\\Http\\Kernel->handle(Object(Illuminate\\Http\\Request))
#67 C:\\Users\\ana.abrantes\\Desktop\\projetos\\estagiarios\\estagiarios\\vendor\\laravel\\framework\\src\\Illuminate\\Foundation\\resources\\server.php(16): require_once('C:\\\\Users\\\\ana.ab...')
#68 {main}
"} 
[2023-06-16 12:33:11] local.ERROR: Database file at path [estagiarios] does not exist. Ensure this is an absolute path to the database. (Connection: sqlite, SQL: PRAGMA foreign_keys = ON;) {"exception":"[object] (Illuminate\\Database\\QueryException(code: 0): Database file at path [estagiarios] does not exist. Ensure this is an absolute path to the database. (Connection: sqlite, SQL: PRAGMA foreign_keys = ON;) at C:\\Users\\ana.abrantes\\Desktop\\projetos\\estagiarios\\estagiarios\\vendor\\laravel\\framework\\src\\Illuminate\\Database\\Connection.php:793)
[stacktrace]
#0 C:\\Users\\ana.abrantes\\Desktop\\projetos\\estagiarios\\estagiarios\\vendor\\laravel\\framework\\src\\Illuminate\\Database\\Connection.php(753): Illuminate\\Database\\Connection->runQueryCallback('PRAGMA foreign_...', Array, Object(Closure))
#1 C:\\Users\\ana.abrantes\\Desktop\\projetos\\estagiarios\\estagiarios\\vendor\\laravel\\framework\\src\\Illuminate\\Database\\Connection.php(567): Illuminate\\Database\\Connection->run('PRAGMA foreign_...', Array, Object(Closure))
#2 C:\\Users\\ana.abrantes\\Desktop\\projetos\\estagiarios\\estagiarios\\vendor\\laravel\\framework\\src\\Illuminate\\Database\\Schema\\Builder.php(397): Illuminate\\Database\\Connection->statement('PRAGMA foreign_...')
#3 C:\\Users\\ana.abrantes\\Desktop\\projetos\\estagiarios\\estagiarios\\vendor\\laravel\\framework\\src\\Illuminate\\Database\\SQLiteConnection.php(35): Illuminate\\Database\\Schema\\Builder->enableForeignKeyConstraints()
#4 C:\\Users\\ana.abrantes\\Desktop\\projetos\\estagiarios\\estagiarios\\vendor\\laravel\\framework\\src\\Illuminate\\Database\\Connectors\\ConnectionFactory.php(272): Illuminate\\Database\\SQLiteConnection->__construct(Object(Closure), 'estagiarios', '', Array)
#5 C:\\Users\\ana.abrantes\\Desktop\\projetos\\estagiarios\\estagiarios\\vendor\\laravel\\framework\\src\\Illuminate\\Database\\Connectors\\ConnectionFactory.php(75): Illuminate\\Database\\Connectors\\ConnectionFactory->createConnection('sqlite', Object(Closure), 'estagiarios', '', Array)
#6 C:\\Users\\ana.abrantes\\Desktop\\projetos\\estagiarios\\estagiarios\\vendor\\laravel\\framework\\src\\Illuminate\\Database\\Connectors\\ConnectionFactory.php(50): Illuminate\\Database\\Connectors\\ConnectionFactory->createSingleConnection(Array)
#7 C:\\Users\\ana.abrantes\\Desktop\\projetos\\estagiarios\\estagiarios\\vendor\\laravel\\framework\\src\\Illuminate\\Database\\DatabaseManager.php(152): Illuminate\\Database\\Connectors\\ConnectionFactory->make(Array, 'sqlite')
#8 C:\\Users\\ana.abrantes\\Desktop\\projetos\\estagiarios\\estagiarios\\vendor\\laravel\\framework\\src\\Illuminate\\Database\\DatabaseManager.php(101): Illuminate\\Database\\DatabaseManager->makeConnection('sqlite')
#9 C:\\Users\\ana.abrantes\\Desktop\\projetos\\estagiarios\\estagiarios\\vendor\\laravel\\framework\\src\\Illuminate\\Database\\Eloquent\\Model.php(1820): Illuminate\\Database\\DatabaseManager->connection('sqlite')
#10 C:\\Users\\ana.abrantes\\Desktop\\projetos\\estagiarios\\estagiarios\\vendor\\laravel\\framework\\src\\Illuminate\\Database\\Eloquent\\Model.php(1786): Illuminate\\Database\\Eloquent\\Model::resolveConnection(NULL)
#11 C:\\Users\\ana.abrantes\\Desktop\\projetos\\estagiarios\\estagiarios\\vendor\\laravel\\framework\\src\\Illuminate\\Database\\Eloquent\\Model.php(1578): Illuminate\\Database\\Eloquent\\Model->getConnection()
#12 C:\\Users\\ana.abrantes\\Desktop\\projetos\\estagiarios\\estagiarios\\vendor\\laravel\\framework\\src\\Illuminate\\Database\\Eloquent\\Model.php(1497): Illuminate\\Database\\Eloquent\\Model->newBaseQueryBuilder()
#13 C:\\Users\\ana.abrantes\\Desktop\\projetos\\estagiarios\\estagiarios\\vendor\\laravel\\framework\\src\\Illuminate\\Database\\Eloquent\\Model.php(1533): Illuminate\\Database\\Eloquent\\Model->newModelQuery()
#14 C:\\Users\\ana.abrantes\\Desktop\\projetos\\estagiarios\\estagiarios\\vendor\\laravel\\framework\\src\\Illuminate\\Database\\Eloquent\\Model.php(1486): Illuminate\\Database\\Eloquent\\Model->newQueryWithoutScopes()
#15 C:\\Users\\ana.abrantes\\Desktop\\projetos\\estagiarios\\estagiarios\\vendor\\laravel\\framework\\src\\Illuminate\\Database\\Eloquent\\Model.php(1476): Illuminate\\Database\\Eloquent\\Model->newQuery()
#16 C:\\Users\\ana.abrantes\\Desktop\\projetos\\estagiarios\\estagiarios\\vendor\\laravel\\framework\\src\\Illuminate\\Database\\Eloquent\\Model.php(674): Illuminate\\Database\\Eloquent\\Model::query()
#17 C:\\Users\\ana.abrantes\\Desktop\\projetos\\estagiarios\\estagiarios\\app\\Http\\Controllers\\EstagiarioController.php(14): Illuminate\\Database\\Eloquent\\Model::all()
#18 C:\\Users\\ana.abrantes\\Desktop\\projetos\\estagiarios\\estagiarios\\vendor\\laravel\\framework\\src\\Illuminate\\Routing\\Controller.php(54): App\\Http\\Controllers\\EstagiarioController->index()
#19 C:\\Users\\ana.abrantes\\Desktop\\projetos\\estagiarios\\estagiarios\\vendor\\laravel\\framework\\src\\Illuminate\\Routing\\ControllerDispatcher.php(43): Illuminate\\Routing\\Controller->callAction('index', Array)
#20 C:\\Users\\ana.abrantes\\Desktop\\projetos\\estagiarios\\estagiarios\\vendor\\laravel\\framework\\src\\Illuminate\\Routing\\Route.php(259): Illuminate\\Routing\\ControllerDispatcher->dispatch(Object(Illuminate\\Routing\\Route), Object(App\\Http\\Controllers\\EstagiarioController), 'index')
#21 C:\\Users\\ana.abrantes\\Desktop\\projetos\\estagiarios\\estagiarios\\vendor\\laravel\\framework\\src\\Illuminate\\Routing\\Route.php(205): Illuminate\\Routing\\Route->runController()
#22 C:\\Users\\ana.abrantes\\Desktop\\projetos\\estagiarios\\estagiarios\\vendor\\laravel\\framework\\src\\Illuminate\\Routing\\Router.php(798): Illuminate\\Routing\\Route->run()
#23 C:\\Users\\ana.abrantes\\Desktop\\projetos\\estagiarios\\estagiarios\\vendor\\laravel\\framework\\src\\Illuminate\\Pipeline\\Pipeline.php(141): Illuminate\\Routing\\Router->Illuminate\\Routing\\{closure}(Object(Illuminate\\Http\\Request))
#24 C:\\Users\\ana.abrantes\\Desktop\\projetos\\estagiarios\\estagiarios\\vendor\\laravel\\framework\\src\\Illuminate\\Routing\\Middleware\\SubstituteBindings.php(50): Illuminate\\Pipeline\\Pipeline->Illuminate\\Pipeline\\{closure}(Object(Illuminate\\Http\\Request))
#25 C:\\Users\\ana.abrantes\\Desktop\\projetos\\estagiarios\\estagiarios\\vendor\\laravel\\framework\\src\\Illuminate\\Pipeline\\Pipeline.php(180): Illuminate\\Routing\\Middleware\\SubstituteBindings->handle(Object(Illuminate\\Http\\Request), Object(Closure))
#26 C:\\Users\\ana.abrantes\\Desktop\\projetos\\estagiarios\\estagiarios\\vendor\\laravel\\framework\\src\\Illuminate\\Foundation\\Http\\Middleware\\VerifyCsrfToken.php(78): Illuminate\\Pipeline\\Pipeline->Illuminate\\Pipeline\\{closure}(Object(Illuminate\\Http\\Request))
#27 C:\\Users\\ana.abrantes\\Desktop\\projetos\\estagiarios\\estagiarios\\vendor\\laravel\\framework\\src\\Illuminate\\Pipeline\\Pipeline.php(180): Illuminate\\Foundation\\Http\\Middleware\\VerifyCsrfToken->handle(Object(Illuminate\\Http\\Request), Object(Closure))
#28 C:\\Users\\ana.abrantes\\Desktop\\projetos\\estagiarios\\estagiarios\\vendor\\laravel\\framework\\src\\Illuminate\\View\\Middleware\\ShareErrorsFromSession.php(49): Illuminate\\Pipeline\\Pipeline->Illuminate\\Pipeline\\{closure}(Object(Illuminate\\Http\\Request))
#29 C:\\Users\\ana.abrantes\\Desktop\\projetos\\estagiarios\\estagiarios\\vendor\\laravel\\framework\\src\\Illuminate\\Pipeline\\Pipeline.php(180): Illuminate\\View\\Middleware\\ShareErrorsFromSession->handle(Object(Illuminate\\Http\\Request), Object(Closure))
#30 C:\\Users\\ana.abrantes\\Desktop\\projetos\\estagiarios\\estagiarios\\vendor\\laravel\\framework\\src\\Illuminate\\Session\\Middleware\\StartSession.php(121): Illuminate\\Pipeline\\Pipeline->Illuminate\\Pipeline\\{closure}(Object(Illuminate\\Http\\Request))
#31 C:\\Users\\ana.abrantes\\Desktop\\projetos\\estagiarios\\estagiarios\\vendor\\laravel\\framework\\src\\Illuminate\\Session\\Middleware\\StartSession.php(64): Illuminate\\Session\\Middleware\\StartSession->handleStatefulRequest(Object(Illuminate\\Http\\Request), Object(Illuminate\\Session\\Store), Object(Closure))
#32 C:\\Users\\ana.abrantes\\Desktop\\projetos\\estagiarios\\estagiarios\\vendor\\laravel\\framework\\src\\Illuminate\\Pipeline\\Pipeline.php(180): Illuminate\\Session\\Middleware\\StartSession->handle(Object(Illuminate\\Http\\Request), Object(Closure))
#33 C:\\Users\\ana.abrantes\\Desktop\\projetos\\estagiarios\\estagiarios\\vendor\\laravel\\framework\\src\\Illuminate\\Cookie\\Middleware\\AddQueuedCookiesToResponse.php(37): Illuminate\\Pipeline\\Pipeline->Illuminate\\Pipeline\\{closure}(Object(Illuminate\\Http\\Request))
#34 C:\\Users\\ana.abrantes\\Desktop\\projetos\\estagiarios\\estagiarios\\vendor\\laravel\\framework\\src\\Illuminate\\Pipeline\\Pipeline.php(180): Illuminate\\Cookie\\Middleware\\AddQueuedCookiesToResponse->handle(Object(Illuminate\\Http\\Request), Object(Closure))
#35 C:\\Users\\ana.abrantes\\Desktop\\projetos\\estagiarios\\estagiarios\\vendor\\laravel\\framework\\src\\Illuminate\\Cookie\\Middleware\\EncryptCookies.php(67): Illuminate\\Pipeline\\Pipeline->Illuminate\\Pipeline\\{closure}(Object(Illuminate\\Http\\Request))
#36 C:\\Users\\ana.abrantes\\Desktop\\projetos\\estagiarios\\estagiarios\\vendor\\laravel\\framework\\src\\Illuminate\\Pipeline\\Pipeline.php(180): Illuminate\\Cookie\\Middleware\\EncryptCookies->handle(Object(Illuminate\\Http\\Request), Object(Closure))
#37 C:\\Users\\ana.abrantes\\Desktop\\projetos\\estagiarios\\estagiarios\\vendor\\laravel\\framework\\src\\Illuminate\\Pipeline\\Pipeline.php(116): Illuminate\\Pipeline\\Pipeline->Illuminate\\Pipeline\\{closure}(Object(Illuminate\\Http\\Request))
#38 C:\\Users\\ana.abrantes\\Desktop\\projetos\\estagiarios\\estagiarios\\vendor\\laravel\\framework\\src\\Illuminate\\Routing\\Router.php(797): Illuminate\\Pipeline\\Pipeline->then(Object(Closure))
#39 C:\\Users\\ana.abrantes\\Desktop\\projetos\\estagiarios\\estagiarios\\vendor\\laravel\\framework\\src\\Illuminate\\Routing\\Router.php(776): Illuminate\\Routing\\Router->runRouteWithinStack(Object(Illuminate\\Routing\\Route), Object(Illuminate\\Http\\Request))
#40 C:\\Users\\ana.abrantes\\Desktop\\projetos\\estagiarios\\estagiarios\\vendor\\laravel\\framework\\src\\Illuminate\\Routing\\Router.php(740): Illuminate\\Routing\\Router->runRoute(Object(Illuminate\\Http\\Request), Object(Illuminate\\Routing\\Route))
#41 C:\\Users\\ana.abrantes\\Desktop\\projetos\\estagiarios\\estagiarios\\vendor\\laravel\\framework\\src\\Illuminate\\Routing\\Router.php(729): Illuminate\\Routing\\Router->dispatchToRoute(Object(Illuminate\\Http\\Request))
#42 C:\\Users\\ana.abrantes\\Desktop\\projetos\\estagiarios\\estagiarios\\vendor\\laravel\\framework\\src\\Illuminate\\Foundation\\Http\\Kernel.php(200): Illuminate\\Routing\\Router->dispatch(Object(Illuminate\\Http\\Request))
#43 C:\\Users\\ana.abrantes\\Desktop\\projetos\\estagiarios\\estagiarios\\vendor\\laravel\\framework\\src\\Illuminate\\Pipeline\\Pipeline.php(141): Illuminate\\Foundation\\Http\\Kernel->Illuminate\\Foundation\\Http\\{closure}(Object(Illuminate\\Http\\Request))
#44 C:\\Users\\ana.abrantes\\Desktop\\projetos\\estagiarios\\estagiarios\\vendor\\laravel\\framework\\src\\Illuminate\\Foundation\\Http\\Middleware\\TransformsRequest.php(21): Illuminate\\Pipeline\\Pipeline->Illuminate\\Pipeline\\{closure}(Object(Illuminate\\Http\\Request))
#45 C:\\Users\\ana.abrantes\\Desktop\\projetos\\estagiarios\\estagiarios\\vendor\\laravel\\framework\\src\\Illuminate\\Foundation\\Http\\Middleware\\ConvertEmptyStringsToNull.php(31): Illuminate\\Foundation\\Http\\Middleware\\TransformsRequest->handle(Object(Illuminate\\Http\\Request), Object(Closure))
#46 C:\\Users\\ana.abrantes\\Desktop\\projetos\\estagiarios\\estagiarios\\vendor\\laravel\\framework\\src\\Illuminate\\Pipeline\\Pipeline.php(180): Illuminate\\Foundation\\Http\\Middleware\\ConvertEmptyStringsToNull->handle(Object(Illuminate\\Http\\Request), Object(Closure))
#47 C:\\Users\\ana.abrantes\\Desktop\\projetos\\estagiarios\\estagiarios\\vendor\\laravel\\framework\\src\\Illuminate\\Foundation\\Http\\Middleware\\TransformsRequest.php(21): Illuminate\\Pipeline\\Pipeline->Illuminate\\Pipeline\\{closure}(Object(Illuminate\\Http\\Request))
#48 C:\\Users\\ana.abrantes\\Desktop\\projetos\\estagiarios\\estagiarios\\vendor\\laravel\\framework\\src\\Illuminate\\Foundation\\Http\\Middleware\\TrimStrings.php(40): Illuminate\\Foundation\\Http\\Middleware\\TransformsRequest->handle(Object(Illuminate\\Http\\Request), Object(Closure))
#49 C:\\Users\\ana.abrantes\\Desktop\\projetos\\estagiarios\\estagiarios\\vendor\\laravel\\framework\\src\\Illuminate\\Pipeline\\Pipeline.php(180): Illuminate\\Foundation\\Http\\Middleware\\TrimStrings->handle(Object(Illuminate\\Http\\Request), Object(Closure))
#50 C:\\Users\\ana.abrantes\\Desktop\\projetos\\estagiarios\\estagiarios\\vendor\\laravel\\framework\\src\\Illuminate\\Foundation\\Http\\Middleware\\ValidatePostSize.php(27): Illuminate\\Pipeline\\Pipeline->Illuminate\\Pipeline\\{closure}(Object(Illuminate\\Http\\Request))
#51 C:\\Users\\ana.abrantes\\Desktop\\projetos\\estagiarios\\estagiarios\\vendor\\laravel\\framework\\src\\Illuminate\\Pipeline\\Pipeline.php(180): Illuminate\\Foundation\\Http\\Middleware\\ValidatePostSize->handle(Object(Illuminate\\Http\\Request), Object(Closure))
#52 C:\\Users\\ana.abrantes\\Desktop\\projetos\\estagiarios\\estagiarios\\vendor\\laravel\\framework\\src\\Illuminate\\Foundation\\Http\\Middleware\\PreventRequestsDuringMaintenance.php(86): Illuminate\\Pipeline\\Pipeline->Illuminate\\Pipeline\\{closure}(Object(Illuminate\\Http\\Request))
#53 C:\\Users\\ana.abrantes\\Desktop\\projetos\\estagiarios\\estagiarios\\vendor\\laravel\\framework\\src\\Illuminate\\Pipeline\\Pipeline.php(180): Illuminate\\Foundation\\Http\\Middleware\\PreventRequestsDuringMaintenance->handle(Object(Illuminate\\Http\\Request), Object(Closure))
#54 C:\\Users\\ana.abrantes\\Desktop\\projetos\\estagiarios\\estagiarios\\vendor\\laravel\\framework\\src\\Illuminate\\Http\\Middleware\\HandleCors.php(49): Illuminate\\Pipeline\\Pipeline->Illuminate\\Pipeline\\{closure}(Object(Illuminate\\Http\\Request))
#55 C:\\Users\\ana.abrantes\\Desktop\\projetos\\estagiarios\\estagiarios\\vendor\\laravel\\framework\\src\\Illuminate\\Pipeline\\Pipeline.php(180): Illuminate\\Http\\Middleware\\HandleCors->handle(Object(Illuminate\\Http\\Request), Object(Closure))
#56 C:\\Users\\ana.abrantes\\Desktop\\projetos\\estagiarios\\estagiarios\\vendor\\laravel\\framework\\src\\Illuminate\\Http\\Middleware\\TrustProxies.php(39): Illuminate\\Pipeline\\Pipeline->Illuminate\\Pipeline\\{closure}(Object(Illuminate\\Http\\Request))
#57 C:\\Users\\ana.abrantes\\Desktop\\projetos\\estagiarios\\estagiarios\\vendor\\laravel\\framework\\src\\Illuminate\\Pipeline\\Pipeline.php(180): Illuminate\\Http\\Middleware\\TrustProxies->handle(Object(Illuminate\\Http\\Request), Object(Closure))
#58 C:\\Users\\ana.abrantes\\Desktop\\projetos\\estagiarios\\estagiarios\\vendor\\laravel\\framework\\src\\Illuminate\\Pipeline\\Pipeline.php(116): Illuminate\\Pipeline\\Pipeline->Illuminate\\Pipeline\\{closure}(Object(Illuminate\\Http\\Request))
#59 C:\\Users\\ana.abrantes\\Desktop\\projetos\\estagiarios\\estagiarios\\vendor\\laravel\\framework\\src\\Illuminate\\Foundation\\Http\\Kernel.php(175): Illuminate\\Pipeline\\Pipeline->then(Object(Closure))
#60 C:\\Users\\ana.abrantes\\Desktop\\projetos\\estagiarios\\estagiarios\\vendor\\laravel\\framework\\src\\Illuminate\\Foundation\\Http\\Kernel.php(144): Illuminate\\Foundation\\Http\\Kernel->sendRequestThroughRouter(Object(Illuminate\\Http\\Request))
#61 C:\\Users\\ana.abrantes\\Desktop\\projetos\\estagiarios\\estagiarios\\public\\index.php(51): Illuminate\\Foundation\\Http\\Kernel->handle(Object(Illuminate\\Http\\Request))
#62 C:\\Users\\ana.abrantes\\Desktop\\projetos\\estagiarios\\estagiarios\\vendor\\laravel\\framework\\src\\Illuminate\\Foundation\\resources\\server.php(16): require_once('C:\\\\Users\\\\ana.ab...')
#63 {main}

[previous exception] [object] (Illuminate\\Database\\SQLiteDatabaseDoesNotExistException(code: 0): Database file at path [estagiarios] does not exist. Ensure this is an absolute path to the database. at C:\\Users\\ana.abrantes\\Desktop\\projetos\\estagiarios\\estagiarios\\vendor\\laravel\\framework\\src\\Illuminate\\Database\\Connectors\\SQLiteConnector.php:34)
[stacktrace]
#0 C:\\Users\\ana.abrantes\\Desktop\\projetos\\estagiarios\\estagiarios\\vendor\\laravel\\framework\\src\\Illuminate\\Database\\Connectors\\ConnectionFactory.php(221): Illuminate\\Database\\Connectors\\SQLiteConnector->connect(Array)
#1 [internal function]: Illuminate\\Database\\Connectors\\ConnectionFactory->Illuminate\\Database\\Connectors\\{closure}()
#2 C:\\Users\\ana.abrantes\\Desktop\\projetos\\estagiarios\\estagiarios\\vendor\\laravel\\framework\\src\\Illuminate\\Database\\Connection.php(1210): call_user_func(Object(Closure))
#3 C:\\Users\\ana.abrantes\\Desktop\\projetos\\estagiarios\\estagiarios\\vendor\\laravel\\framework\\src\\Illuminate\\Database\\Connection.php(572): Illuminate\\Database\\Connection->getPdo()
#4 C:\\Users\\ana.abrantes\\Desktop\\projetos\\estagiarios\\estagiarios\\vendor\\laravel\\framework\\src\\Illuminate\\Database\\Connection.php(786): Illuminate\\Database\\Connection->Illuminate\\Database\\{closure}('PRAGMA foreign_...', Array)
#5 C:\\Users\\ana.abrantes\\Desktop\\projetos\\estagiarios\\estagiarios\\vendor\\laravel\\framework\\src\\Illuminate\\Database\\Connection.php(753): Illuminate\\Database\\Connection->runQueryCallback('PRAGMA foreign_...', Array, Object(Closure))
#6 C:\\Users\\ana.abrantes\\Desktop\\projetos\\estagiarios\\estagiarios\\vendor\\laravel\\framework\\src\\Illuminate\\Database\\Connection.php(567): Illuminate\\Database\\Connection->run('PRAGMA foreign_...', Array, Object(Closure))
#7 C:\\Users\\ana.abrantes\\Desktop\\projetos\\estagiarios\\estagiarios\\vendor\\laravel\\framework\\src\\Illuminate\\Database\\Schema\\Builder.php(397): Illuminate\\Database\\Connection->statement('PRAGMA foreign_...')
#8 C:\\Users\\ana.abrantes\\Desktop\\projetos\\estagiarios\\estagiarios\\vendor\\laravel\\framework\\src\\Illuminate\\Database\\SQLiteConnection.php(35): Illuminate\\Database\\Schema\\Builder->enableForeignKeyConstraints()
#9 C:\\Users\\ana.abrantes\\Desktop\\projetos\\estagiarios\\estagiarios\\vendor\\laravel\\framework\\src\\Illuminate\\Database\\Connectors\\ConnectionFactory.php(272): Illuminate\\Database\\SQLiteConnection->__construct(Object(Closure), 'estagiarios', '', Array)
#10 C:\\Users\\ana.abrantes\\Desktop\\projetos\\estagiarios\\estagiarios\\vendor\\laravel\\framework\\src\\Illuminate\\Database\\Connectors\\ConnectionFactory.php(75): Illuminate\\Database\\Connectors\\ConnectionFactory->createConnection('sqlite', Object(Closure), 'estagiarios', '', Array)
#11 C:\\Users\\ana.abrantes\\Desktop\\projetos\\estagiarios\\estagiarios\\vendor\\laravel\\framework\\src\\Illuminate\\Database\\Connectors\\ConnectionFactory.php(50): Illuminate\\Database\\Connectors\\ConnectionFactory->createSingleConnection(Array)
#12 C:\\Users\\ana.abrantes\\Desktop\\projetos\\estagiarios\\estagiarios\\vendor\\laravel\\framework\\src\\Illuminate\\Database\\DatabaseManager.php(152): Illuminate\\Database\\Connectors\\ConnectionFactory->make(Array, 'sqlite')
#13 C:\\Users\\ana.abrantes\\Desktop\\projetos\\estagiarios\\estagiarios\\vendor\\laravel\\framework\\src\\Illuminate\\Database\\DatabaseManager.php(101): Illuminate\\Database\\DatabaseManager->makeConnection('sqlite')
#14 C:\\Users\\ana.abrantes\\Desktop\\projetos\\estagiarios\\estagiarios\\vendor\\laravel\\framework\\src\\Illuminate\\Database\\Eloquent\\Model.php(1820): Illuminate\\Database\\DatabaseManager->connection('sqlite')
#15 C:\\Users\\ana.abrantes\\Desktop\\projetos\\estagiarios\\estagiarios\\vendor\\laravel\\framework\\src\\Illuminate\\Database\\Eloquent\\Model.php(1786): Illuminate\\Database\\Eloquent\\Model::resolveConnection(NULL)
#16 C:\\Users\\ana.abrantes\\Desktop\\projetos\\estagiarios\\estagiarios\\vendor\\laravel\\framework\\src\\Illuminate\\Database\\Eloquent\\Model.php(1578): Illuminate\\Database\\Eloquent\\Model->getConnection()
#17 C:\\Users\\ana.abrantes\\Desktop\\projetos\\estagiarios\\estagiarios\\vendor\\laravel\\framework\\src\\Illuminate\\Database\\Eloquent\\Model.php(1497): Illuminate\\Database\\Eloquent\\Model->newBaseQueryBuilder()
#18 C:\\Users\\ana.abrantes\\Desktop\\projetos\\estagiarios\\estagiarios\\vendor\\laravel\\framework\\src\\Illuminate\\Database\\Eloquent\\Model.php(1533): Illuminate\\Database\\Eloquent\\Model->newModelQuery()
#19 C:\\Users\\ana.abrantes\\Desktop\\projetos\\estagiarios\\estagiarios\\vendor\\laravel\\framework\\src\\Illuminate\\Database\\Eloquent\\Model.php(1486): Illuminate\\Database\\Eloquent\\Model->newQueryWithoutScopes()
#20 C:\\Users\\ana.abrantes\\Desktop\\projetos\\estagiarios\\estagiarios\\vendor\\laravel\\framework\\src\\Illuminate\\Database\\Eloquent\\Model.php(1476): Illuminate\\Database\\Eloquent\\Model->newQuery()
#21 C:\\Users\\ana.abrantes\\Desktop\\projetos\\estagiarios\\estagiarios\\vendor\\laravel\\framework\\src\\Illuminate\\Database\\Eloquent\\Model.php(674): Illuminate\\Database\\Eloquent\\Model::query()
#22 C:\\Users\\ana.abrantes\\Desktop\\projetos\\estagiarios\\estagiarios\\app\\Http\\Controllers\\EstagiarioController.php(14): Illuminate\\Database\\Eloquent\\Model::all()
#23 C:\\Users\\ana.abrantes\\Desktop\\projetos\\estagiarios\\estagiarios\\vendor\\laravel\\framework\\src\\Illuminate\\Routing\\Controller.php(54): App\\Http\\Controllers\\EstagiarioController->index()
#24 C:\\Users\\ana.abrantes\\Desktop\\projetos\\estagiarios\\estagiarios\\vendor\\laravel\\framework\\src\\Illuminate\\Routing\\ControllerDispatcher.php(43): Illuminate\\Routing\\Controller->callAction('index', Array)
#25 C:\\Users\\ana.abrantes\\Desktop\\projetos\\estagiarios\\estagiarios\\vendor\\laravel\\framework\\src\\Illuminate\\Routing\\Route.php(259): Illuminate\\Routing\\ControllerDispatcher->dispatch(Object(Illuminate\\Routing\\Route), Object(App\\Http\\Controllers\\EstagiarioController), 'index')
#26 C:\\Users\\ana.abrantes\\Desktop\\projetos\\estagiarios\\estagiarios\\vendor\\laravel\\framework\\src\\Illuminate\\Routing\\Route.php(205): Illuminate\\Routing\\Route->runController()
#27 C:\\Users\\ana.abrantes\\Desktop\\projetos\\estagiarios\\estagiarios\\vendor\\laravel\\framework\\src\\Illuminate\\Routing\\Router.php(798): Illuminate\\Routing\\Route->run()
#28 C:\\Users\\ana.abrantes\\Desktop\\projetos\\estagiarios\\estagiarios\\vendor\\laravel\\framework\\src\\Illuminate\\Pipeline\\Pipeline.php(141): Illuminate\\Routing\\Router->Illuminate\\Routing\\{closure}(Object(Illuminate\\Http\\Request))
#29 C:\\Users\\ana.abrantes\\Desktop\\projetos\\estagiarios\\estagiarios\\vendor\\laravel\\framework\\src\\Illuminate\\Routing\\Middleware\\SubstituteBindings.php(50): Illuminate\\Pipeline\\Pipeline->Illuminate\\Pipeline\\{closure}(Object(Illuminate\\Http\\Request))
#30 C:\\Users\\ana.abrantes\\Desktop\\projetos\\estagiarios\\estagiarios\\vendor\\laravel\\framework\\src\\Illuminate\\Pipeline\\Pipeline.php(180): Illuminate\\Routing\\Middleware\\SubstituteBindings->handle(Object(Illuminate\\Http\\Request), Object(Closure))
#31 C:\\Users\\ana.abrantes\\Desktop\\projetos\\estagiarios\\estagiarios\\vendor\\laravel\\framework\\src\\Illuminate\\Foundation\\Http\\Middleware\\VerifyCsrfToken.php(78): Illuminate\\Pipeline\\Pipeline->Illuminate\\Pipeline\\{closure}(Object(Illuminate\\Http\\Request))
#32 C:\\Users\\ana.abrantes\\Desktop\\projetos\\estagiarios\\estagiarios\\vendor\\laravel\\framework\\src\\Illuminate\\Pipeline\\Pipeline.php(180): Illuminate\\Foundation\\Http\\Middleware\\VerifyCsrfToken->handle(Object(Illuminate\\Http\\Request), Object(Closure))
#33 C:\\Users\\ana.abrantes\\Desktop\\projetos\\estagiarios\\estagiarios\\vendor\\laravel\\framework\\src\\Illuminate\\View\\Middleware\\ShareErrorsFromSession.php(49): Illuminate\\Pipeline\\Pipeline->Illuminate\\Pipeline\\{closure}(Object(Illuminate\\Http\\Request))
#34 C:\\Users\\ana.abrantes\\Desktop\\projetos\\estagiarios\\estagiarios\\vendor\\laravel\\framework\\src\\Illuminate\\Pipeline\\Pipeline.php(180): Illuminate\\View\\Middleware\\ShareErrorsFromSession->handle(Object(Illuminate\\Http\\Request), Object(Closure))
#35 C:\\Users\\ana.abrantes\\Desktop\\projetos\\estagiarios\\estagiarios\\vendor\\laravel\\framework\\src\\Illuminate\\Session\\Middleware\\StartSession.php(121): Illuminate\\Pipeline\\Pipeline->Illuminate\\Pipeline\\{closure}(Object(Illuminate\\Http\\Request))
#36 C:\\Users\\ana.abrantes\\Desktop\\projetos\\estagiarios\\estagiarios\\vendor\\laravel\\framework\\src\\Illuminate\\Session\\Middleware\\StartSession.php(64): Illuminate\\Session\\Middleware\\StartSession->handleStatefulRequest(Object(Illuminate\\Http\\Request), Object(Illuminate\\Session\\Store), Object(Closure))
#37 C:\\Users\\ana.abrantes\\Desktop\\projetos\\estagiarios\\estagiarios\\vendor\\laravel\\framework\\src\\Illuminate\\Pipeline\\Pipeline.php(180): Illuminate\\Session\\Middleware\\StartSession->handle(Object(Illuminate\\Http\\Request), Object(Closure))
#38 C:\\Users\\ana.abrantes\\Desktop\\projetos\\estagiarios\\estagiarios\\vendor\\laravel\\framework\\src\\Illuminate\\Cookie\\Middleware\\AddQueuedCookiesToResponse.php(37): Illuminate\\Pipeline\\Pipeline->Illuminate\\Pipeline\\{closure}(Object(Illuminate\\Http\\Request))
#39 C:\\Users\\ana.abrantes\\Desktop\\projetos\\estagiarios\\estagiarios\\vendor\\laravel\\framework\\src\\Illuminate\\Pipeline\\Pipeline.php(180): Illuminate\\Cookie\\Middleware\\AddQueuedCookiesToResponse->handle(Object(Illuminate\\Http\\Request), Object(Closure))
#40 C:\\Users\\ana.abrantes\\Desktop\\projetos\\estagiarios\\estagiarios\\vendor\\laravel\\framework\\src\\Illuminate\\Cookie\\Middleware\\EncryptCookies.php(67): Illuminate\\Pipeline\\Pipeline->Illuminate\\Pipeline\\{closure}(Object(Illuminate\\Http\\Request))
#41 C:\\Users\\ana.abrantes\\Desktop\\projetos\\estagiarios\\estagiarios\\vendor\\laravel\\framework\\src\\Illuminate\\Pipeline\\Pipeline.php(180): Illuminate\\Cookie\\Middleware\\EncryptCookies->handle(Object(Illuminate\\Http\\Request), Object(Closure))
#42 C:\\Users\\ana.abrantes\\Desktop\\projetos\\estagiarios\\estagiarios\\vendor\\laravel\\framework\\src\\Illuminate\\Pipeline\\Pipeline.php(116): Illuminate\\Pipeline\\Pipeline->Illuminate\\Pipeline\\{closure}(Object(Illuminate\\Http\\Request))
#43 C:\\Users\\ana.abrantes\\Desktop\\projetos\\estagiarios\\estagiarios\\vendor\\laravel\\framework\\src\\Illuminate\\Routing\\Router.php(797): Illuminate\\Pipeline\\Pipeline->then(Object(Closure))
#44 C:\\Users\\ana.abrantes\\Desktop\\projetos\\estagiarios\\estagiarios\\vendor\\laravel\\framework\\src\\Illuminate\\Routing\\Router.php(776): Illuminate\\Routing\\Router->runRouteWithinStack(Object(Illuminate\\Routing\\Route), Object(Illuminate\\Http\\Request))
#45 C:\\Users\\ana.abrantes\\Desktop\\projetos\\estagiarios\\estagiarios\\vendor\\laravel\\framework\\src\\Illuminate\\Routing\\Router.php(740): Illuminate\\Routing\\Router->runRoute(Object(Illuminate\\Http\\Request), Object(Illuminate\\Routing\\Route))
#46 C:\\Users\\ana.abrantes\\Desktop\\projetos\\estagiarios\\estagiarios\\vendor\\laravel\\framework\\src\\Illuminate\\Routing\\Router.php(729): Illuminate\\Routing\\Router->dispatchToRoute(Object(Illuminate\\Http\\Request))
#47 C:\\Users\\ana.abrantes\\Desktop\\projetos\\estagiarios\\estagiarios\\vendor\\laravel\\framework\\src\\Illuminate\\Foundation\\Http\\Kernel.php(200): Illuminate\\Routing\\Router->dispatch(Object(Illuminate\\Http\\Request))
#48 C:\\Users\\ana.abrantes\\Desktop\\projetos\\estagiarios\\estagiarios\\vendor\\laravel\\framework\\src\\Illuminate\\Pipeline\\Pipeline.php(141): Illuminate\\Foundation\\Http\\Kernel->Illuminate\\Foundation\\Http\\{closure}(Object(Illuminate\\Http\\Request))
#49 C:\\Users\\ana.abrantes\\Desktop\\projetos\\estagiarios\\estagiarios\\vendor\\laravel\\framework\\src\\Illuminate\\Foundation\\Http\\Middleware\\TransformsRequest.php(21): Illuminate\\Pipeline\\Pipeline->Illuminate\\Pipeline\\{closure}(Object(Illuminate\\Http\\Request))
#50 C:\\Users\\ana.abrantes\\Desktop\\projetos\\estagiarios\\estagiarios\\vendor\\laravel\\framework\\src\\Illuminate\\Foundation\\Http\\Middleware\\ConvertEmptyStringsToNull.php(31): Illuminate\\Foundation\\Http\\Middleware\\TransformsRequest->handle(Object(Illuminate\\Http\\Request), Object(Closure))
#51 C:\\Users\\ana.abrantes\\Desktop\\projetos\\estagiarios\\estagiarios\\vendor\\laravel\\framework\\src\\Illuminate\\Pipeline\\Pipeline.php(180): Illuminate\\Foundation\\Http\\Middleware\\ConvertEmptyStringsToNull->handle(Object(Illuminate\\Http\\Request), Object(Closure))
#52 C:\\Users\\ana.abrantes\\Desktop\\projetos\\estagiarios\\estagiarios\\vendor\\laravel\\framework\\src\\Illuminate\\Foundation\\Http\\Middleware\\TransformsRequest.php(21): Illuminate\\Pipeline\\Pipeline->Illuminate\\Pipeline\\{closure}(Object(Illuminate\\Http\\Request))
#53 C:\\Users\\ana.abrantes\\Desktop\\projetos\\estagiarios\\estagiarios\\vendor\\laravel\\framework\\src\\Illuminate\\Foundation\\Http\\Middleware\\TrimStrings.php(40): Illuminate\\Foundation\\Http\\Middleware\\TransformsRequest->handle(Object(Illuminate\\Http\\Request), Object(Closure))
#54 C:\\Users\\ana.abrantes\\Desktop\\projetos\\estagiarios\\estagiarios\\vendor\\laravel\\framework\\src\\Illuminate\\Pipeline\\Pipeline.php(180): Illuminate\\Foundation\\Http\\Middleware\\TrimStrings->handle(Object(Illuminate\\Http\\Request), Object(Closure))
#55 C:\\Users\\ana.abrantes\\Desktop\\projetos\\estagiarios\\estagiarios\\vendor\\laravel\\framework\\src\\Illuminate\\Foundation\\Http\\Middleware\\ValidatePostSize.php(27): Illuminate\\Pipeline\\Pipeline->Illuminate\\Pipeline\\{closure}(Object(Illuminate\\Http\\Request))
#56 C:\\Users\\ana.abrantes\\Desktop\\projetos\\estagiarios\\estagiarios\\vendor\\laravel\\framework\\src\\Illuminate\\Pipeline\\Pipeline.php(180): Illuminate\\Foundation\\Http\\Middleware\\ValidatePostSize->handle(Object(Illuminate\\Http\\Request), Object(Closure))
#57 C:\\Users\\ana.abrantes\\Desktop\\projetos\\estagiarios\\estagiarios\\vendor\\laravel\\framework\\src\\Illuminate\\Foundation\\Http\\Middleware\\PreventRequestsDuringMaintenance.php(86): Illuminate\\Pipeline\\Pipeline->Illuminate\\Pipeline\\{closure}(Object(Illuminate\\Http\\Request))
#58 C:\\Users\\ana.abrantes\\Desktop\\projetos\\estagiarios\\estagiarios\\vendor\\laravel\\framework\\src\\Illuminate\\Pipeline\\Pipeline.php(180): Illuminate\\Foundation\\Http\\Middleware\\PreventRequestsDuringMaintenance->handle(Object(Illuminate\\Http\\Request), Object(Closure))
#59 C:\\Users\\ana.abrantes\\Desktop\\projetos\\estagiarios\\estagiarios\\vendor\\laravel\\framework\\src\\Illuminate\\Http\\Middleware\\HandleCors.php(49): Illuminate\\Pipeline\\Pipeline->Illuminate\\Pipeline\\{closure}(Object(Illuminate\\Http\\Request))
#60 C:\\Users\\ana.abrantes\\Desktop\\projetos\\estagiarios\\estagiarios\\vendor\\laravel\\framework\\src\\Illuminate\\Pipeline\\Pipeline.php(180): Illuminate\\Http\\Middleware\\HandleCors->handle(Object(Illuminate\\Http\\Request), Object(Closure))
#61 C:\\Users\\ana.abrantes\\Desktop\\projetos\\estagiarios\\estagiarios\\vendor\\laravel\\framework\\src\\Illuminate\\Http\\Middleware\\TrustProxies.php(39): Illuminate\\Pipeline\\Pipeline->Illuminate\\Pipeline\\{closure}(Object(Illuminate\\Http\\Request))
#62 C:\\Users\\ana.abrantes\\Desktop\\projetos\\estagiarios\\estagiarios\\vendor\\laravel\\framework\\src\\Illuminate\\Pipeline\\Pipeline.php(180): Illuminate\\Http\\Middleware\\TrustProxies->handle(Object(Illuminate\\Http\\Request), Object(Closure))
#63 C:\\Users\\ana.abrantes\\Desktop\\projetos\\estagiarios\\estagiarios\\vendor\\laravel\\framework\\src\\Illuminate\\Pipeline\\Pipeline.php(116): Illuminate\\Pipeline\\Pipeline->Illuminate\\Pipeline\\{closure}(Object(Illuminate\\Http\\Request))
#64 C:\\Users\\ana.abrantes\\Desktop\\projetos\\estagiarios\\estagiarios\\vendor\\laravel\\framework\\src\\Illuminate\\Foundation\\Http\\Kernel.php(175): Illuminate\\Pipeline\\Pipeline->then(Object(Closure))
#65 C:\\Users\\ana.abrantes\\Desktop\\projetos\\estagiarios\\estagiarios\\vendor\\laravel\\framework\\src\\Illuminate\\Foundation\\Http\\Kernel.php(144): Illuminate\\Foundation\\Http\\Kernel->sendRequestThroughRouter(Object(Illuminate\\Http\\Request))
#66 C:\\Users\\ana.abrantes\\Desktop\\projetos\\estagiarios\\estagiarios\\public\\index.php(51): Illuminate\\Foundation\\Http\\Kernel->handle(Object(Illuminate\\Http\\Request))
#67 C:\\Users\\ana.abrantes\\Desktop\\projetos\\estagiarios\\estagiarios\\vendor\\laravel\\framework\\src\\Illuminate\\Foundation\\resources\\server.php(16): require_once('C:\\\\Users\\\\ana.ab...')
#68 {main}
"} 
[2023-06-16 12:34:25] local.ERROR: Database file at path [estagiarios] does not exist. Ensure this is an absolute path to the database. (Connection: sqlite, SQL: PRAGMA foreign_keys = ON;) {"exception":"[object] (Illuminate\\Database\\QueryException(code: 0): Database file at path [estagiarios] does not exist. Ensure this is an absolute path to the database. (Connection: sqlite, SQL: PRAGMA foreign_keys = ON;) at C:\\Users\\ana.abrantes\\Desktop\\projetos\\estagiarios\\estagiarios\\vendor\\laravel\\framework\\src\\Illuminate\\Database\\Connection.php:793)
[stacktrace]
#0 C:\\Users\\ana.abrantes\\Desktop\\projetos\\estagiarios\\estagiarios\\vendor\\laravel\\framework\\src\\Illuminate\\Database\\Connection.php(753): Illuminate\\Database\\Connection->runQueryCallback('PRAGMA foreign_...', Array, Object(Closure))
#1 C:\\Users\\ana.abrantes\\Desktop\\projetos\\estagiarios\\estagiarios\\vendor\\laravel\\framework\\src\\Illuminate\\Database\\Connection.php(567): Illuminate\\Database\\Connection->run('PRAGMA foreign_...', Array, Object(Closure))
#2 C:\\Users\\ana.abrantes\\Desktop\\projetos\\estagiarios\\estagiarios\\vendor\\laravel\\framework\\src\\Illuminate\\Database\\Schema\\Builder.php(397): Illuminate\\Database\\Connection->statement('PRAGMA foreign_...')
#3 C:\\Users\\ana.abrantes\\Desktop\\projetos\\estagiarios\\estagiarios\\vendor\\laravel\\framework\\src\\Illuminate\\Database\\SQLiteConnection.php(35): Illuminate\\Database\\Schema\\Builder->enableForeignKeyConstraints()
#4 C:\\Users\\ana.abrantes\\Desktop\\projetos\\estagiarios\\estagiarios\\vendor\\laravel\\framework\\src\\Illuminate\\Database\\Connectors\\ConnectionFactory.php(272): Illuminate\\Database\\SQLiteConnection->__construct(Object(Closure), 'estagiarios', '', Array)
#5 C:\\Users\\ana.abrantes\\Desktop\\projetos\\estagiarios\\estagiarios\\vendor\\laravel\\framework\\src\\Illuminate\\Database\\Connectors\\ConnectionFactory.php(75): Illuminate\\Database\\Connectors\\ConnectionFactory->createConnection('sqlite', Object(Closure), 'estagiarios', '', Array)
#6 C:\\Users\\ana.abrantes\\Desktop\\projetos\\estagiarios\\estagiarios\\vendor\\laravel\\framework\\src\\Illuminate\\Database\\Connectors\\ConnectionFactory.php(50): Illuminate\\Database\\Connectors\\ConnectionFactory->createSingleConnection(Array)
#7 C:\\Users\\ana.abrantes\\Desktop\\projetos\\estagiarios\\estagiarios\\vendor\\laravel\\framework\\src\\Illuminate\\Database\\DatabaseManager.php(152): Illuminate\\Database\\Connectors\\ConnectionFactory->make(Array, 'sqlite')
#8 C:\\Users\\ana.abrantes\\Desktop\\projetos\\estagiarios\\estagiarios\\vendor\\laravel\\framework\\src\\Illuminate\\Database\\DatabaseManager.php(101): Illuminate\\Database\\DatabaseManager->makeConnection('sqlite')
#9 C:\\Users\\ana.abrantes\\Desktop\\projetos\\estagiarios\\estagiarios\\vendor\\laravel\\framework\\src\\Illuminate\\Database\\Eloquent\\Model.php(1820): Illuminate\\Database\\DatabaseManager->connection('sqlite')
#10 C:\\Users\\ana.abrantes\\Desktop\\projetos\\estagiarios\\estagiarios\\vendor\\laravel\\framework\\src\\Illuminate\\Database\\Eloquent\\Model.php(1786): Illuminate\\Database\\Eloquent\\Model::resolveConnection(NULL)
#11 C:\\Users\\ana.abrantes\\Desktop\\projetos\\estagiarios\\estagiarios\\vendor\\laravel\\framework\\src\\Illuminate\\Database\\Eloquent\\Model.php(1578): Illuminate\\Database\\Eloquent\\Model->getConnection()
#12 C:\\Users\\ana.abrantes\\Desktop\\projetos\\estagiarios\\estagiarios\\vendor\\laravel\\framework\\src\\Illuminate\\Database\\Eloquent\\Model.php(1497): Illuminate\\Database\\Eloquent\\Model->newBaseQueryBuilder()
#13 C:\\Users\\ana.abrantes\\Desktop\\projetos\\estagiarios\\estagiarios\\vendor\\laravel\\framework\\src\\Illuminate\\Database\\Eloquent\\Model.php(1533): Illuminate\\Database\\Eloquent\\Model->newModelQuery()
#14 C:\\Users\\ana.abrantes\\Desktop\\projetos\\estagiarios\\estagiarios\\vendor\\laravel\\framework\\src\\Illuminate\\Database\\Eloquent\\Model.php(1486): Illuminate\\Database\\Eloquent\\Model->newQueryWithoutScopes()
#15 C:\\Users\\ana.abrantes\\Desktop\\projetos\\estagiarios\\estagiarios\\vendor\\laravel\\framework\\src\\Illuminate\\Database\\Eloquent\\Model.php(1476): Illuminate\\Database\\Eloquent\\Model->newQuery()
#16 C:\\Users\\ana.abrantes\\Desktop\\projetos\\estagiarios\\estagiarios\\vendor\\laravel\\framework\\src\\Illuminate\\Database\\Eloquent\\Model.php(674): Illuminate\\Database\\Eloquent\\Model::query()
#17 C:\\Users\\ana.abrantes\\Desktop\\projetos\\estagiarios\\estagiarios\\app\\Http\\Controllers\\EstagiarioController.php(14): Illuminate\\Database\\Eloquent\\Model::all()
#18 C:\\Users\\ana.abrantes\\Desktop\\projetos\\estagiarios\\estagiarios\\vendor\\laravel\\framework\\src\\Illuminate\\Routing\\Controller.php(54): App\\Http\\Controllers\\EstagiarioController->index()
#19 C:\\Users\\ana.abrantes\\Desktop\\projetos\\estagiarios\\estagiarios\\vendor\\laravel\\framework\\src\\Illuminate\\Routing\\ControllerDispatcher.php(43): Illuminate\\Routing\\Controller->callAction('index', Array)
#20 C:\\Users\\ana.abrantes\\Desktop\\projetos\\estagiarios\\estagiarios\\vendor\\laravel\\framework\\src\\Illuminate\\Routing\\Route.php(259): Illuminate\\Routing\\ControllerDispatcher->dispatch(Object(Illuminate\\Routing\\Route), Object(App\\Http\\Controllers\\EstagiarioController), 'index')
#21 C:\\Users\\ana.abrantes\\Desktop\\projetos\\estagiarios\\estagiarios\\vendor\\laravel\\framework\\src\\Illuminate\\Routing\\Route.php(205): Illuminate\\Routing\\Route->runController()
#22 C:\\Users\\ana.abrantes\\Desktop\\projetos\\estagiarios\\estagiarios\\vendor\\laravel\\framework\\src\\Illuminate\\Routing\\Router.php(798): Illuminate\\Routing\\Route->run()
#23 C:\\Users\\ana.abrantes\\Desktop\\projetos\\estagiarios\\estagiarios\\vendor\\laravel\\framework\\src\\Illuminate\\Pipeline\\Pipeline.php(141): Illuminate\\Routing\\Router->Illuminate\\Routing\\{closure}(Object(Illuminate\\Http\\Request))
#24 C:\\Users\\ana.abrantes\\Desktop\\projetos\\estagiarios\\estagiarios\\vendor\\laravel\\framework\\src\\Illuminate\\Routing\\Middleware\\SubstituteBindings.php(50): Illuminate\\Pipeline\\Pipeline->Illuminate\\Pipeline\\{closure}(Object(Illuminate\\Http\\Request))
#25 C:\\Users\\ana.abrantes\\Desktop\\projetos\\estagiarios\\estagiarios\\vendor\\laravel\\framework\\src\\Illuminate\\Pipeline\\Pipeline.php(180): Illuminate\\Routing\\Middleware\\SubstituteBindings->handle(Object(Illuminate\\Http\\Request), Object(Closure))
#26 C:\\Users\\ana.abrantes\\Desktop\\projetos\\estagiarios\\estagiarios\\vendor\\laravel\\framework\\src\\Illuminate\\Foundation\\Http\\Middleware\\VerifyCsrfToken.php(78): Illuminate\\Pipeline\\Pipeline->Illuminate\\Pipeline\\{closure}(Object(Illuminate\\Http\\Request))
#27 C:\\Users\\ana.abrantes\\Desktop\\projetos\\estagiarios\\estagiarios\\vendor\\laravel\\framework\\src\\Illuminate\\Pipeline\\Pipeline.php(180): Illuminate\\Foundation\\Http\\Middleware\\VerifyCsrfToken->handle(Object(Illuminate\\Http\\Request), Object(Closure))
#28 C:\\Users\\ana.abrantes\\Desktop\\projetos\\estagiarios\\estagiarios\\vendor\\laravel\\framework\\src\\Illuminate\\View\\Middleware\\ShareErrorsFromSession.php(49): Illuminate\\Pipeline\\Pipeline->Illuminate\\Pipeline\\{closure}(Object(Illuminate\\Http\\Request))
#29 C:\\Users\\ana.abrantes\\Desktop\\projetos\\estagiarios\\estagiarios\\vendor\\laravel\\framework\\src\\Illuminate\\Pipeline\\Pipeline.php(180): Illuminate\\View\\Middleware\\ShareErrorsFromSession->handle(Object(Illuminate\\Http\\Request), Object(Closure))
#30 C:\\Users\\ana.abrantes\\Desktop\\projetos\\estagiarios\\estagiarios\\vendor\\laravel\\framework\\src\\Illuminate\\Session\\Middleware\\StartSession.php(121): Illuminate\\Pipeline\\Pipeline->Illuminate\\Pipeline\\{closure}(Object(Illuminate\\Http\\Request))
#31 C:\\Users\\ana.abrantes\\Desktop\\projetos\\estagiarios\\estagiarios\\vendor\\laravel\\framework\\src\\Illuminate\\Session\\Middleware\\StartSession.php(64): Illuminate\\Session\\Middleware\\StartSession->handleStatefulRequest(Object(Illuminate\\Http\\Request), Object(Illuminate\\Session\\Store), Object(Closure))
#32 C:\\Users\\ana.abrantes\\Desktop\\projetos\\estagiarios\\estagiarios\\vendor\\laravel\\framework\\src\\Illuminate\\Pipeline\\Pipeline.php(180): Illuminate\\Session\\Middleware\\StartSession->handle(Object(Illuminate\\Http\\Request), Object(Closure))
#33 C:\\Users\\ana.abrantes\\Desktop\\projetos\\estagiarios\\estagiarios\\vendor\\laravel\\framework\\src\\Illuminate\\Cookie\\Middleware\\AddQueuedCookiesToResponse.php(37): Illuminate\\Pipeline\\Pipeline->Illuminate\\Pipeline\\{closure}(Object(Illuminate\\Http\\Request))
#34 C:\\Users\\ana.abrantes\\Desktop\\projetos\\estagiarios\\estagiarios\\vendor\\laravel\\framework\\src\\Illuminate\\Pipeline\\Pipeline.php(180): Illuminate\\Cookie\\Middleware\\AddQueuedCookiesToResponse->handle(Object(Illuminate\\Http\\Request), Object(Closure))
#35 C:\\Users\\ana.abrantes\\Desktop\\projetos\\estagiarios\\estagiarios\\vendor\\laravel\\framework\\src\\Illuminate\\Cookie\\Middleware\\EncryptCookies.php(67): Illuminate\\Pipeline\\Pipeline->Illuminate\\Pipeline\\{closure}(Object(Illuminate\\Http\\Request))
#36 C:\\Users\\ana.abrantes\\Desktop\\projetos\\estagiarios\\estagiarios\\vendor\\laravel\\framework\\src\\Illuminate\\Pipeline\\Pipeline.php(180): Illuminate\\Cookie\\Middleware\\EncryptCookies->handle(Object(Illuminate\\Http\\Request), Object(Closure))
#37 C:\\Users\\ana.abrantes\\Desktop\\projetos\\estagiarios\\estagiarios\\vendor\\laravel\\framework\\src\\Illuminate\\Pipeline\\Pipeline.php(116): Illuminate\\Pipeline\\Pipeline->Illuminate\\Pipeline\\{closure}(Object(Illuminate\\Http\\Request))
#38 C:\\Users\\ana.abrantes\\Desktop\\projetos\\estagiarios\\estagiarios\\vendor\\laravel\\framework\\src\\Illuminate\\Routing\\Router.php(797): Illuminate\\Pipeline\\Pipeline->then(Object(Closure))
#39 C:\\Users\\ana.abrantes\\Desktop\\projetos\\estagiarios\\estagiarios\\vendor\\laravel\\framework\\src\\Illuminate\\Routing\\Router.php(776): Illuminate\\Routing\\Router->runRouteWithinStack(Object(Illuminate\\Routing\\Route), Object(Illuminate\\Http\\Request))
#40 C:\\Users\\ana.abrantes\\Desktop\\projetos\\estagiarios\\estagiarios\\vendor\\laravel\\framework\\src\\Illuminate\\Routing\\Router.php(740): Illuminate\\Routing\\Router->runRoute(Object(Illuminate\\Http\\Request), Object(Illuminate\\Routing\\Route))
#41 C:\\Users\\ana.abrantes\\Desktop\\projetos\\estagiarios\\estagiarios\\vendor\\laravel\\framework\\src\\Illuminate\\Routing\\Router.php(729): Illuminate\\Routing\\Router->dispatchToRoute(Object(Illuminate\\Http\\Request))
#42 C:\\Users\\ana.abrantes\\Desktop\\projetos\\estagiarios\\estagiarios\\vendor\\laravel\\framework\\src\\Illuminate\\Foundation\\Http\\Kernel.php(200): Illuminate\\Routing\\Router->dispatch(Object(Illuminate\\Http\\Request))
#43 C:\\Users\\ana.abrantes\\Desktop\\projetos\\estagiarios\\estagiarios\\vendor\\laravel\\framework\\src\\Illuminate\\Pipeline\\Pipeline.php(141): Illuminate\\Foundation\\Http\\Kernel->Illuminate\\Foundation\\Http\\{closure}(Object(Illuminate\\Http\\Request))
#44 C:\\Users\\ana.abrantes\\Desktop\\projetos\\estagiarios\\estagiarios\\vendor\\laravel\\framework\\src\\Illuminate\\Foundation\\Http\\Middleware\\TransformsRequest.php(21): Illuminate\\Pipeline\\Pipeline->Illuminate\\Pipeline\\{closure}(Object(Illuminate\\Http\\Request))
#45 C:\\Users\\ana.abrantes\\Desktop\\projetos\\estagiarios\\estagiarios\\vendor\\laravel\\framework\\src\\Illuminate\\Foundation\\Http\\Middleware\\ConvertEmptyStringsToNull.php(31): Illuminate\\Foundation\\Http\\Middleware\\TransformsRequest->handle(Object(Illuminate\\Http\\Request), Object(Closure))
#46 C:\\Users\\ana.abrantes\\Desktop\\projetos\\estagiarios\\estagiarios\\vendor\\laravel\\framework\\src\\Illuminate\\Pipeline\\Pipeline.php(180): Illuminate\\Foundation\\Http\\Middleware\\ConvertEmptyStringsToNull->handle(Object(Illuminate\\Http\\Request), Object(Closure))
#47 C:\\Users\\ana.abrantes\\Desktop\\projetos\\estagiarios\\estagiarios\\vendor\\laravel\\framework\\src\\Illuminate\\Foundation\\Http\\Middleware\\TransformsRequest.php(21): Illuminate\\Pipeline\\Pipeline->Illuminate\\Pipeline\\{closure}(Object(Illuminate\\Http\\Request))
#48 C:\\Users\\ana.abrantes\\Desktop\\projetos\\estagiarios\\estagiarios\\vendor\\laravel\\framework\\src\\Illuminate\\Foundation\\Http\\Middleware\\TrimStrings.php(40): Illuminate\\Foundation\\Http\\Middleware\\TransformsRequest->handle(Object(Illuminate\\Http\\Request), Object(Closure))
#49 C:\\Users\\ana.abrantes\\Desktop\\projetos\\estagiarios\\estagiarios\\vendor\\laravel\\framework\\src\\Illuminate\\Pipeline\\Pipeline.php(180): Illuminate\\Foundation\\Http\\Middleware\\TrimStrings->handle(Object(Illuminate\\Http\\Request), Object(Closure))
#50 C:\\Users\\ana.abrantes\\Desktop\\projetos\\estagiarios\\estagiarios\\vendor\\laravel\\framework\\src\\Illuminate\\Foundation\\Http\\Middleware\\ValidatePostSize.php(27): Illuminate\\Pipeline\\Pipeline->Illuminate\\Pipeline\\{closure}(Object(Illuminate\\Http\\Request))
#51 C:\\Users\\ana.abrantes\\Desktop\\projetos\\estagiarios\\estagiarios\\vendor\\laravel\\framework\\src\\Illuminate\\Pipeline\\Pipeline.php(180): Illuminate\\Foundation\\Http\\Middleware\\ValidatePostSize->handle(Object(Illuminate\\Http\\Request), Object(Closure))
#52 C:\\Users\\ana.abrantes\\Desktop\\projetos\\estagiarios\\estagiarios\\vendor\\laravel\\framework\\src\\Illuminate\\Foundation\\Http\\Middleware\\PreventRequestsDuringMaintenance.php(86): Illuminate\\Pipeline\\Pipeline->Illuminate\\Pipeline\\{closure}(Object(Illuminate\\Http\\Request))
#53 C:\\Users\\ana.abrantes\\Desktop\\projetos\\estagiarios\\estagiarios\\vendor\\laravel\\framework\\src\\Illuminate\\Pipeline\\Pipeline.php(180): Illuminate\\Foundation\\Http\\Middleware\\PreventRequestsDuringMaintenance->handle(Object(Illuminate\\Http\\Request), Object(Closure))
#54 C:\\Users\\ana.abrantes\\Desktop\\projetos\\estagiarios\\estagiarios\\vendor\\laravel\\framework\\src\\Illuminate\\Http\\Middleware\\HandleCors.php(49): Illuminate\\Pipeline\\Pipeline->Illuminate\\Pipeline\\{closure}(Object(Illuminate\\Http\\Request))
#55 C:\\Users\\ana.abrantes\\Desktop\\projetos\\estagiarios\\estagiarios\\vendor\\laravel\\framework\\src\\Illuminate\\Pipeline\\Pipeline.php(180): Illuminate\\Http\\Middleware\\HandleCors->handle(Object(Illuminate\\Http\\Request), Object(Closure))
#56 C:\\Users\\ana.abrantes\\Desktop\\projetos\\estagiarios\\estagiarios\\vendor\\laravel\\framework\\src\\Illuminate\\Http\\Middleware\\TrustProxies.php(39): Illuminate\\Pipeline\\Pipeline->Illuminate\\Pipeline\\{closure}(Object(Illuminate\\Http\\Request))
#57 C:\\Users\\ana.abrantes\\Desktop\\projetos\\estagiarios\\estagiarios\\vendor\\laravel\\framework\\src\\Illuminate\\Pipeline\\Pipeline.php(180): Illuminate\\Http\\Middleware\\TrustProxies->handle(Object(Illuminate\\Http\\Request), Object(Closure))
#58 C:\\Users\\ana.abrantes\\Desktop\\projetos\\estagiarios\\estagiarios\\vendor\\laravel\\framework\\src\\Illuminate\\Pipeline\\Pipeline.php(116): Illuminate\\Pipeline\\Pipeline->Illuminate\\Pipeline\\{closure}(Object(Illuminate\\Http\\Request))
#59 C:\\Users\\ana.abrantes\\Desktop\\projetos\\estagiarios\\estagiarios\\vendor\\laravel\\framework\\src\\Illuminate\\Foundation\\Http\\Kernel.php(175): Illuminate\\Pipeline\\Pipeline->then(Object(Closure))
#60 C:\\Users\\ana.abrantes\\Desktop\\projetos\\estagiarios\\estagiarios\\vendor\\laravel\\framework\\src\\Illuminate\\Foundation\\Http\\Kernel.php(144): Illuminate\\Foundation\\Http\\Kernel->sendRequestThroughRouter(Object(Illuminate\\Http\\Request))
#61 C:\\Users\\ana.abrantes\\Desktop\\projetos\\estagiarios\\estagiarios\\public\\index.php(51): Illuminate\\Foundation\\Http\\Kernel->handle(Object(Illuminate\\Http\\Request))
#62 C:\\Users\\ana.abrantes\\Desktop\\projetos\\estagiarios\\estagiarios\\vendor\\laravel\\framework\\src\\Illuminate\\Foundation\\resources\\server.php(16): require_once('C:\\\\Users\\\\ana.ab...')
#63 {main}

[previous exception] [object] (Illuminate\\Database\\SQLiteDatabaseDoesNotExistException(code: 0): Database file at path [estagiarios] does not exist. Ensure this is an absolute path to the database. at C:\\Users\\ana.abrantes\\Desktop\\projetos\\estagiarios\\estagiarios\\vendor\\laravel\\framework\\src\\Illuminate\\Database\\Connectors\\SQLiteConnector.php:34)
[stacktrace]
#0 C:\\Users\\ana.abrantes\\Desktop\\projetos\\estagiarios\\estagiarios\\vendor\\laravel\\framework\\src\\Illuminate\\Database\\Connectors\\ConnectionFactory.php(221): Illuminate\\Database\\Connectors\\SQLiteConnector->connect(Array)
#1 [internal function]: Illuminate\\Database\\Connectors\\ConnectionFactory->Illuminate\\Database\\Connectors\\{closure}()
#2 C:\\Users\\ana.abrantes\\Desktop\\projetos\\estagiarios\\estagiarios\\vendor\\laravel\\framework\\src\\Illuminate\\Database\\Connection.php(1210): call_user_func(Object(Closure))
#3 C:\\Users\\ana.abrantes\\Desktop\\projetos\\estagiarios\\estagiarios\\vendor\\laravel\\framework\\src\\Illuminate\\Database\\Connection.php(572): Illuminate\\Database\\Connection->getPdo()
#4 C:\\Users\\ana.abrantes\\Desktop\\projetos\\estagiarios\\estagiarios\\vendor\\laravel\\framework\\src\\Illuminate\\Database\\Connection.php(786): Illuminate\\Database\\Connection->Illuminate\\Database\\{closure}('PRAGMA foreign_...', Array)
#5 C:\\Users\\ana.abrantes\\Desktop\\projetos\\estagiarios\\estagiarios\\vendor\\laravel\\framework\\src\\Illuminate\\Database\\Connection.php(753): Illuminate\\Database\\Connection->runQueryCallback('PRAGMA foreign_...', Array, Object(Closure))
#6 C:\\Users\\ana.abrantes\\Desktop\\projetos\\estagiarios\\estagiarios\\vendor\\laravel\\framework\\src\\Illuminate\\Database\\Connection.php(567): Illuminate\\Database\\Connection->run('PRAGMA foreign_...', Array, Object(Closure))
#7 C:\\Users\\ana.abrantes\\Desktop\\projetos\\estagiarios\\estagiarios\\vendor\\laravel\\framework\\src\\Illuminate\\Database\\Schema\\Builder.php(397): Illuminate\\Database\\Connection->statement('PRAGMA foreign_...')
#8 C:\\Users\\ana.abrantes\\Desktop\\projetos\\estagiarios\\estagiarios\\vendor\\laravel\\framework\\src\\Illuminate\\Database\\SQLiteConnection.php(35): Illuminate\\Database\\Schema\\Builder->enableForeignKeyConstraints()
#9 C:\\Users\\ana.abrantes\\Desktop\\projetos\\estagiarios\\estagiarios\\vendor\\laravel\\framework\\src\\Illuminate\\Database\\Connectors\\ConnectionFactory.php(272): Illuminate\\Database\\SQLiteConnection->__construct(Object(Closure), 'estagiarios', '', Array)
#10 C:\\Users\\ana.abrantes\\Desktop\\projetos\\estagiarios\\estagiarios\\vendor\\laravel\\framework\\src\\Illuminate\\Database\\Connectors\\ConnectionFactory.php(75): Illuminate\\Database\\Connectors\\ConnectionFactory->createConnection('sqlite', Object(Closure), 'estagiarios', '', Array)
#11 C:\\Users\\ana.abrantes\\Desktop\\projetos\\estagiarios\\estagiarios\\vendor\\laravel\\framework\\src\\Illuminate\\Database\\Connectors\\ConnectionFactory.php(50): Illuminate\\Database\\Connectors\\ConnectionFactory->createSingleConnection(Array)
#12 C:\\Users\\ana.abrantes\\Desktop\\projetos\\estagiarios\\estagiarios\\vendor\\laravel\\framework\\src\\Illuminate\\Database\\DatabaseManager.php(152): Illuminate\\Database\\Connectors\\ConnectionFactory->make(Array, 'sqlite')
#13 C:\\Users\\ana.abrantes\\Desktop\\projetos\\estagiarios\\estagiarios\\vendor\\laravel\\framework\\src\\Illuminate\\Database\\DatabaseManager.php(101): Illuminate\\Database\\DatabaseManager->makeConnection('sqlite')
#14 C:\\Users\\ana.abrantes\\Desktop\\projetos\\estagiarios\\estagiarios\\vendor\\laravel\\framework\\src\\Illuminate\\Database\\Eloquent\\Model.php(1820): Illuminate\\Database\\DatabaseManager->connection('sqlite')
#15 C:\\Users\\ana.abrantes\\Desktop\\projetos\\estagiarios\\estagiarios\\vendor\\laravel\\framework\\src\\Illuminate\\Database\\Eloquent\\Model.php(1786): Illuminate\\Database\\Eloquent\\Model::resolveConnection(NULL)
#16 C:\\Users\\ana.abrantes\\Desktop\\projetos\\estagiarios\\estagiarios\\vendor\\laravel\\framework\\src\\Illuminate\\Database\\Eloquent\\Model.php(1578): Illuminate\\Database\\Eloquent\\Model->getConnection()
#17 C:\\Users\\ana.abrantes\\Desktop\\projetos\\estagiarios\\estagiarios\\vendor\\laravel\\framework\\src\\Illuminate\\Database\\Eloquent\\Model.php(1497): Illuminate\\Database\\Eloquent\\Model->newBaseQueryBuilder()
#18 C:\\Users\\ana.abrantes\\Desktop\\projetos\\estagiarios\\estagiarios\\vendor\\laravel\\framework\\src\\Illuminate\\Database\\Eloquent\\Model.php(1533): Illuminate\\Database\\Eloquent\\Model->newModelQuery()
#19 C:\\Users\\ana.abrantes\\Desktop\\projetos\\estagiarios\\estagiarios\\vendor\\laravel\\framework\\src\\Illuminate\\Database\\Eloquent\\Model.php(1486): Illuminate\\Database\\Eloquent\\Model->newQueryWithoutScopes()
#20 C:\\Users\\ana.abrantes\\Desktop\\projetos\\estagiarios\\estagiarios\\vendor\\laravel\\framework\\src\\Illuminate\\Database\\Eloquent\\Model.php(1476): Illuminate\\Database\\Eloquent\\Model->newQuery()
#21 C:\\Users\\ana.abrantes\\Desktop\\projetos\\estagiarios\\estagiarios\\vendor\\laravel\\framework\\src\\Illuminate\\Database\\Eloquent\\Model.php(674): Illuminate\\Database\\Eloquent\\Model::query()
#22 C:\\Users\\ana.abrantes\\Desktop\\projetos\\estagiarios\\estagiarios\\app\\Http\\Controllers\\EstagiarioController.php(14): Illuminate\\Database\\Eloquent\\Model::all()
#23 C:\\Users\\ana.abrantes\\Desktop\\projetos\\estagiarios\\estagiarios\\vendor\\laravel\\framework\\src\\Illuminate\\Routing\\Controller.php(54): App\\Http\\Controllers\\EstagiarioController->index()
#24 C:\\Users\\ana.abrantes\\Desktop\\projetos\\estagiarios\\estagiarios\\vendor\\laravel\\framework\\src\\Illuminate\\Routing\\ControllerDispatcher.php(43): Illuminate\\Routing\\Controller->callAction('index', Array)
#25 C:\\Users\\ana.abrantes\\Desktop\\projetos\\estagiarios\\estagiarios\\vendor\\laravel\\framework\\src\\Illuminate\\Routing\\Route.php(259): Illuminate\\Routing\\ControllerDispatcher->dispatch(Object(Illuminate\\Routing\\Route), Object(App\\Http\\Controllers\\EstagiarioController), 'index')
#26 C:\\Users\\ana.abrantes\\Desktop\\projetos\\estagiarios\\estagiarios\\vendor\\laravel\\framework\\src\\Illuminate\\Routing\\Route.php(205): Illuminate\\Routing\\Route->runController()
#27 C:\\Users\\ana.abrantes\\Desktop\\projetos\\estagiarios\\estagiarios\\vendor\\laravel\\framework\\src\\Illuminate\\Routing\\Router.php(798): Illuminate\\Routing\\Route->run()
#28 C:\\Users\\ana.abrantes\\Desktop\\projetos\\estagiarios\\estagiarios\\vendor\\laravel\\framework\\src\\Illuminate\\Pipeline\\Pipeline.php(141): Illuminate\\Routing\\Router->Illuminate\\Routing\\{closure}(Object(Illuminate\\Http\\Request))
#29 C:\\Users\\ana.abrantes\\Desktop\\projetos\\estagiarios\\estagiarios\\vendor\\laravel\\framework\\src\\Illuminate\\Routing\\Middleware\\SubstituteBindings.php(50): Illuminate\\Pipeline\\Pipeline->Illuminate\\Pipeline\\{closure}(Object(Illuminate\\Http\\Request))
#30 C:\\Users\\ana.abrantes\\Desktop\\projetos\\estagiarios\\estagiarios\\vendor\\laravel\\framework\\src\\Illuminate\\Pipeline\\Pipeline.php(180): Illuminate\\Routing\\Middleware\\SubstituteBindings->handle(Object(Illuminate\\Http\\Request), Object(Closure))
#31 C:\\Users\\ana.abrantes\\Desktop\\projetos\\estagiarios\\estagiarios\\vendor\\laravel\\framework\\src\\Illuminate\\Foundation\\Http\\Middleware\\VerifyCsrfToken.php(78): Illuminate\\Pipeline\\Pipeline->Illuminate\\Pipeline\\{closure}(Object(Illuminate\\Http\\Request))
#32 C:\\Users\\ana.abrantes\\Desktop\\projetos\\estagiarios\\estagiarios\\vendor\\laravel\\framework\\src\\Illuminate\\Pipeline\\Pipeline.php(180): Illuminate\\Foundation\\Http\\Middleware\\VerifyCsrfToken->handle(Object(Illuminate\\Http\\Request), Object(Closure))
#33 C:\\Users\\ana.abrantes\\Desktop\\projetos\\estagiarios\\estagiarios\\vendor\\laravel\\framework\\src\\Illuminate\\View\\Middleware\\ShareErrorsFromSession.php(49): Illuminate\\Pipeline\\Pipeline->Illuminate\\Pipeline\\{closure}(Object(Illuminate\\Http\\Request))
#34 C:\\Users\\ana.abrantes\\Desktop\\projetos\\estagiarios\\estagiarios\\vendor\\laravel\\framework\\src\\Illuminate\\Pipeline\\Pipeline.php(180): Illuminate\\View\\Middleware\\ShareErrorsFromSession->handle(Object(Illuminate\\Http\\Request), Object(Closure))
#35 C:\\Users\\ana.abrantes\\Desktop\\projetos\\estagiarios\\estagiarios\\vendor\\laravel\\framework\\src\\Illuminate\\Session\\Middleware\\StartSession.php(121): Illuminate\\Pipeline\\Pipeline->Illuminate\\Pipeline\\{closure}(Object(Illuminate\\Http\\Request))
#36 C:\\Users\\ana.abrantes\\Desktop\\projetos\\estagiarios\\estagiarios\\vendor\\laravel\\framework\\src\\Illuminate\\Session\\Middleware\\StartSession.php(64): Illuminate\\Session\\Middleware\\StartSession->handleStatefulRequest(Object(Illuminate\\Http\\Request), Object(Illuminate\\Session\\Store), Object(Closure))
#37 C:\\Users\\ana.abrantes\\Desktop\\projetos\\estagiarios\\estagiarios\\vendor\\laravel\\framework\\src\\Illuminate\\Pipeline\\Pipeline.php(180): Illuminate\\Session\\Middleware\\StartSession->handle(Object(Illuminate\\Http\\Request), Object(Closure))
#38 C:\\Users\\ana.abrantes\\Desktop\\projetos\\estagiarios\\estagiarios\\vendor\\laravel\\framework\\src\\Illuminate\\Cookie\\Middleware\\AddQueuedCookiesToResponse.php(37): Illuminate\\Pipeline\\Pipeline->Illuminate\\Pipeline\\{closure}(Object(Illuminate\\Http\\Request))
#39 C:\\Users\\ana.abrantes\\Desktop\\projetos\\estagiarios\\estagiarios\\vendor\\laravel\\framework\\src\\Illuminate\\Pipeline\\Pipeline.php(180): Illuminate\\Cookie\\Middleware\\AddQueuedCookiesToResponse->handle(Object(Illuminate\\Http\\Request), Object(Closure))
#40 C:\\Users\\ana.abrantes\\Desktop\\projetos\\estagiarios\\estagiarios\\vendor\\laravel\\framework\\src\\Illuminate\\Cookie\\Middleware\\EncryptCookies.php(67): Illuminate\\Pipeline\\Pipeline->Illuminate\\Pipeline\\{closure}(Object(Illuminate\\Http\\Request))
#41 C:\\Users\\ana.abrantes\\Desktop\\projetos\\estagiarios\\estagiarios\\vendor\\laravel\\framework\\src\\Illuminate\\Pipeline\\Pipeline.php(180): Illuminate\\Cookie\\Middleware\\EncryptCookies->handle(Object(Illuminate\\Http\\Request), Object(Closure))
#42 C:\\Users\\ana.abrantes\\Desktop\\projetos\\estagiarios\\estagiarios\\vendor\\laravel\\framework\\src\\Illuminate\\Pipeline\\Pipeline.php(116): Illuminate\\Pipeline\\Pipeline->Illuminate\\Pipeline\\{closure}(Object(Illuminate\\Http\\Request))
#43 C:\\Users\\ana.abrantes\\Desktop\\projetos\\estagiarios\\estagiarios\\vendor\\laravel\\framework\\src\\Illuminate\\Routing\\Router.php(797): Illuminate\\Pipeline\\Pipeline->then(Object(Closure))
#44 C:\\Users\\ana.abrantes\\Desktop\\projetos\\estagiarios\\estagiarios\\vendor\\laravel\\framework\\src\\Illuminate\\Routing\\Router.php(776): Illuminate\\Routing\\Router->runRouteWithinStack(Object(Illuminate\\Routing\\Route), Object(Illuminate\\Http\\Request))
#45 C:\\Users\\ana.abrantes\\Desktop\\projetos\\estagiarios\\estagiarios\\vendor\\laravel\\framework\\src\\Illuminate\\Routing\\Router.php(740): Illuminate\\Routing\\Router->runRoute(Object(Illuminate\\Http\\Request), Object(Illuminate\\Routing\\Route))
#46 C:\\Users\\ana.abrantes\\Desktop\\projetos\\estagiarios\\estagiarios\\vendor\\laravel\\framework\\src\\Illuminate\\Routing\\Router.php(729): Illuminate\\Routing\\Router->dispatchToRoute(Object(Illuminate\\Http\\Request))
#47 C:\\Users\\ana.abrantes\\Desktop\\projetos\\estagiarios\\estagiarios\\vendor\\laravel\\framework\\src\\Illuminate\\Foundation\\Http\\Kernel.php(200): Illuminate\\Routing\\Router->dispatch(Object(Illuminate\\Http\\Request))
#48 C:\\Users\\ana.abrantes\\Desktop\\projetos\\estagiarios\\estagiarios\\vendor\\laravel\\framework\\src\\Illuminate\\Pipeline\\Pipeline.php(141): Illuminate\\Foundation\\Http\\Kernel->Illuminate\\Foundation\\Http\\{closure}(Object(Illuminate\\Http\\Request))
#49 C:\\Users\\ana.abrantes\\Desktop\\projetos\\estagiarios\\estagiarios\\vendor\\laravel\\framework\\src\\Illuminate\\Foundation\\Http\\Middleware\\TransformsRequest.php(21): Illuminate\\Pipeline\\Pipeline->Illuminate\\Pipeline\\{closure}(Object(Illuminate\\Http\\Request))
#50 C:\\Users\\ana.abrantes\\Desktop\\projetos\\estagiarios\\estagiarios\\vendor\\laravel\\framework\\src\\Illuminate\\Foundation\\Http\\Middleware\\ConvertEmptyStringsToNull.php(31): Illuminate\\Foundation\\Http\\Middleware\\TransformsRequest->handle(Object(Illuminate\\Http\\Request), Object(Closure))
#51 C:\\Users\\ana.abrantes\\Desktop\\projetos\\estagiarios\\estagiarios\\vendor\\laravel\\framework\\src\\Illuminate\\Pipeline\\Pipeline.php(180): Illuminate\\Foundation\\Http\\Middleware\\ConvertEmptyStringsToNull->handle(Object(Illuminate\\Http\\Request), Object(Closure))
#52 C:\\Users\\ana.abrantes\\Desktop\\projetos\\estagiarios\\estagiarios\\vendor\\laravel\\framework\\src\\Illuminate\\Foundation\\Http\\Middleware\\TransformsRequest.php(21): Illuminate\\Pipeline\\Pipeline->Illuminate\\Pipeline\\{closure}(Object(Illuminate\\Http\\Request))
#53 C:\\Users\\ana.abrantes\\Desktop\\projetos\\estagiarios\\estagiarios\\vendor\\laravel\\framework\\src\\Illuminate\\Foundation\\Http\\Middleware\\TrimStrings.php(40): Illuminate\\Foundation\\Http\\Middleware\\TransformsRequest->handle(Object(Illuminate\\Http\\Request), Object(Closure))
#54 C:\\Users\\ana.abrantes\\Desktop\\projetos\\estagiarios\\estagiarios\\vendor\\laravel\\framework\\src\\Illuminate\\Pipeline\\Pipeline.php(180): Illuminate\\Foundation\\Http\\Middleware\\TrimStrings->handle(Object(Illuminate\\Http\\Request), Object(Closure))
#55 C:\\Users\\ana.abrantes\\Desktop\\projetos\\estagiarios\\estagiarios\\vendor\\laravel\\framework\\src\\Illuminate\\Foundation\\Http\\Middleware\\ValidatePostSize.php(27): Illuminate\\Pipeline\\Pipeline->Illuminate\\Pipeline\\{closure}(Object(Illuminate\\Http\\Request))
#56 C:\\Users\\ana.abrantes\\Desktop\\projetos\\estagiarios\\estagiarios\\vendor\\laravel\\framework\\src\\Illuminate\\Pipeline\\Pipeline.php(180): Illuminate\\Foundation\\Http\\Middleware\\ValidatePostSize->handle(Object(Illuminate\\Http\\Request), Object(Closure))
#57 C:\\Users\\ana.abrantes\\Desktop\\projetos\\estagiarios\\estagiarios\\vendor\\laravel\\framework\\src\\Illuminate\\Foundation\\Http\\Middleware\\PreventRequestsDuringMaintenance.php(86): Illuminate\\Pipeline\\Pipeline->Illuminate\\Pipeline\\{closure}(Object(Illuminate\\Http\\Request))
#58 C:\\Users\\ana.abrantes\\Desktop\\projetos\\estagiarios\\estagiarios\\vendor\\laravel\\framework\\src\\Illuminate\\Pipeline\\Pipeline.php(180): Illuminate\\Foundation\\Http\\Middleware\\PreventRequestsDuringMaintenance->handle(Object(Illuminate\\Http\\Request), Object(Closure))
#59 C:\\Users\\ana.abrantes\\Desktop\\projetos\\estagiarios\\estagiarios\\vendor\\laravel\\framework\\src\\Illuminate\\Http\\Middleware\\HandleCors.php(49): Illuminate\\Pipeline\\Pipeline->Illuminate\\Pipeline\\{closure}(Object(Illuminate\\Http\\Request))
#60 C:\\Users\\ana.abrantes\\Desktop\\projetos\\estagiarios\\estagiarios\\vendor\\laravel\\framework\\src\\Illuminate\\Pipeline\\Pipeline.php(180): Illuminate\\Http\\Middleware\\HandleCors->handle(Object(Illuminate\\Http\\Request), Object(Closure))
#61 C:\\Users\\ana.abrantes\\Desktop\\projetos\\estagiarios\\estagiarios\\vendor\\laravel\\framework\\src\\Illuminate\\Http\\Middleware\\TrustProxies.php(39): Illuminate\\Pipeline\\Pipeline->Illuminate\\Pipeline\\{closure}(Object(Illuminate\\Http\\Request))
#62 C:\\Users\\ana.abrantes\\Desktop\\projetos\\estagiarios\\estagiarios\\vendor\\laravel\\framework\\src\\Illuminate\\Pipeline\\Pipeline.php(180): Illuminate\\Http\\Middleware\\TrustProxies->handle(Object(Illuminate\\Http\\Request), Object(Closure))
#63 C:\\Users\\ana.abrantes\\Desktop\\projetos\\estagiarios\\estagiarios\\vendor\\laravel\\framework\\src\\Illuminate\\Pipeline\\Pipeline.php(116): Illuminate\\Pipeline\\Pipeline->Illuminate\\Pipeline\\{closure}(Object(Illuminate\\Http\\Request))
#64 C:\\Users\\ana.abrantes\\Desktop\\projetos\\estagiarios\\estagiarios\\vendor\\laravel\\framework\\src\\Illuminate\\Foundation\\Http\\Kernel.php(175): Illuminate\\Pipeline\\Pipeline->then(Object(Closure))
#65 C:\\Users\\ana.abrantes\\Desktop\\projetos\\estagiarios\\estagiarios\\vendor\\laravel\\framework\\src\\Illuminate\\Foundation\\Http\\Kernel.php(144): Illuminate\\Foundation\\Http\\Kernel->sendRequestThroughRouter(Object(Illuminate\\Http\\Request))
#66 C:\\Users\\ana.abrantes\\Desktop\\projetos\\estagiarios\\estagiarios\\public\\index.php(51): Illuminate\\Foundation\\Http\\Kernel->handle(Object(Illuminate\\Http\\Request))
#67 C:\\Users\\ana.abrantes\\Desktop\\projetos\\estagiarios\\estagiarios\\vendor\\laravel\\framework\\src\\Illuminate\\Foundation\\resources\\server.php(16): require_once('C:\\\\Users\\\\ana.ab...')
#68 {main}
"} 
[2023-06-16 12:52:37] local.ERROR: Database file at path [estagiarios] does not exist. Ensure this is an absolute path to the database. (Connection: sqlite, SQL: PRAGMA foreign_keys = ON;) {"exception":"[object] (Illuminate\\Database\\QueryException(code: 0): Database file at path [estagiarios] does not exist. Ensure this is an absolute path to the database. (Connection: sqlite, SQL: PRAGMA foreign_keys = ON;) at C:\\Users\\ana.abrantes\\Desktop\\projetos\\estagiarios\\estagiarios\\vendor\\laravel\\framework\\src\\Illuminate\\Database\\Connection.php:793)
[stacktrace]
#0 C:\\Users\\ana.abrantes\\Desktop\\projetos\\estagiarios\\estagiarios\\vendor\\laravel\\framework\\src\\Illuminate\\Database\\Connection.php(753): Illuminate\\Database\\Connection->runQueryCallback('PRAGMA foreign_...', Array, Object(Closure))
#1 C:\\Users\\ana.abrantes\\Desktop\\projetos\\estagiarios\\estagiarios\\vendor\\laravel\\framework\\src\\Illuminate\\Database\\Connection.php(567): Illuminate\\Database\\Connection->run('PRAGMA foreign_...', Array, Object(Closure))
#2 C:\\Users\\ana.abrantes\\Desktop\\projetos\\estagiarios\\estagiarios\\vendor\\laravel\\framework\\src\\Illuminate\\Database\\Schema\\Builder.php(397): Illuminate\\Database\\Connection->statement('PRAGMA foreign_...')
#3 C:\\Users\\ana.abrantes\\Desktop\\projetos\\estagiarios\\estagiarios\\vendor\\laravel\\framework\\src\\Illuminate\\Database\\SQLiteConnection.php(35): Illuminate\\Database\\Schema\\Builder->enableForeignKeyConstraints()
#4 C:\\Users\\ana.abrantes\\Desktop\\projetos\\estagiarios\\estagiarios\\vendor\\laravel\\framework\\src\\Illuminate\\Database\\Connectors\\ConnectionFactory.php(272): Illuminate\\Database\\SQLiteConnection->__construct(Object(Closure), 'estagiarios', '', Array)
#5 C:\\Users\\ana.abrantes\\Desktop\\projetos\\estagiarios\\estagiarios\\vendor\\laravel\\framework\\src\\Illuminate\\Database\\Connectors\\ConnectionFactory.php(75): Illuminate\\Database\\Connectors\\ConnectionFactory->createConnection('sqlite', Object(Closure), 'estagiarios', '', Array)
#6 C:\\Users\\ana.abrantes\\Desktop\\projetos\\estagiarios\\estagiarios\\vendor\\laravel\\framework\\src\\Illuminate\\Database\\Connectors\\ConnectionFactory.php(50): Illuminate\\Database\\Connectors\\ConnectionFactory->createSingleConnection(Array)
#7 C:\\Users\\ana.abrantes\\Desktop\\projetos\\estagiarios\\estagiarios\\vendor\\laravel\\framework\\src\\Illuminate\\Database\\DatabaseManager.php(152): Illuminate\\Database\\Connectors\\ConnectionFactory->make(Array, 'sqlite')
#8 C:\\Users\\ana.abrantes\\Desktop\\projetos\\estagiarios\\estagiarios\\vendor\\laravel\\framework\\src\\Illuminate\\Database\\DatabaseManager.php(101): Illuminate\\Database\\DatabaseManager->makeConnection('sqlite')
#9 C:\\Users\\ana.abrantes\\Desktop\\projetos\\estagiarios\\estagiarios\\vendor\\laravel\\framework\\src\\Illuminate\\Database\\Eloquent\\Model.php(1820): Illuminate\\Database\\DatabaseManager->connection('sqlite')
#10 C:\\Users\\ana.abrantes\\Desktop\\projetos\\estagiarios\\estagiarios\\vendor\\laravel\\framework\\src\\Illuminate\\Database\\Eloquent\\Model.php(1786): Illuminate\\Database\\Eloquent\\Model::resolveConnection(NULL)
#11 C:\\Users\\ana.abrantes\\Desktop\\projetos\\estagiarios\\estagiarios\\vendor\\laravel\\framework\\src\\Illuminate\\Database\\Eloquent\\Model.php(1578): Illuminate\\Database\\Eloquent\\Model->getConnection()
#12 C:\\Users\\ana.abrantes\\Desktop\\projetos\\estagiarios\\estagiarios\\vendor\\laravel\\framework\\src\\Illuminate\\Database\\Eloquent\\Model.php(1497): Illuminate\\Database\\Eloquent\\Model->newBaseQueryBuilder()
#13 C:\\Users\\ana.abrantes\\Desktop\\projetos\\estagiarios\\estagiarios\\vendor\\laravel\\framework\\src\\Illuminate\\Database\\Eloquent\\Model.php(1533): Illuminate\\Database\\Eloquent\\Model->newModelQuery()
#14 C:\\Users\\ana.abrantes\\Desktop\\projetos\\estagiarios\\estagiarios\\vendor\\laravel\\framework\\src\\Illuminate\\Database\\Eloquent\\Model.php(1486): Illuminate\\Database\\Eloquent\\Model->newQueryWithoutScopes()
#15 C:\\Users\\ana.abrantes\\Desktop\\projetos\\estagiarios\\estagiarios\\vendor\\laravel\\framework\\src\\Illuminate\\Database\\Eloquent\\Model.php(1476): Illuminate\\Database\\Eloquent\\Model->newQuery()
#16 C:\\Users\\ana.abrantes\\Desktop\\projetos\\estagiarios\\estagiarios\\vendor\\laravel\\framework\\src\\Illuminate\\Database\\Eloquent\\Model.php(674): Illuminate\\Database\\Eloquent\\Model::query()
#17 C:\\Users\\ana.abrantes\\Desktop\\projetos\\estagiarios\\estagiarios\\app\\Http\\Controllers\\EstagiarioController.php(14): Illuminate\\Database\\Eloquent\\Model::all()
#18 C:\\Users\\ana.abrantes\\Desktop\\projetos\\estagiarios\\estagiarios\\vendor\\laravel\\framework\\src\\Illuminate\\Routing\\Controller.php(54): App\\Http\\Controllers\\EstagiarioController->index()
#19 C:\\Users\\ana.abrantes\\Desktop\\projetos\\estagiarios\\estagiarios\\vendor\\laravel\\framework\\src\\Illuminate\\Routing\\ControllerDispatcher.php(43): Illuminate\\Routing\\Controller->callAction('index', Array)
#20 C:\\Users\\ana.abrantes\\Desktop\\projetos\\estagiarios\\estagiarios\\vendor\\laravel\\framework\\src\\Illuminate\\Routing\\Route.php(259): Illuminate\\Routing\\ControllerDispatcher->dispatch(Object(Illuminate\\Routing\\Route), Object(App\\Http\\Controllers\\EstagiarioController), 'index')
#21 C:\\Users\\ana.abrantes\\Desktop\\projetos\\estagiarios\\estagiarios\\vendor\\laravel\\framework\\src\\Illuminate\\Routing\\Route.php(205): Illuminate\\Routing\\Route->runController()
#22 C:\\Users\\ana.abrantes\\Desktop\\projetos\\estagiarios\\estagiarios\\vendor\\laravel\\framework\\src\\Illuminate\\Routing\\Router.php(798): Illuminate\\Routing\\Route->run()
#23 C:\\Users\\ana.abrantes\\Desktop\\projetos\\estagiarios\\estagiarios\\vendor\\laravel\\framework\\src\\Illuminate\\Pipeline\\Pipeline.php(141): Illuminate\\Routing\\Router->Illuminate\\Routing\\{closure}(Object(Illuminate\\Http\\Request))
#24 C:\\Users\\ana.abrantes\\Desktop\\projetos\\estagiarios\\estagiarios\\vendor\\laravel\\framework\\src\\Illuminate\\Routing\\Middleware\\SubstituteBindings.php(50): Illuminate\\Pipeline\\Pipeline->Illuminate\\Pipeline\\{closure}(Object(Illuminate\\Http\\Request))
#25 C:\\Users\\ana.abrantes\\Desktop\\projetos\\estagiarios\\estagiarios\\vendor\\laravel\\framework\\src\\Illuminate\\Pipeline\\Pipeline.php(180): Illuminate\\Routing\\Middleware\\SubstituteBindings->handle(Object(Illuminate\\Http\\Request), Object(Closure))
#26 C:\\Users\\ana.abrantes\\Desktop\\projetos\\estagiarios\\estagiarios\\vendor\\laravel\\framework\\src\\Illuminate\\Foundation\\Http\\Middleware\\VerifyCsrfToken.php(78): Illuminate\\Pipeline\\Pipeline->Illuminate\\Pipeline\\{closure}(Object(Illuminate\\Http\\Request))
#27 C:\\Users\\ana.abrantes\\Desktop\\projetos\\estagiarios\\estagiarios\\vendor\\laravel\\framework\\src\\Illuminate\\Pipeline\\Pipeline.php(180): Illuminate\\Foundation\\Http\\Middleware\\VerifyCsrfToken->handle(Object(Illuminate\\Http\\Request), Object(Closure))
#28 C:\\Users\\ana.abrantes\\Desktop\\projetos\\estagiarios\\estagiarios\\vendor\\laravel\\framework\\src\\Illuminate\\View\\Middleware\\ShareErrorsFromSession.php(49): Illuminate\\Pipeline\\Pipeline->Illuminate\\Pipeline\\{closure}(Object(Illuminate\\Http\\Request))
#29 C:\\Users\\ana.abrantes\\Desktop\\projetos\\estagiarios\\estagiarios\\vendor\\laravel\\framework\\src\\Illuminate\\Pipeline\\Pipeline.php(180): Illuminate\\View\\Middleware\\ShareErrorsFromSession->handle(Object(Illuminate\\Http\\Request), Object(Closure))
#30 C:\\Users\\ana.abrantes\\Desktop\\projetos\\estagiarios\\estagiarios\\vendor\\laravel\\framework\\src\\Illuminate\\Session\\Middleware\\StartSession.php(121): Illuminate\\Pipeline\\Pipeline->Illuminate\\Pipeline\\{closure}(Object(Illuminate\\Http\\Request))
#31 C:\\Users\\ana.abrantes\\Desktop\\projetos\\estagiarios\\estagiarios\\vendor\\laravel\\framework\\src\\Illuminate\\Session\\Middleware\\StartSession.php(64): Illuminate\\Session\\Middleware\\StartSession->handleStatefulRequest(Object(Illuminate\\Http\\Request), Object(Illuminate\\Session\\Store), Object(Closure))
#32 C:\\Users\\ana.abrantes\\Desktop\\projetos\\estagiarios\\estagiarios\\vendor\\laravel\\framework\\src\\Illuminate\\Pipeline\\Pipeline.php(180): Illuminate\\Session\\Middleware\\StartSession->handle(Object(Illuminate\\Http\\Request), Object(Closure))
#33 C:\\Users\\ana.abrantes\\Desktop\\projetos\\estagiarios\\estagiarios\\vendor\\laravel\\framework\\src\\Illuminate\\Cookie\\Middleware\\AddQueuedCookiesToResponse.php(37): Illuminate\\Pipeline\\Pipeline->Illuminate\\Pipeline\\{closure}(Object(Illuminate\\Http\\Request))
#34 C:\\Users\\ana.abrantes\\Desktop\\projetos\\estagiarios\\estagiarios\\vendor\\laravel\\framework\\src\\Illuminate\\Pipeline\\Pipeline.php(180): Illuminate\\Cookie\\Middleware\\AddQueuedCookiesToResponse->handle(Object(Illuminate\\Http\\Request), Object(Closure))
#35 C:\\Users\\ana.abrantes\\Desktop\\projetos\\estagiarios\\estagiarios\\vendor\\laravel\\framework\\src\\Illuminate\\Cookie\\Middleware\\EncryptCookies.php(67): Illuminate\\Pipeline\\Pipeline->Illuminate\\Pipeline\\{closure}(Object(Illuminate\\Http\\Request))
#36 C:\\Users\\ana.abrantes\\Desktop\\projetos\\estagiarios\\estagiarios\\vendor\\laravel\\framework\\src\\Illuminate\\Pipeline\\Pipeline.php(180): Illuminate\\Cookie\\Middleware\\EncryptCookies->handle(Object(Illuminate\\Http\\Request), Object(Closure))
#37 C:\\Users\\ana.abrantes\\Desktop\\projetos\\estagiarios\\estagiarios\\vendor\\laravel\\framework\\src\\Illuminate\\Pipeline\\Pipeline.php(116): Illuminate\\Pipeline\\Pipeline->Illuminate\\Pipeline\\{closure}(Object(Illuminate\\Http\\Request))
#38 C:\\Users\\ana.abrantes\\Desktop\\projetos\\estagiarios\\estagiarios\\vendor\\laravel\\framework\\src\\Illuminate\\Routing\\Router.php(797): Illuminate\\Pipeline\\Pipeline->then(Object(Closure))
#39 C:\\Users\\ana.abrantes\\Desktop\\projetos\\estagiarios\\estagiarios\\vendor\\laravel\\framework\\src\\Illuminate\\Routing\\Router.php(776): Illuminate\\Routing\\Router->runRouteWithinStack(Object(Illuminate\\Routing\\Route), Object(Illuminate\\Http\\Request))
#40 C:\\Users\\ana.abrantes\\Desktop\\projetos\\estagiarios\\estagiarios\\vendor\\laravel\\framework\\src\\Illuminate\\Routing\\Router.php(740): Illuminate\\Routing\\Router->runRoute(Object(Illuminate\\Http\\Request), Object(Illuminate\\Routing\\Route))
#41 C:\\Users\\ana.abrantes\\Desktop\\projetos\\estagiarios\\estagiarios\\vendor\\laravel\\framework\\src\\Illuminate\\Routing\\Router.php(729): Illuminate\\Routing\\Router->dispatchToRoute(Object(Illuminate\\Http\\Request))
#42 C:\\Users\\ana.abrantes\\Desktop\\projetos\\estagiarios\\estagiarios\\vendor\\laravel\\framework\\src\\Illuminate\\Foundation\\Http\\Kernel.php(200): Illuminate\\Routing\\Router->dispatch(Object(Illuminate\\Http\\Request))
#43 C:\\Users\\ana.abrantes\\Desktop\\projetos\\estagiarios\\estagiarios\\vendor\\laravel\\framework\\src\\Illuminate\\Pipeline\\Pipeline.php(141): Illuminate\\Foundation\\Http\\Kernel->Illuminate\\Foundation\\Http\\{closure}(Object(Illuminate\\Http\\Request))
#44 C:\\Users\\ana.abrantes\\Desktop\\projetos\\estagiarios\\estagiarios\\vendor\\laravel\\framework\\src\\Illuminate\\Foundation\\Http\\Middleware\\TransformsRequest.php(21): Illuminate\\Pipeline\\Pipeline->Illuminate\\Pipeline\\{closure}(Object(Illuminate\\Http\\Request))
#45 C:\\Users\\ana.abrantes\\Desktop\\projetos\\estagiarios\\estagiarios\\vendor\\laravel\\framework\\src\\Illuminate\\Foundation\\Http\\Middleware\\ConvertEmptyStringsToNull.php(31): Illuminate\\Foundation\\Http\\Middleware\\TransformsRequest->handle(Object(Illuminate\\Http\\Request), Object(Closure))
#46 C:\\Users\\ana.abrantes\\Desktop\\projetos\\estagiarios\\estagiarios\\vendor\\laravel\\framework\\src\\Illuminate\\Pipeline\\Pipeline.php(180): Illuminate\\Foundation\\Http\\Middleware\\ConvertEmptyStringsToNull->handle(Object(Illuminate\\Http\\Request), Object(Closure))
#47 C:\\Users\\ana.abrantes\\Desktop\\projetos\\estagiarios\\estagiarios\\vendor\\laravel\\framework\\src\\Illuminate\\Foundation\\Http\\Middleware\\TransformsRequest.php(21): Illuminate\\Pipeline\\Pipeline->Illuminate\\Pipeline\\{closure}(Object(Illuminate\\Http\\Request))
#48 C:\\Users\\ana.abrantes\\Desktop\\projetos\\estagiarios\\estagiarios\\vendor\\laravel\\framework\\src\\Illuminate\\Foundation\\Http\\Middleware\\TrimStrings.php(40): Illuminate\\Foundation\\Http\\Middleware\\TransformsRequest->handle(Object(Illuminate\\Http\\Request), Object(Closure))
#49 C:\\Users\\ana.abrantes\\Desktop\\projetos\\estagiarios\\estagiarios\\vendor\\laravel\\framework\\src\\Illuminate\\Pipeline\\Pipeline.php(180): Illuminate\\Foundation\\Http\\Middleware\\TrimStrings->handle(Object(Illuminate\\Http\\Request), Object(Closure))
#50 C:\\Users\\ana.abrantes\\Desktop\\projetos\\estagiarios\\estagiarios\\vendor\\laravel\\framework\\src\\Illuminate\\Foundation\\Http\\Middleware\\ValidatePostSize.php(27): Illuminate\\Pipeline\\Pipeline->Illuminate\\Pipeline\\{closure}(Object(Illuminate\\Http\\Request))
#51 C:\\Users\\ana.abrantes\\Desktop\\projetos\\estagiarios\\estagiarios\\vendor\\laravel\\framework\\src\\Illuminate\\Pipeline\\Pipeline.php(180): Illuminate\\Foundation\\Http\\Middleware\\ValidatePostSize->handle(Object(Illuminate\\Http\\Request), Object(Closure))
#52 C:\\Users\\ana.abrantes\\Desktop\\projetos\\estagiarios\\estagiarios\\vendor\\laravel\\framework\\src\\Illuminate\\Foundation\\Http\\Middleware\\PreventRequestsDuringMaintenance.php(86): Illuminate\\Pipeline\\Pipeline->Illuminate\\Pipeline\\{closure}(Object(Illuminate\\Http\\Request))
#53 C:\\Users\\ana.abrantes\\Desktop\\projetos\\estagiarios\\estagiarios\\vendor\\laravel\\framework\\src\\Illuminate\\Pipeline\\Pipeline.php(180): Illuminate\\Foundation\\Http\\Middleware\\PreventRequestsDuringMaintenance->handle(Object(Illuminate\\Http\\Request), Object(Closure))
#54 C:\\Users\\ana.abrantes\\Desktop\\projetos\\estagiarios\\estagiarios\\vendor\\laravel\\framework\\src\\Illuminate\\Http\\Middleware\\HandleCors.php(49): Illuminate\\Pipeline\\Pipeline->Illuminate\\Pipeline\\{closure}(Object(Illuminate\\Http\\Request))
#55 C:\\Users\\ana.abrantes\\Desktop\\projetos\\estagiarios\\estagiarios\\vendor\\laravel\\framework\\src\\Illuminate\\Pipeline\\Pipeline.php(180): Illuminate\\Http\\Middleware\\HandleCors->handle(Object(Illuminate\\Http\\Request), Object(Closure))
#56 C:\\Users\\ana.abrantes\\Desktop\\projetos\\estagiarios\\estagiarios\\vendor\\laravel\\framework\\src\\Illuminate\\Http\\Middleware\\TrustProxies.php(39): Illuminate\\Pipeline\\Pipeline->Illuminate\\Pipeline\\{closure}(Object(Illuminate\\Http\\Request))
#57 C:\\Users\\ana.abrantes\\Desktop\\projetos\\estagiarios\\estagiarios\\vendor\\laravel\\framework\\src\\Illuminate\\Pipeline\\Pipeline.php(180): Illuminate\\Http\\Middleware\\TrustProxies->handle(Object(Illuminate\\Http\\Request), Object(Closure))
#58 C:\\Users\\ana.abrantes\\Desktop\\projetos\\estagiarios\\estagiarios\\vendor\\laravel\\framework\\src\\Illuminate\\Pipeline\\Pipeline.php(116): Illuminate\\Pipeline\\Pipeline->Illuminate\\Pipeline\\{closure}(Object(Illuminate\\Http\\Request))
#59 C:\\Users\\ana.abrantes\\Desktop\\projetos\\estagiarios\\estagiarios\\vendor\\laravel\\framework\\src\\Illuminate\\Foundation\\Http\\Kernel.php(175): Illuminate\\Pipeline\\Pipeline->then(Object(Closure))
#60 C:\\Users\\ana.abrantes\\Desktop\\projetos\\estagiarios\\estagiarios\\vendor\\laravel\\framework\\src\\Illuminate\\Foundation\\Http\\Kernel.php(144): Illuminate\\Foundation\\Http\\Kernel->sendRequestThroughRouter(Object(Illuminate\\Http\\Request))
#61 C:\\Users\\ana.abrantes\\Desktop\\projetos\\estagiarios\\estagiarios\\public\\index.php(51): Illuminate\\Foundation\\Http\\Kernel->handle(Object(Illuminate\\Http\\Request))
#62 C:\\Users\\ana.abrantes\\Desktop\\projetos\\estagiarios\\estagiarios\\vendor\\laravel\\framework\\src\\Illuminate\\Foundation\\resources\\server.php(16): require_once('C:\\\\Users\\\\ana.ab...')
#63 {main}

[previous exception] [object] (Illuminate\\Database\\SQLiteDatabaseDoesNotExistException(code: 0): Database file at path [estagiarios] does not exist. Ensure this is an absolute path to the database. at C:\\Users\\ana.abrantes\\Desktop\\projetos\\estagiarios\\estagiarios\\vendor\\laravel\\framework\\src\\Illuminate\\Database\\Connectors\\SQLiteConnector.php:34)
[stacktrace]
#0 C:\\Users\\ana.abrantes\\Desktop\\projetos\\estagiarios\\estagiarios\\vendor\\laravel\\framework\\src\\Illuminate\\Database\\Connectors\\ConnectionFactory.php(221): Illuminate\\Database\\Connectors\\SQLiteConnector->connect(Array)
#1 [internal function]: Illuminate\\Database\\Connectors\\ConnectionFactory->Illuminate\\Database\\Connectors\\{closure}()
#2 C:\\Users\\ana.abrantes\\Desktop\\projetos\\estagiarios\\estagiarios\\vendor\\laravel\\framework\\src\\Illuminate\\Database\\Connection.php(1210): call_user_func(Object(Closure))
#3 C:\\Users\\ana.abrantes\\Desktop\\projetos\\estagiarios\\estagiarios\\vendor\\laravel\\framework\\src\\Illuminate\\Database\\Connection.php(572): Illuminate\\Database\\Connection->getPdo()
#4 C:\\Users\\ana.abrantes\\Desktop\\projetos\\estagiarios\\estagiarios\\vendor\\laravel\\framework\\src\\Illuminate\\Database\\Connection.php(786): Illuminate\\Database\\Connection->Illuminate\\Database\\{closure}('PRAGMA foreign_...', Array)
#5 C:\\Users\\ana.abrantes\\Desktop\\projetos\\estagiarios\\estagiarios\\vendor\\laravel\\framework\\src\\Illuminate\\Database\\Connection.php(753): Illuminate\\Database\\Connection->runQueryCallback('PRAGMA foreign_...', Array, Object(Closure))
#6 C:\\Users\\ana.abrantes\\Desktop\\projetos\\estagiarios\\estagiarios\\vendor\\laravel\\framework\\src\\Illuminate\\Database\\Connection.php(567): Illuminate\\Database\\Connection->run('PRAGMA foreign_...', Array, Object(Closure))
#7 C:\\Users\\ana.abrantes\\Desktop\\projetos\\estagiarios\\estagiarios\\vendor\\laravel\\framework\\src\\Illuminate\\Database\\Schema\\Builder.php(397): Illuminate\\Database\\Connection->statement('PRAGMA foreign_...')
#8 C:\\Users\\ana.abrantes\\Desktop\\projetos\\estagiarios\\estagiarios\\vendor\\laravel\\framework\\src\\Illuminate\\Database\\SQLiteConnection.php(35): Illuminate\\Database\\Schema\\Builder->enableForeignKeyConstraints()
#9 C:\\Users\\ana.abrantes\\Desktop\\projetos\\estagiarios\\estagiarios\\vendor\\laravel\\framework\\src\\Illuminate\\Database\\Connectors\\ConnectionFactory.php(272): Illuminate\\Database\\SQLiteConnection->__construct(Object(Closure), 'estagiarios', '', Array)
#10 C:\\Users\\ana.abrantes\\Desktop\\projetos\\estagiarios\\estagiarios\\vendor\\laravel\\framework\\src\\Illuminate\\Database\\Connectors\\ConnectionFactory.php(75): Illuminate\\Database\\Connectors\\ConnectionFactory->createConnection('sqlite', Object(Closure), 'estagiarios', '', Array)
#11 C:\\Users\\ana.abrantes\\Desktop\\projetos\\estagiarios\\estagiarios\\vendor\\laravel\\framework\\src\\Illuminate\\Database\\Connectors\\ConnectionFactory.php(50): Illuminate\\Database\\Connectors\\ConnectionFactory->createSingleConnection(Array)
#12 C:\\Users\\ana.abrantes\\Desktop\\projetos\\estagiarios\\estagiarios\\vendor\\laravel\\framework\\src\\Illuminate\\Database\\DatabaseManager.php(152): Illuminate\\Database\\Connectors\\ConnectionFactory->make(Array, 'sqlite')
#13 C:\\Users\\ana.abrantes\\Desktop\\projetos\\estagiarios\\estagiarios\\vendor\\laravel\\framework\\src\\Illuminate\\Database\\DatabaseManager.php(101): Illuminate\\Database\\DatabaseManager->makeConnection('sqlite')
#14 C:\\Users\\ana.abrantes\\Desktop\\projetos\\estagiarios\\estagiarios\\vendor\\laravel\\framework\\src\\Illuminate\\Database\\Eloquent\\Model.php(1820): Illuminate\\Database\\DatabaseManager->connection('sqlite')
#15 C:\\Users\\ana.abrantes\\Desktop\\projetos\\estagiarios\\estagiarios\\vendor\\laravel\\framework\\src\\Illuminate\\Database\\Eloquent\\Model.php(1786): Illuminate\\Database\\Eloquent\\Model::resolveConnection(NULL)
#16 C:\\Users\\ana.abrantes\\Desktop\\projetos\\estagiarios\\estagiarios\\vendor\\laravel\\framework\\src\\Illuminate\\Database\\Eloquent\\Model.php(1578): Illuminate\\Database\\Eloquent\\Model->getConnection()
#17 C:\\Users\\ana.abrantes\\Desktop\\projetos\\estagiarios\\estagiarios\\vendor\\laravel\\framework\\src\\Illuminate\\Database\\Eloquent\\Model.php(1497): Illuminate\\Database\\Eloquent\\Model->newBaseQueryBuilder()
#18 C:\\Users\\ana.abrantes\\Desktop\\projetos\\estagiarios\\estagiarios\\vendor\\laravel\\framework\\src\\Illuminate\\Database\\Eloquent\\Model.php(1533): Illuminate\\Database\\Eloquent\\Model->newModelQuery()
#19 C:\\Users\\ana.abrantes\\Desktop\\projetos\\estagiarios\\estagiarios\\vendor\\laravel\\framework\\src\\Illuminate\\Database\\Eloquent\\Model.php(1486): Illuminate\\Database\\Eloquent\\Model->newQueryWithoutScopes()
#20 C:\\Users\\ana.abrantes\\Desktop\\projetos\\estagiarios\\estagiarios\\vendor\\laravel\\framework\\src\\Illuminate\\Database\\Eloquent\\Model.php(1476): Illuminate\\Database\\Eloquent\\Model->newQuery()
#21 C:\\Users\\ana.abrantes\\Desktop\\projetos\\estagiarios\\estagiarios\\vendor\\laravel\\framework\\src\\Illuminate\\Database\\Eloquent\\Model.php(674): Illuminate\\Database\\Eloquent\\Model::query()
#22 C:\\Users\\ana.abrantes\\Desktop\\projetos\\estagiarios\\estagiarios\\app\\Http\\Controllers\\EstagiarioController.php(14): Illuminate\\Database\\Eloquent\\Model::all()
#23 C:\\Users\\ana.abrantes\\Desktop\\projetos\\estagiarios\\estagiarios\\vendor\\laravel\\framework\\src\\Illuminate\\Routing\\Controller.php(54): App\\Http\\Controllers\\EstagiarioController->index()
#24 C:\\Users\\ana.abrantes\\Desktop\\projetos\\estagiarios\\estagiarios\\vendor\\laravel\\framework\\src\\Illuminate\\Routing\\ControllerDispatcher.php(43): Illuminate\\Routing\\Controller->callAction('index', Array)
#25 C:\\Users\\ana.abrantes\\Desktop\\projetos\\estagiarios\\estagiarios\\vendor\\laravel\\framework\\src\\Illuminate\\Routing\\Route.php(259): Illuminate\\Routing\\ControllerDispatcher->dispatch(Object(Illuminate\\Routing\\Route), Object(App\\Http\\Controllers\\EstagiarioController), 'index')
#26 C:\\Users\\ana.abrantes\\Desktop\\projetos\\estagiarios\\estagiarios\\vendor\\laravel\\framework\\src\\Illuminate\\Routing\\Route.php(205): Illuminate\\Routing\\Route->runController()
#27 C:\\Users\\ana.abrantes\\Desktop\\projetos\\estagiarios\\estagiarios\\vendor\\laravel\\framework\\src\\Illuminate\\Routing\\Router.php(798): Illuminate\\Routing\\Route->run()
#28 C:\\Users\\ana.abrantes\\Desktop\\projetos\\estagiarios\\estagiarios\\vendor\\laravel\\framework\\src\\Illuminate\\Pipeline\\Pipeline.php(141): Illuminate\\Routing\\Router->Illuminate\\Routing\\{closure}(Object(Illuminate\\Http\\Request))
#29 C:\\Users\\ana.abrantes\\Desktop\\projetos\\estagiarios\\estagiarios\\vendor\\laravel\\framework\\src\\Illuminate\\Routing\\Middleware\\SubstituteBindings.php(50): Illuminate\\Pipeline\\Pipeline->Illuminate\\Pipeline\\{closure}(Object(Illuminate\\Http\\Request))
#30 C:\\Users\\ana.abrantes\\Desktop\\projetos\\estagiarios\\estagiarios\\vendor\\laravel\\framework\\src\\Illuminate\\Pipeline\\Pipeline.php(180): Illuminate\\Routing\\Middleware\\SubstituteBindings->handle(Object(Illuminate\\Http\\Request), Object(Closure))
#31 C:\\Users\\ana.abrantes\\Desktop\\projetos\\estagiarios\\estagiarios\\vendor\\laravel\\framework\\src\\Illuminate\\Foundation\\Http\\Middleware\\VerifyCsrfToken.php(78): Illuminate\\Pipeline\\Pipeline->Illuminate\\Pipeline\\{closure}(Object(Illuminate\\Http\\Request))
#32 C:\\Users\\ana.abrantes\\Desktop\\projetos\\estagiarios\\estagiarios\\vendor\\laravel\\framework\\src\\Illuminate\\Pipeline\\Pipeline.php(180): Illuminate\\Foundation\\Http\\Middleware\\VerifyCsrfToken->handle(Object(Illuminate\\Http\\Request), Object(Closure))
#33 C:\\Users\\ana.abrantes\\Desktop\\projetos\\estagiarios\\estagiarios\\vendor\\laravel\\framework\\src\\Illuminate\\View\\Middleware\\ShareErrorsFromSession.php(49): Illuminate\\Pipeline\\Pipeline->Illuminate\\Pipeline\\{closure}(Object(Illuminate\\Http\\Request))
#34 C:\\Users\\ana.abrantes\\Desktop\\projetos\\estagiarios\\estagiarios\\vendor\\laravel\\framework\\src\\Illuminate\\Pipeline\\Pipeline.php(180): Illuminate\\View\\Middleware\\ShareErrorsFromSession->handle(Object(Illuminate\\Http\\Request), Object(Closure))
#35 C:\\Users\\ana.abrantes\\Desktop\\projetos\\estagiarios\\estagiarios\\vendor\\laravel\\framework\\src\\Illuminate\\Session\\Middleware\\StartSession.php(121): Illuminate\\Pipeline\\Pipeline->Illuminate\\Pipeline\\{closure}(Object(Illuminate\\Http\\Request))
#36 C:\\Users\\ana.abrantes\\Desktop\\projetos\\estagiarios\\estagiarios\\vendor\\laravel\\framework\\src\\Illuminate\\Session\\Middleware\\StartSession.php(64): Illuminate\\Session\\Middleware\\StartSession->handleStatefulRequest(Object(Illuminate\\Http\\Request), Object(Illuminate\\Session\\Store), Object(Closure))
#37 C:\\Users\\ana.abrantes\\Desktop\\projetos\\estagiarios\\estagiarios\\vendor\\laravel\\framework\\src\\Illuminate\\Pipeline\\Pipeline.php(180): Illuminate\\Session\\Middleware\\StartSession->handle(Object(Illuminate\\Http\\Request), Object(Closure))
#38 C:\\Users\\ana.abrantes\\Desktop\\projetos\\estagiarios\\estagiarios\\vendor\\laravel\\framework\\src\\Illuminate\\Cookie\\Middleware\\AddQueuedCookiesToResponse.php(37): Illuminate\\Pipeline\\Pipeline->Illuminate\\Pipeline\\{closure}(Object(Illuminate\\Http\\Request))
#39 C:\\Users\\ana.abrantes\\Desktop\\projetos\\estagiarios\\estagiarios\\vendor\\laravel\\framework\\src\\Illuminate\\Pipeline\\Pipeline.php(180): Illuminate\\Cookie\\Middleware\\AddQueuedCookiesToResponse->handle(Object(Illuminate\\Http\\Request), Object(Closure))
#40 C:\\Users\\ana.abrantes\\Desktop\\projetos\\estagiarios\\estagiarios\\vendor\\laravel\\framework\\src\\Illuminate\\Cookie\\Middleware\\EncryptCookies.php(67): Illuminate\\Pipeline\\Pipeline->Illuminate\\Pipeline\\{closure}(Object(Illuminate\\Http\\Request))
#41 C:\\Users\\ana.abrantes\\Desktop\\projetos\\estagiarios\\estagiarios\\vendor\\laravel\\framework\\src\\Illuminate\\Pipeline\\Pipeline.php(180): Illuminate\\Cookie\\Middleware\\EncryptCookies->handle(Object(Illuminate\\Http\\Request), Object(Closure))
#42 C:\\Users\\ana.abrantes\\Desktop\\projetos\\estagiarios\\estagiarios\\vendor\\laravel\\framework\\src\\Illuminate\\Pipeline\\Pipeline.php(116): Illuminate\\Pipeline\\Pipeline->Illuminate\\Pipeline\\{closure}(Object(Illuminate\\Http\\Request))
#43 C:\\Users\\ana.abrantes\\Desktop\\projetos\\estagiarios\\estagiarios\\vendor\\laravel\\framework\\src\\Illuminate\\Routing\\Router.php(797): Illuminate\\Pipeline\\Pipeline->then(Object(Closure))
#44 C:\\Users\\ana.abrantes\\Desktop\\projetos\\estagiarios\\estagiarios\\vendor\\laravel\\framework\\src\\Illuminate\\Routing\\Router.php(776): Illuminate\\Routing\\Router->runRouteWithinStack(Object(Illuminate\\Routing\\Route), Object(Illuminate\\Http\\Request))
#45 C:\\Users\\ana.abrantes\\Desktop\\projetos\\estagiarios\\estagiarios\\vendor\\laravel\\framework\\src\\Illuminate\\Routing\\Router.php(740): Illuminate\\Routing\\Router->runRoute(Object(Illuminate\\Http\\Request), Object(Illuminate\\Routing\\Route))
#46 C:\\Users\\ana.abrantes\\Desktop\\projetos\\estagiarios\\estagiarios\\vendor\\laravel\\framework\\src\\Illuminate\\Routing\\Router.php(729): Illuminate\\Routing\\Router->dispatchToRoute(Object(Illuminate\\Http\\Request))
#47 C:\\Users\\ana.abrantes\\Desktop\\projetos\\estagiarios\\estagiarios\\vendor\\laravel\\framework\\src\\Illuminate\\Foundation\\Http\\Kernel.php(200): Illuminate\\Routing\\Router->dispatch(Object(Illuminate\\Http\\Request))
#48 C:\\Users\\ana.abrantes\\Desktop\\projetos\\estagiarios\\estagiarios\\vendor\\laravel\\framework\\src\\Illuminate\\Pipeline\\Pipeline.php(141): Illuminate\\Foundation\\Http\\Kernel->Illuminate\\Foundation\\Http\\{closure}(Object(Illuminate\\Http\\Request))
#49 C:\\Users\\ana.abrantes\\Desktop\\projetos\\estagiarios\\estagiarios\\vendor\\laravel\\framework\\src\\Illuminate\\Foundation\\Http\\Middleware\\TransformsRequest.php(21): Illuminate\\Pipeline\\Pipeline->Illuminate\\Pipeline\\{closure}(Object(Illuminate\\Http\\Request))
#50 C:\\Users\\ana.abrantes\\Desktop\\projetos\\estagiarios\\estagiarios\\vendor\\laravel\\framework\\src\\Illuminate\\Foundation\\Http\\Middleware\\ConvertEmptyStringsToNull.php(31): Illuminate\\Foundation\\Http\\Middleware\\TransformsRequest->handle(Object(Illuminate\\Http\\Request), Object(Closure))
#51 C:\\Users\\ana.abrantes\\Desktop\\projetos\\estagiarios\\estagiarios\\vendor\\laravel\\framework\\src\\Illuminate\\Pipeline\\Pipeline.php(180): Illuminate\\Foundation\\Http\\Middleware\\ConvertEmptyStringsToNull->handle(Object(Illuminate\\Http\\Request), Object(Closure))
#52 C:\\Users\\ana.abrantes\\Desktop\\projetos\\estagiarios\\estagiarios\\vendor\\laravel\\framework\\src\\Illuminate\\Foundation\\Http\\Middleware\\TransformsRequest.php(21): Illuminate\\Pipeline\\Pipeline->Illuminate\\Pipeline\\{closure}(Object(Illuminate\\Http\\Request))
#53 C:\\Users\\ana.abrantes\\Desktop\\projetos\\estagiarios\\estagiarios\\vendor\\laravel\\framework\\src\\Illuminate\\Foundation\\Http\\Middleware\\TrimStrings.php(40): Illuminate\\Foundation\\Http\\Middleware\\TransformsRequest->handle(Object(Illuminate\\Http\\Request), Object(Closure))
#54 C:\\Users\\ana.abrantes\\Desktop\\projetos\\estagiarios\\estagiarios\\vendor\\laravel\\framework\\src\\Illuminate\\Pipeline\\Pipeline.php(180): Illuminate\\Foundation\\Http\\Middleware\\TrimStrings->handle(Object(Illuminate\\Http\\Request), Object(Closure))
#55 C:\\Users\\ana.abrantes\\Desktop\\projetos\\estagiarios\\estagiarios\\vendor\\laravel\\framework\\src\\Illuminate\\Foundation\\Http\\Middleware\\ValidatePostSize.php(27): Illuminate\\Pipeline\\Pipeline->Illuminate\\Pipeline\\{closure}(Object(Illuminate\\Http\\Request))
#56 C:\\Users\\ana.abrantes\\Desktop\\projetos\\estagiarios\\estagiarios\\vendor\\laravel\\framework\\src\\Illuminate\\Pipeline\\Pipeline.php(180): Illuminate\\Foundation\\Http\\Middleware\\ValidatePostSize->handle(Object(Illuminate\\Http\\Request), Object(Closure))
#57 C:\\Users\\ana.abrantes\\Desktop\\projetos\\estagiarios\\estagiarios\\vendor\\laravel\\framework\\src\\Illuminate\\Foundation\\Http\\Middleware\\PreventRequestsDuringMaintenance.php(86): Illuminate\\Pipeline\\Pipeline->Illuminate\\Pipeline\\{closure}(Object(Illuminate\\Http\\Request))
#58 C:\\Users\\ana.abrantes\\Desktop\\projetos\\estagiarios\\estagiarios\\vendor\\laravel\\framework\\src\\Illuminate\\Pipeline\\Pipeline.php(180): Illuminate\\Foundation\\Http\\Middleware\\PreventRequestsDuringMaintenance->handle(Object(Illuminate\\Http\\Request), Object(Closure))
#59 C:\\Users\\ana.abrantes\\Desktop\\projetos\\estagiarios\\estagiarios\\vendor\\laravel\\framework\\src\\Illuminate\\Http\\Middleware\\HandleCors.php(49): Illuminate\\Pipeline\\Pipeline->Illuminate\\Pipeline\\{closure}(Object(Illuminate\\Http\\Request))
#60 C:\\Users\\ana.abrantes\\Desktop\\projetos\\estagiarios\\estagiarios\\vendor\\laravel\\framework\\src\\Illuminate\\Pipeline\\Pipeline.php(180): Illuminate\\Http\\Middleware\\HandleCors->handle(Object(Illuminate\\Http\\Request), Object(Closure))
#61 C:\\Users\\ana.abrantes\\Desktop\\projetos\\estagiarios\\estagiarios\\vendor\\laravel\\framework\\src\\Illuminate\\Http\\Middleware\\TrustProxies.php(39): Illuminate\\Pipeline\\Pipeline->Illuminate\\Pipeline\\{closure}(Object(Illuminate\\Http\\Request))
#62 C:\\Users\\ana.abrantes\\Desktop\\projetos\\estagiarios\\estagiarios\\vendor\\laravel\\framework\\src\\Illuminate\\Pipeline\\Pipeline.php(180): Illuminate\\Http\\Middleware\\TrustProxies->handle(Object(Illuminate\\Http\\Request), Object(Closure))
#63 C:\\Users\\ana.abrantes\\Desktop\\projetos\\estagiarios\\estagiarios\\vendor\\laravel\\framework\\src\\Illuminate\\Pipeline\\Pipeline.php(116): Illuminate\\Pipeline\\Pipeline->Illuminate\\Pipeline\\{closure}(Object(Illuminate\\Http\\Request))
#64 C:\\Users\\ana.abrantes\\Desktop\\projetos\\estagiarios\\estagiarios\\vendor\\laravel\\framework\\src\\Illuminate\\Foundation\\Http\\Kernel.php(175): Illuminate\\Pipeline\\Pipeline->then(Object(Closure))
#65 C:\\Users\\ana.abrantes\\Desktop\\projetos\\estagiarios\\estagiarios\\vendor\\laravel\\framework\\src\\Illuminate\\Foundation\\Http\\Kernel.php(144): Illuminate\\Foundation\\Http\\Kernel->sendRequestThroughRouter(Object(Illuminate\\Http\\Request))
#66 C:\\Users\\ana.abrantes\\Desktop\\projetos\\estagiarios\\estagiarios\\public\\index.php(51): Illuminate\\Foundation\\Http\\Kernel->handle(Object(Illuminate\\Http\\Request))
#67 C:\\Users\\ana.abrantes\\Desktop\\projetos\\estagiarios\\estagiarios\\vendor\\laravel\\framework\\src\\Illuminate\\Foundation\\resources\\server.php(16): require_once('C:\\\\Users\\\\ana.ab...')
#68 {main}
"} 
[2023-06-16 13:01:34] local.ERROR: Database file at path [estagiarios] does not exist. Ensure this is an absolute path to the database. (Connection: sqlite, SQL: PRAGMA foreign_keys = ON;) {"exception":"[object] (Illuminate\\Database\\QueryException(code: 0): Database file at path [estagiarios] does not exist. Ensure this is an absolute path to the database. (Connection: sqlite, SQL: PRAGMA foreign_keys = ON;) at C:\\Users\\ana.abrantes\\Desktop\\projetos\\estagiarios\\estagiarios\\vendor\\laravel\\framework\\src\\Illuminate\\Database\\Connection.php:793)
[stacktrace]
#0 C:\\Users\\ana.abrantes\\Desktop\\projetos\\estagiarios\\estagiarios\\vendor\\laravel\\framework\\src\\Illuminate\\Database\\Connection.php(753): Illuminate\\Database\\Connection->runQueryCallback('PRAGMA foreign_...', Array, Object(Closure))
#1 C:\\Users\\ana.abrantes\\Desktop\\projetos\\estagiarios\\estagiarios\\vendor\\laravel\\framework\\src\\Illuminate\\Database\\Connection.php(567): Illuminate\\Database\\Connection->run('PRAGMA foreign_...', Array, Object(Closure))
#2 C:\\Users\\ana.abrantes\\Desktop\\projetos\\estagiarios\\estagiarios\\vendor\\laravel\\framework\\src\\Illuminate\\Database\\Schema\\Builder.php(397): Illuminate\\Database\\Connection->statement('PRAGMA foreign_...')
#3 C:\\Users\\ana.abrantes\\Desktop\\projetos\\estagiarios\\estagiarios\\vendor\\laravel\\framework\\src\\Illuminate\\Database\\SQLiteConnection.php(35): Illuminate\\Database\\Schema\\Builder->enableForeignKeyConstraints()
#4 C:\\Users\\ana.abrantes\\Desktop\\projetos\\estagiarios\\estagiarios\\vendor\\laravel\\framework\\src\\Illuminate\\Database\\Connectors\\ConnectionFactory.php(272): Illuminate\\Database\\SQLiteConnection->__construct(Object(Closure), 'estagiarios', '', Array)
#5 C:\\Users\\ana.abrantes\\Desktop\\projetos\\estagiarios\\estagiarios\\vendor\\laravel\\framework\\src\\Illuminate\\Database\\Connectors\\ConnectionFactory.php(75): Illuminate\\Database\\Connectors\\ConnectionFactory->createConnection('sqlite', Object(Closure), 'estagiarios', '', Array)
#6 C:\\Users\\ana.abrantes\\Desktop\\projetos\\estagiarios\\estagiarios\\vendor\\laravel\\framework\\src\\Illuminate\\Database\\Connectors\\ConnectionFactory.php(50): Illuminate\\Database\\Connectors\\ConnectionFactory->createSingleConnection(Array)
#7 C:\\Users\\ana.abrantes\\Desktop\\projetos\\estagiarios\\estagiarios\\vendor\\laravel\\framework\\src\\Illuminate\\Database\\DatabaseManager.php(152): Illuminate\\Database\\Connectors\\ConnectionFactory->make(Array, 'sqlite')
#8 C:\\Users\\ana.abrantes\\Desktop\\projetos\\estagiarios\\estagiarios\\vendor\\laravel\\framework\\src\\Illuminate\\Database\\DatabaseManager.php(101): Illuminate\\Database\\DatabaseManager->makeConnection('sqlite')
#9 C:\\Users\\ana.abrantes\\Desktop\\projetos\\estagiarios\\estagiarios\\vendor\\laravel\\framework\\src\\Illuminate\\Database\\Eloquent\\Model.php(1820): Illuminate\\Database\\DatabaseManager->connection('sqlite')
#10 C:\\Users\\ana.abrantes\\Desktop\\projetos\\estagiarios\\estagiarios\\vendor\\laravel\\framework\\src\\Illuminate\\Database\\Eloquent\\Model.php(1786): Illuminate\\Database\\Eloquent\\Model::resolveConnection(NULL)
#11 C:\\Users\\ana.abrantes\\Desktop\\projetos\\estagiarios\\estagiarios\\vendor\\laravel\\framework\\src\\Illuminate\\Database\\Eloquent\\Model.php(1578): Illuminate\\Database\\Eloquent\\Model->getConnection()
#12 C:\\Users\\ana.abrantes\\Desktop\\projetos\\estagiarios\\estagiarios\\vendor\\laravel\\framework\\src\\Illuminate\\Database\\Eloquent\\Model.php(1497): Illuminate\\Database\\Eloquent\\Model->newBaseQueryBuilder()
#13 C:\\Users\\ana.abrantes\\Desktop\\projetos\\estagiarios\\estagiarios\\vendor\\laravel\\framework\\src\\Illuminate\\Database\\Eloquent\\Model.php(1533): Illuminate\\Database\\Eloquent\\Model->newModelQuery()
#14 C:\\Users\\ana.abrantes\\Desktop\\projetos\\estagiarios\\estagiarios\\vendor\\laravel\\framework\\src\\Illuminate\\Database\\Eloquent\\Model.php(1486): Illuminate\\Database\\Eloquent\\Model->newQueryWithoutScopes()
#15 C:\\Users\\ana.abrantes\\Desktop\\projetos\\estagiarios\\estagiarios\\vendor\\laravel\\framework\\src\\Illuminate\\Database\\Eloquent\\Model.php(1476): Illuminate\\Database\\Eloquent\\Model->newQuery()
#16 C:\\Users\\ana.abrantes\\Desktop\\projetos\\estagiarios\\estagiarios\\vendor\\laravel\\framework\\src\\Illuminate\\Database\\Eloquent\\Model.php(674): Illuminate\\Database\\Eloquent\\Model::query()
#17 C:\\Users\\ana.abrantes\\Desktop\\projetos\\estagiarios\\estagiarios\\app\\Http\\Controllers\\EstagiarioController.php(14): Illuminate\\Database\\Eloquent\\Model::all()
#18 C:\\Users\\ana.abrantes\\Desktop\\projetos\\estagiarios\\estagiarios\\vendor\\laravel\\framework\\src\\Illuminate\\Routing\\Controller.php(54): App\\Http\\Controllers\\EstagiarioController->index()
#19 C:\\Users\\ana.abrantes\\Desktop\\projetos\\estagiarios\\estagiarios\\vendor\\laravel\\framework\\src\\Illuminate\\Routing\\ControllerDispatcher.php(43): Illuminate\\Routing\\Controller->callAction('index', Array)
#20 C:\\Users\\ana.abrantes\\Desktop\\projetos\\estagiarios\\estagiarios\\vendor\\laravel\\framework\\src\\Illuminate\\Routing\\Route.php(259): Illuminate\\Routing\\ControllerDispatcher->dispatch(Object(Illuminate\\Routing\\Route), Object(App\\Http\\Controllers\\EstagiarioController), 'index')
#21 C:\\Users\\ana.abrantes\\Desktop\\projetos\\estagiarios\\estagiarios\\vendor\\laravel\\framework\\src\\Illuminate\\Routing\\Route.php(205): Illuminate\\Routing\\Route->runController()
#22 C:\\Users\\ana.abrantes\\Desktop\\projetos\\estagiarios\\estagiarios\\vendor\\laravel\\framework\\src\\Illuminate\\Routing\\Router.php(798): Illuminate\\Routing\\Route->run()
#23 C:\\Users\\ana.abrantes\\Desktop\\projetos\\estagiarios\\estagiarios\\vendor\\laravel\\framework\\src\\Illuminate\\Pipeline\\Pipeline.php(141): Illuminate\\Routing\\Router->Illuminate\\Routing\\{closure}(Object(Illuminate\\Http\\Request))
#24 C:\\Users\\ana.abrantes\\Desktop\\projetos\\estagiarios\\estagiarios\\vendor\\laravel\\framework\\src\\Illuminate\\Routing\\Middleware\\SubstituteBindings.php(50): Illuminate\\Pipeline\\Pipeline->Illuminate\\Pipeline\\{closure}(Object(Illuminate\\Http\\Request))
#25 C:\\Users\\ana.abrantes\\Desktop\\projetos\\estagiarios\\estagiarios\\vendor\\laravel\\framework\\src\\Illuminate\\Pipeline\\Pipeline.php(180): Illuminate\\Routing\\Middleware\\SubstituteBindings->handle(Object(Illuminate\\Http\\Request), Object(Closure))
#26 C:\\Users\\ana.abrantes\\Desktop\\projetos\\estagiarios\\estagiarios\\vendor\\laravel\\framework\\src\\Illuminate\\Foundation\\Http\\Middleware\\VerifyCsrfToken.php(78): Illuminate\\Pipeline\\Pipeline->Illuminate\\Pipeline\\{closure}(Object(Illuminate\\Http\\Request))
#27 C:\\Users\\ana.abrantes\\Desktop\\projetos\\estagiarios\\estagiarios\\vendor\\laravel\\framework\\src\\Illuminate\\Pipeline\\Pipeline.php(180): Illuminate\\Foundation\\Http\\Middleware\\VerifyCsrfToken->handle(Object(Illuminate\\Http\\Request), Object(Closure))
#28 C:\\Users\\ana.abrantes\\Desktop\\projetos\\estagiarios\\estagiarios\\vendor\\laravel\\framework\\src\\Illuminate\\View\\Middleware\\ShareErrorsFromSession.php(49): Illuminate\\Pipeline\\Pipeline->Illuminate\\Pipeline\\{closure}(Object(Illuminate\\Http\\Request))
#29 C:\\Users\\ana.abrantes\\Desktop\\projetos\\estagiarios\\estagiarios\\vendor\\laravel\\framework\\src\\Illuminate\\Pipeline\\Pipeline.php(180): Illuminate\\View\\Middleware\\ShareErrorsFromSession->handle(Object(Illuminate\\Http\\Request), Object(Closure))
#30 C:\\Users\\ana.abrantes\\Desktop\\projetos\\estagiarios\\estagiarios\\vendor\\laravel\\framework\\src\\Illuminate\\Session\\Middleware\\StartSession.php(121): Illuminate\\Pipeline\\Pipeline->Illuminate\\Pipeline\\{closure}(Object(Illuminate\\Http\\Request))
#31 C:\\Users\\ana.abrantes\\Desktop\\projetos\\estagiarios\\estagiarios\\vendor\\laravel\\framework\\src\\Illuminate\\Session\\Middleware\\StartSession.php(64): Illuminate\\Session\\Middleware\\StartSession->handleStatefulRequest(Object(Illuminate\\Http\\Request), Object(Illuminate\\Session\\Store), Object(Closure))
#32 C:\\Users\\ana.abrantes\\Desktop\\projetos\\estagiarios\\estagiarios\\vendor\\laravel\\framework\\src\\Illuminate\\Pipeline\\Pipeline.php(180): Illuminate\\Session\\Middleware\\StartSession->handle(Object(Illuminate\\Http\\Request), Object(Closure))
#33 C:\\Users\\ana.abrantes\\Desktop\\projetos\\estagiarios\\estagiarios\\vendor\\laravel\\framework\\src\\Illuminate\\Cookie\\Middleware\\AddQueuedCookiesToResponse.php(37): Illuminate\\Pipeline\\Pipeline->Illuminate\\Pipeline\\{closure}(Object(Illuminate\\Http\\Request))
#34 C:\\Users\\ana.abrantes\\Desktop\\projetos\\estagiarios\\estagiarios\\vendor\\laravel\\framework\\src\\Illuminate\\Pipeline\\Pipeline.php(180): Illuminate\\Cookie\\Middleware\\AddQueuedCookiesToResponse->handle(Object(Illuminate\\Http\\Request), Object(Closure))
#35 C:\\Users\\ana.abrantes\\Desktop\\projetos\\estagiarios\\estagiarios\\vendor\\laravel\\framework\\src\\Illuminate\\Cookie\\Middleware\\EncryptCookies.php(67): Illuminate\\Pipeline\\Pipeline->Illuminate\\Pipeline\\{closure}(Object(Illuminate\\Http\\Request))
#36 C:\\Users\\ana.abrantes\\Desktop\\projetos\\estagiarios\\estagiarios\\vendor\\laravel\\framework\\src\\Illuminate\\Pipeline\\Pipeline.php(180): Illuminate\\Cookie\\Middleware\\EncryptCookies->handle(Object(Illuminate\\Http\\Request), Object(Closure))
#37 C:\\Users\\ana.abrantes\\Desktop\\projetos\\estagiarios\\estagiarios\\vendor\\laravel\\framework\\src\\Illuminate\\Pipeline\\Pipeline.php(116): Illuminate\\Pipeline\\Pipeline->Illuminate\\Pipeline\\{closure}(Object(Illuminate\\Http\\Request))
#38 C:\\Users\\ana.abrantes\\Desktop\\projetos\\estagiarios\\estagiarios\\vendor\\laravel\\framework\\src\\Illuminate\\Routing\\Router.php(797): Illuminate\\Pipeline\\Pipeline->then(Object(Closure))
#39 C:\\Users\\ana.abrantes\\Desktop\\projetos\\estagiarios\\estagiarios\\vendor\\laravel\\framework\\src\\Illuminate\\Routing\\Router.php(776): Illuminate\\Routing\\Router->runRouteWithinStack(Object(Illuminate\\Routing\\Route), Object(Illuminate\\Http\\Request))
#40 C:\\Users\\ana.abrantes\\Desktop\\projetos\\estagiarios\\estagiarios\\vendor\\laravel\\framework\\src\\Illuminate\\Routing\\Router.php(740): Illuminate\\Routing\\Router->runRoute(Object(Illuminate\\Http\\Request), Object(Illuminate\\Routing\\Route))
#41 C:\\Users\\ana.abrantes\\Desktop\\projetos\\estagiarios\\estagiarios\\vendor\\laravel\\framework\\src\\Illuminate\\Routing\\Router.php(729): Illuminate\\Routing\\Router->dispatchToRoute(Object(Illuminate\\Http\\Request))
#42 C:\\Users\\ana.abrantes\\Desktop\\projetos\\estagiarios\\estagiarios\\vendor\\laravel\\framework\\src\\Illuminate\\Foundation\\Http\\Kernel.php(200): Illuminate\\Routing\\Router->dispatch(Object(Illuminate\\Http\\Request))
#43 C:\\Users\\ana.abrantes\\Desktop\\projetos\\estagiarios\\estagiarios\\vendor\\laravel\\framework\\src\\Illuminate\\Pipeline\\Pipeline.php(141): Illuminate\\Foundation\\Http\\Kernel->Illuminate\\Foundation\\Http\\{closure}(Object(Illuminate\\Http\\Request))
#44 C:\\Users\\ana.abrantes\\Desktop\\projetos\\estagiarios\\estagiarios\\vendor\\laravel\\framework\\src\\Illuminate\\Foundation\\Http\\Middleware\\TransformsRequest.php(21): Illuminate\\Pipeline\\Pipeline->Illuminate\\Pipeline\\{closure}(Object(Illuminate\\Http\\Request))
#45 C:\\Users\\ana.abrantes\\Desktop\\projetos\\estagiarios\\estagiarios\\vendor\\laravel\\framework\\src\\Illuminate\\Foundation\\Http\\Middleware\\ConvertEmptyStringsToNull.php(31): Illuminate\\Foundation\\Http\\Middleware\\TransformsRequest->handle(Object(Illuminate\\Http\\Request), Object(Closure))
#46 C:\\Users\\ana.abrantes\\Desktop\\projetos\\estagiarios\\estagiarios\\vendor\\laravel\\framework\\src\\Illuminate\\Pipeline\\Pipeline.php(180): Illuminate\\Foundation\\Http\\Middleware\\ConvertEmptyStringsToNull->handle(Object(Illuminate\\Http\\Request), Object(Closure))
#47 C:\\Users\\ana.abrantes\\Desktop\\projetos\\estagiarios\\estagiarios\\vendor\\laravel\\framework\\src\\Illuminate\\Foundation\\Http\\Middleware\\TransformsRequest.php(21): Illuminate\\Pipeline\\Pipeline->Illuminate\\Pipeline\\{closure}(Object(Illuminate\\Http\\Request))
#48 C:\\Users\\ana.abrantes\\Desktop\\projetos\\estagiarios\\estagiarios\\vendor\\laravel\\framework\\src\\Illuminate\\Foundation\\Http\\Middleware\\TrimStrings.php(40): Illuminate\\Foundation\\Http\\Middleware\\TransformsRequest->handle(Object(Illuminate\\Http\\Request), Object(Closure))
#49 C:\\Users\\ana.abrantes\\Desktop\\projetos\\estagiarios\\estagiarios\\vendor\\laravel\\framework\\src\\Illuminate\\Pipeline\\Pipeline.php(180): Illuminate\\Foundation\\Http\\Middleware\\TrimStrings->handle(Object(Illuminate\\Http\\Request), Object(Closure))
#50 C:\\Users\\ana.abrantes\\Desktop\\projetos\\estagiarios\\estagiarios\\vendor\\laravel\\framework\\src\\Illuminate\\Foundation\\Http\\Middleware\\ValidatePostSize.php(27): Illuminate\\Pipeline\\Pipeline->Illuminate\\Pipeline\\{closure}(Object(Illuminate\\Http\\Request))
#51 C:\\Users\\ana.abrantes\\Desktop\\projetos\\estagiarios\\estagiarios\\vendor\\laravel\\framework\\src\\Illuminate\\Pipeline\\Pipeline.php(180): Illuminate\\Foundation\\Http\\Middleware\\ValidatePostSize->handle(Object(Illuminate\\Http\\Request), Object(Closure))
#52 C:\\Users\\ana.abrantes\\Desktop\\projetos\\estagiarios\\estagiarios\\vendor\\laravel\\framework\\src\\Illuminate\\Foundation\\Http\\Middleware\\PreventRequestsDuringMaintenance.php(86): Illuminate\\Pipeline\\Pipeline->Illuminate\\Pipeline\\{closure}(Object(Illuminate\\Http\\Request))
#53 C:\\Users\\ana.abrantes\\Desktop\\projetos\\estagiarios\\estagiarios\\vendor\\laravel\\framework\\src\\Illuminate\\Pipeline\\Pipeline.php(180): Illuminate\\Foundation\\Http\\Middleware\\PreventRequestsDuringMaintenance->handle(Object(Illuminate\\Http\\Request), Object(Closure))
#54 C:\\Users\\ana.abrantes\\Desktop\\projetos\\estagiarios\\estagiarios\\vendor\\laravel\\framework\\src\\Illuminate\\Http\\Middleware\\HandleCors.php(49): Illuminate\\Pipeline\\Pipeline->Illuminate\\Pipeline\\{closure}(Object(Illuminate\\Http\\Request))
#55 C:\\Users\\ana.abrantes\\Desktop\\projetos\\estagiarios\\estagiarios\\vendor\\laravel\\framework\\src\\Illuminate\\Pipeline\\Pipeline.php(180): Illuminate\\Http\\Middleware\\HandleCors->handle(Object(Illuminate\\Http\\Request), Object(Closure))
#56 C:\\Users\\ana.abrantes\\Desktop\\projetos\\estagiarios\\estagiarios\\vendor\\laravel\\framework\\src\\Illuminate\\Http\\Middleware\\TrustProxies.php(39): Illuminate\\Pipeline\\Pipeline->Illuminate\\Pipeline\\{closure}(Object(Illuminate\\Http\\Request))
#57 C:\\Users\\ana.abrantes\\Desktop\\projetos\\estagiarios\\estagiarios\\vendor\\laravel\\framework\\src\\Illuminate\\Pipeline\\Pipeline.php(180): Illuminate\\Http\\Middleware\\TrustProxies->handle(Object(Illuminate\\Http\\Request), Object(Closure))
#58 C:\\Users\\ana.abrantes\\Desktop\\projetos\\estagiarios\\estagiarios\\vendor\\laravel\\framework\\src\\Illuminate\\Pipeline\\Pipeline.php(116): Illuminate\\Pipeline\\Pipeline->Illuminate\\Pipeline\\{closure}(Object(Illuminate\\Http\\Request))
#59 C:\\Users\\ana.abrantes\\Desktop\\projetos\\estagiarios\\estagiarios\\vendor\\laravel\\framework\\src\\Illuminate\\Foundation\\Http\\Kernel.php(175): Illuminate\\Pipeline\\Pipeline->then(Object(Closure))
#60 C:\\Users\\ana.abrantes\\Desktop\\projetos\\estagiarios\\estagiarios\\vendor\\laravel\\framework\\src\\Illuminate\\Foundation\\Http\\Kernel.php(144): Illuminate\\Foundation\\Http\\Kernel->sendRequestThroughRouter(Object(Illuminate\\Http\\Request))
#61 C:\\Users\\ana.abrantes\\Desktop\\projetos\\estagiarios\\estagiarios\\public\\index.php(51): Illuminate\\Foundation\\Http\\Kernel->handle(Object(Illuminate\\Http\\Request))
#62 C:\\Users\\ana.abrantes\\Desktop\\projetos\\estagiarios\\estagiarios\\vendor\\laravel\\framework\\src\\Illuminate\\Foundation\\resources\\server.php(16): require_once('C:\\\\Users\\\\ana.ab...')
#63 {main}

[previous exception] [object] (Illuminate\\Database\\SQLiteDatabaseDoesNotExistException(code: 0): Database file at path [estagiarios] does not exist. Ensure this is an absolute path to the database. at C:\\Users\\ana.abrantes\\Desktop\\projetos\\estagiarios\\estagiarios\\vendor\\laravel\\framework\\src\\Illuminate\\Database\\Connectors\\SQLiteConnector.php:34)
[stacktrace]
#0 C:\\Users\\ana.abrantes\\Desktop\\projetos\\estagiarios\\estagiarios\\vendor\\laravel\\framework\\src\\Illuminate\\Database\\Connectors\\ConnectionFactory.php(221): Illuminate\\Database\\Connectors\\SQLiteConnector->connect(Array)
#1 [internal function]: Illuminate\\Database\\Connectors\\ConnectionFactory->Illuminate\\Database\\Connectors\\{closure}()
#2 C:\\Users\\ana.abrantes\\Desktop\\projetos\\estagiarios\\estagiarios\\vendor\\laravel\\framework\\src\\Illuminate\\Database\\Connection.php(1210): call_user_func(Object(Closure))
#3 C:\\Users\\ana.abrantes\\Desktop\\projetos\\estagiarios\\estagiarios\\vendor\\laravel\\framework\\src\\Illuminate\\Database\\Connection.php(572): Illuminate\\Database\\Connection->getPdo()
#4 C:\\Users\\ana.abrantes\\Desktop\\projetos\\estagiarios\\estagiarios\\vendor\\laravel\\framework\\src\\Illuminate\\Database\\Connection.php(786): Illuminate\\Database\\Connection->Illuminate\\Database\\{closure}('PRAGMA foreign_...', Array)
#5 C:\\Users\\ana.abrantes\\Desktop\\projetos\\estagiarios\\estagiarios\\vendor\\laravel\\framework\\src\\Illuminate\\Database\\Connection.php(753): Illuminate\\Database\\Connection->runQueryCallback('PRAGMA foreign_...', Array, Object(Closure))
#6 C:\\Users\\ana.abrantes\\Desktop\\projetos\\estagiarios\\estagiarios\\vendor\\laravel\\framework\\src\\Illuminate\\Database\\Connection.php(567): Illuminate\\Database\\Connection->run('PRAGMA foreign_...', Array, Object(Closure))
#7 C:\\Users\\ana.abrantes\\Desktop\\projetos\\estagiarios\\estagiarios\\vendor\\laravel\\framework\\src\\Illuminate\\Database\\Schema\\Builder.php(397): Illuminate\\Database\\Connection->statement('PRAGMA foreign_...')
#8 C:\\Users\\ana.abrantes\\Desktop\\projetos\\estagiarios\\estagiarios\\vendor\\laravel\\framework\\src\\Illuminate\\Database\\SQLiteConnection.php(35): Illuminate\\Database\\Schema\\Builder->enableForeignKeyConstraints()
#9 C:\\Users\\ana.abrantes\\Desktop\\projetos\\estagiarios\\estagiarios\\vendor\\laravel\\framework\\src\\Illuminate\\Database\\Connectors\\ConnectionFactory.php(272): Illuminate\\Database\\SQLiteConnection->__construct(Object(Closure), 'estagiarios', '', Array)
#10 C:\\Users\\ana.abrantes\\Desktop\\projetos\\estagiarios\\estagiarios\\vendor\\laravel\\framework\\src\\Illuminate\\Database\\Connectors\\ConnectionFactory.php(75): Illuminate\\Database\\Connectors\\ConnectionFactory->createConnection('sqlite', Object(Closure), 'estagiarios', '', Array)
#11 C:\\Users\\ana.abrantes\\Desktop\\projetos\\estagiarios\\estagiarios\\vendor\\laravel\\framework\\src\\Illuminate\\Database\\Connectors\\ConnectionFactory.php(50): Illuminate\\Database\\Connectors\\ConnectionFactory->createSingleConnection(Array)
#12 C:\\Users\\ana.abrantes\\Desktop\\projetos\\estagiarios\\estagiarios\\vendor\\laravel\\framework\\src\\Illuminate\\Database\\DatabaseManager.php(152): Illuminate\\Database\\Connectors\\ConnectionFactory->make(Array, 'sqlite')
#13 C:\\Users\\ana.abrantes\\Desktop\\projetos\\estagiarios\\estagiarios\\vendor\\laravel\\framework\\src\\Illuminate\\Database\\DatabaseManager.php(101): Illuminate\\Database\\DatabaseManager->makeConnection('sqlite')
#14 C:\\Users\\ana.abrantes\\Desktop\\projetos\\estagiarios\\estagiarios\\vendor\\laravel\\framework\\src\\Illuminate\\Database\\Eloquent\\Model.php(1820): Illuminate\\Database\\DatabaseManager->connection('sqlite')
#15 C:\\Users\\ana.abrantes\\Desktop\\projetos\\estagiarios\\estagiarios\\vendor\\laravel\\framework\\src\\Illuminate\\Database\\Eloquent\\Model.php(1786): Illuminate\\Database\\Eloquent\\Model::resolveConnection(NULL)
#16 C:\\Users\\ana.abrantes\\Desktop\\projetos\\estagiarios\\estagiarios\\vendor\\laravel\\framework\\src\\Illuminate\\Database\\Eloquent\\Model.php(1578): Illuminate\\Database\\Eloquent\\Model->getConnection()
#17 C:\\Users\\ana.abrantes\\Desktop\\projetos\\estagiarios\\estagiarios\\vendor\\laravel\\framework\\src\\Illuminate\\Database\\Eloquent\\Model.php(1497): Illuminate\\Database\\Eloquent\\Model->newBaseQueryBuilder()
#18 C:\\Users\\ana.abrantes\\Desktop\\projetos\\estagiarios\\estagiarios\\vendor\\laravel\\framework\\src\\Illuminate\\Database\\Eloquent\\Model.php(1533): Illuminate\\Database\\Eloquent\\Model->newModelQuery()
#19 C:\\Users\\ana.abrantes\\Desktop\\projetos\\estagiarios\\estagiarios\\vendor\\laravel\\framework\\src\\Illuminate\\Database\\Eloquent\\Model.php(1486): Illuminate\\Database\\Eloquent\\Model->newQueryWithoutScopes()
#20 C:\\Users\\ana.abrantes\\Desktop\\projetos\\estagiarios\\estagiarios\\vendor\\laravel\\framework\\src\\Illuminate\\Database\\Eloquent\\Model.php(1476): Illuminate\\Database\\Eloquent\\Model->newQuery()
#21 C:\\Users\\ana.abrantes\\Desktop\\projetos\\estagiarios\\estagiarios\\vendor\\laravel\\framework\\src\\Illuminate\\Database\\Eloquent\\Model.php(674): Illuminate\\Database\\Eloquent\\Model::query()
#22 C:\\Users\\ana.abrantes\\Desktop\\projetos\\estagiarios\\estagiarios\\app\\Http\\Controllers\\EstagiarioController.php(14): Illuminate\\Database\\Eloquent\\Model::all()
#23 C:\\Users\\ana.abrantes\\Desktop\\projetos\\estagiarios\\estagiarios\\vendor\\laravel\\framework\\src\\Illuminate\\Routing\\Controller.php(54): App\\Http\\Controllers\\EstagiarioController->index()
#24 C:\\Users\\ana.abrantes\\Desktop\\projetos\\estagiarios\\estagiarios\\vendor\\laravel\\framework\\src\\Illuminate\\Routing\\ControllerDispatcher.php(43): Illuminate\\Routing\\Controller->callAction('index', Array)
#25 C:\\Users\\ana.abrantes\\Desktop\\projetos\\estagiarios\\estagiarios\\vendor\\laravel\\framework\\src\\Illuminate\\Routing\\Route.php(259): Illuminate\\Routing\\ControllerDispatcher->dispatch(Object(Illuminate\\Routing\\Route), Object(App\\Http\\Controllers\\EstagiarioController), 'index')
#26 C:\\Users\\ana.abrantes\\Desktop\\projetos\\estagiarios\\estagiarios\\vendor\\laravel\\framework\\src\\Illuminate\\Routing\\Route.php(205): Illuminate\\Routing\\Route->runController()
#27 C:\\Users\\ana.abrantes\\Desktop\\projetos\\estagiarios\\estagiarios\\vendor\\laravel\\framework\\src\\Illuminate\\Routing\\Router.php(798): Illuminate\\Routing\\Route->run()
#28 C:\\Users\\ana.abrantes\\Desktop\\projetos\\estagiarios\\estagiarios\\vendor\\laravel\\framework\\src\\Illuminate\\Pipeline\\Pipeline.php(141): Illuminate\\Routing\\Router->Illuminate\\Routing\\{closure}(Object(Illuminate\\Http\\Request))
#29 C:\\Users\\ana.abrantes\\Desktop\\projetos\\estagiarios\\estagiarios\\vendor\\laravel\\framework\\src\\Illuminate\\Routing\\Middleware\\SubstituteBindings.php(50): Illuminate\\Pipeline\\Pipeline->Illuminate\\Pipeline\\{closure}(Object(Illuminate\\Http\\Request))
#30 C:\\Users\\ana.abrantes\\Desktop\\projetos\\estagiarios\\estagiarios\\vendor\\laravel\\framework\\src\\Illuminate\\Pipeline\\Pipeline.php(180): Illuminate\\Routing\\Middleware\\SubstituteBindings->handle(Object(Illuminate\\Http\\Request), Object(Closure))
#31 C:\\Users\\ana.abrantes\\Desktop\\projetos\\estagiarios\\estagiarios\\vendor\\laravel\\framework\\src\\Illuminate\\Foundation\\Http\\Middleware\\VerifyCsrfToken.php(78): Illuminate\\Pipeline\\Pipeline->Illuminate\\Pipeline\\{closure}(Object(Illuminate\\Http\\Request))
#32 C:\\Users\\ana.abrantes\\Desktop\\projetos\\estagiarios\\estagiarios\\vendor\\laravel\\framework\\src\\Illuminate\\Pipeline\\Pipeline.php(180): Illuminate\\Foundation\\Http\\Middleware\\VerifyCsrfToken->handle(Object(Illuminate\\Http\\Request), Object(Closure))
#33 C:\\Users\\ana.abrantes\\Desktop\\projetos\\estagiarios\\estagiarios\\vendor\\laravel\\framework\\src\\Illuminate\\View\\Middleware\\ShareErrorsFromSession.php(49): Illuminate\\Pipeline\\Pipeline->Illuminate\\Pipeline\\{closure}(Object(Illuminate\\Http\\Request))
#34 C:\\Users\\ana.abrantes\\Desktop\\projetos\\estagiarios\\estagiarios\\vendor\\laravel\\framework\\src\\Illuminate\\Pipeline\\Pipeline.php(180): Illuminate\\View\\Middleware\\ShareErrorsFromSession->handle(Object(Illuminate\\Http\\Request), Object(Closure))
#35 C:\\Users\\ana.abrantes\\Desktop\\projetos\\estagiarios\\estagiarios\\vendor\\laravel\\framework\\src\\Illuminate\\Session\\Middleware\\StartSession.php(121): Illuminate\\Pipeline\\Pipeline->Illuminate\\Pipeline\\{closure}(Object(Illuminate\\Http\\Request))
#36 C:\\Users\\ana.abrantes\\Desktop\\projetos\\estagiarios\\estagiarios\\vendor\\laravel\\framework\\src\\Illuminate\\Session\\Middleware\\StartSession.php(64): Illuminate\\Session\\Middleware\\StartSession->handleStatefulRequest(Object(Illuminate\\Http\\Request), Object(Illuminate\\Session\\Store), Object(Closure))
#37 C:\\Users\\ana.abrantes\\Desktop\\projetos\\estagiarios\\estagiarios\\vendor\\laravel\\framework\\src\\Illuminate\\Pipeline\\Pipeline.php(180): Illuminate\\Session\\Middleware\\StartSession->handle(Object(Illuminate\\Http\\Request), Object(Closure))
#38 C:\\Users\\ana.abrantes\\Desktop\\projetos\\estagiarios\\estagiarios\\vendor\\laravel\\framework\\src\\Illuminate\\Cookie\\Middleware\\AddQueuedCookiesToResponse.php(37): Illuminate\\Pipeline\\Pipeline->Illuminate\\Pipeline\\{closure}(Object(Illuminate\\Http\\Request))
#39 C:\\Users\\ana.abrantes\\Desktop\\projetos\\estagiarios\\estagiarios\\vendor\\laravel\\framework\\src\\Illuminate\\Pipeline\\Pipeline.php(180): Illuminate\\Cookie\\Middleware\\AddQueuedCookiesToResponse->handle(Object(Illuminate\\Http\\Request), Object(Closure))
#40 C:\\Users\\ana.abrantes\\Desktop\\projetos\\estagiarios\\estagiarios\\vendor\\laravel\\framework\\src\\Illuminate\\Cookie\\Middleware\\EncryptCookies.php(67): Illuminate\\Pipeline\\Pipeline->Illuminate\\Pipeline\\{closure}(Object(Illuminate\\Http\\Request))
#41 C:\\Users\\ana.abrantes\\Desktop\\projetos\\estagiarios\\estagiarios\\vendor\\laravel\\framework\\src\\Illuminate\\Pipeline\\Pipeline.php(180): Illuminate\\Cookie\\Middleware\\EncryptCookies->handle(Object(Illuminate\\Http\\Request), Object(Closure))
#42 C:\\Users\\ana.abrantes\\Desktop\\projetos\\estagiarios\\estagiarios\\vendor\\laravel\\framework\\src\\Illuminate\\Pipeline\\Pipeline.php(116): Illuminate\\Pipeline\\Pipeline->Illuminate\\Pipeline\\{closure}(Object(Illuminate\\Http\\Request))
#43 C:\\Users\\ana.abrantes\\Desktop\\projetos\\estagiarios\\estagiarios\\vendor\\laravel\\framework\\src\\Illuminate\\Routing\\Router.php(797): Illuminate\\Pipeline\\Pipeline->then(Object(Closure))
#44 C:\\Users\\ana.abrantes\\Desktop\\projetos\\estagiarios\\estagiarios\\vendor\\laravel\\framework\\src\\Illuminate\\Routing\\Router.php(776): Illuminate\\Routing\\Router->runRouteWithinStack(Object(Illuminate\\Routing\\Route), Object(Illuminate\\Http\\Request))
#45 C:\\Users\\ana.abrantes\\Desktop\\projetos\\estagiarios\\estagiarios\\vendor\\laravel\\framework\\src\\Illuminate\\Routing\\Router.php(740): Illuminate\\Routing\\Router->runRoute(Object(Illuminate\\Http\\Request), Object(Illuminate\\Routing\\Route))
#46 C:\\Users\\ana.abrantes\\Desktop\\projetos\\estagiarios\\estagiarios\\vendor\\laravel\\framework\\src\\Illuminate\\Routing\\Router.php(729): Illuminate\\Routing\\Router->dispatchToRoute(Object(Illuminate\\Http\\Request))
#47 C:\\Users\\ana.abrantes\\Desktop\\projetos\\estagiarios\\estagiarios\\vendor\\laravel\\framework\\src\\Illuminate\\Foundation\\Http\\Kernel.php(200): Illuminate\\Routing\\Router->dispatch(Object(Illuminate\\Http\\Request))
#48 C:\\Users\\ana.abrantes\\Desktop\\projetos\\estagiarios\\estagiarios\\vendor\\laravel\\framework\\src\\Illuminate\\Pipeline\\Pipeline.php(141): Illuminate\\Foundation\\Http\\Kernel->Illuminate\\Foundation\\Http\\{closure}(Object(Illuminate\\Http\\Request))
#49 C:\\Users\\ana.abrantes\\Desktop\\projetos\\estagiarios\\estagiarios\\vendor\\laravel\\framework\\src\\Illuminate\\Foundation\\Http\\Middleware\\TransformsRequest.php(21): Illuminate\\Pipeline\\Pipeline->Illuminate\\Pipeline\\{closure}(Object(Illuminate\\Http\\Request))
#50 C:\\Users\\ana.abrantes\\Desktop\\projetos\\estagiarios\\estagiarios\\vendor\\laravel\\framework\\src\\Illuminate\\Foundation\\Http\\Middleware\\ConvertEmptyStringsToNull.php(31): Illuminate\\Foundation\\Http\\Middleware\\TransformsRequest->handle(Object(Illuminate\\Http\\Request), Object(Closure))
#51 C:\\Users\\ana.abrantes\\Desktop\\projetos\\estagiarios\\estagiarios\\vendor\\laravel\\framework\\src\\Illuminate\\Pipeline\\Pipeline.php(180): Illuminate\\Foundation\\Http\\Middleware\\ConvertEmptyStringsToNull->handle(Object(Illuminate\\Http\\Request), Object(Closure))
#52 C:\\Users\\ana.abrantes\\Desktop\\projetos\\estagiarios\\estagiarios\\vendor\\laravel\\framework\\src\\Illuminate\\Foundation\\Http\\Middleware\\TransformsRequest.php(21): Illuminate\\Pipeline\\Pipeline->Illuminate\\Pipeline\\{closure}(Object(Illuminate\\Http\\Request))
#53 C:\\Users\\ana.abrantes\\Desktop\\projetos\\estagiarios\\estagiarios\\vendor\\laravel\\framework\\src\\Illuminate\\Foundation\\Http\\Middleware\\TrimStrings.php(40): Illuminate\\Foundation\\Http\\Middleware\\TransformsRequest->handle(Object(Illuminate\\Http\\Request), Object(Closure))
#54 C:\\Users\\ana.abrantes\\Desktop\\projetos\\estagiarios\\estagiarios\\vendor\\laravel\\framework\\src\\Illuminate\\Pipeline\\Pipeline.php(180): Illuminate\\Foundation\\Http\\Middleware\\TrimStrings->handle(Object(Illuminate\\Http\\Request), Object(Closure))
#55 C:\\Users\\ana.abrantes\\Desktop\\projetos\\estagiarios\\estagiarios\\vendor\\laravel\\framework\\src\\Illuminate\\Foundation\\Http\\Middleware\\ValidatePostSize.php(27): Illuminate\\Pipeline\\Pipeline->Illuminate\\Pipeline\\{closure}(Object(Illuminate\\Http\\Request))
#56 C:\\Users\\ana.abrantes\\Desktop\\projetos\\estagiarios\\estagiarios\\vendor\\laravel\\framework\\src\\Illuminate\\Pipeline\\Pipeline.php(180): Illuminate\\Foundation\\Http\\Middleware\\ValidatePostSize->handle(Object(Illuminate\\Http\\Request), Object(Closure))
#57 C:\\Users\\ana.abrantes\\Desktop\\projetos\\estagiarios\\estagiarios\\vendor\\laravel\\framework\\src\\Illuminate\\Foundation\\Http\\Middleware\\PreventRequestsDuringMaintenance.php(86): Illuminate\\Pipeline\\Pipeline->Illuminate\\Pipeline\\{closure}(Object(Illuminate\\Http\\Request))
#58 C:\\Users\\ana.abrantes\\Desktop\\projetos\\estagiarios\\estagiarios\\vendor\\laravel\\framework\\src\\Illuminate\\Pipeline\\Pipeline.php(180): Illuminate\\Foundation\\Http\\Middleware\\PreventRequestsDuringMaintenance->handle(Object(Illuminate\\Http\\Request), Object(Closure))
#59 C:\\Users\\ana.abrantes\\Desktop\\projetos\\estagiarios\\estagiarios\\vendor\\laravel\\framework\\src\\Illuminate\\Http\\Middleware\\HandleCors.php(49): Illuminate\\Pipeline\\Pipeline->Illuminate\\Pipeline\\{closure}(Object(Illuminate\\Http\\Request))
#60 C:\\Users\\ana.abrantes\\Desktop\\projetos\\estagiarios\\estagiarios\\vendor\\laravel\\framework\\src\\Illuminate\\Pipeline\\Pipeline.php(180): Illuminate\\Http\\Middleware\\HandleCors->handle(Object(Illuminate\\Http\\Request), Object(Closure))
#61 C:\\Users\\ana.abrantes\\Desktop\\projetos\\estagiarios\\estagiarios\\vendor\\laravel\\framework\\src\\Illuminate\\Http\\Middleware\\TrustProxies.php(39): Illuminate\\Pipeline\\Pipeline->Illuminate\\Pipeline\\{closure}(Object(Illuminate\\Http\\Request))
#62 C:\\Users\\ana.abrantes\\Desktop\\projetos\\estagiarios\\estagiarios\\vendor\\laravel\\framework\\src\\Illuminate\\Pipeline\\Pipeline.php(180): Illuminate\\Http\\Middleware\\TrustProxies->handle(Object(Illuminate\\Http\\Request), Object(Closure))
#63 C:\\Users\\ana.abrantes\\Desktop\\projetos\\estagiarios\\estagiarios\\vendor\\laravel\\framework\\src\\Illuminate\\Pipeline\\Pipeline.php(116): Illuminate\\Pipeline\\Pipeline->Illuminate\\Pipeline\\{closure}(Object(Illuminate\\Http\\Request))
#64 C:\\Users\\ana.abrantes\\Desktop\\projetos\\estagiarios\\estagiarios\\vendor\\laravel\\framework\\src\\Illuminate\\Foundation\\Http\\Kernel.php(175): Illuminate\\Pipeline\\Pipeline->then(Object(Closure))
#65 C:\\Users\\ana.abrantes\\Desktop\\projetos\\estagiarios\\estagiarios\\vendor\\laravel\\framework\\src\\Illuminate\\Foundation\\Http\\Kernel.php(144): Illuminate\\Foundation\\Http\\Kernel->sendRequestThroughRouter(Object(Illuminate\\Http\\Request))
#66 C:\\Users\\ana.abrantes\\Desktop\\projetos\\estagiarios\\estagiarios\\public\\index.php(51): Illuminate\\Foundation\\Http\\Kernel->handle(Object(Illuminate\\Http\\Request))
#67 C:\\Users\\ana.abrantes\\Desktop\\projetos\\estagiarios\\estagiarios\\vendor\\laravel\\framework\\src\\Illuminate\\Foundation\\resources\\server.php(16): require_once('C:\\\\Users\\\\ana.ab...')
#68 {main}
"} 
[2023-06-16 13:02:22] local.ERROR: Database file at path [estagiarios] does not exist. Ensure this is an absolute path to the database. (Connection: sqlite, SQL: PRAGMA foreign_keys = ON;) {"exception":"[object] (Illuminate\\Database\\QueryException(code: 0): Database file at path [estagiarios] does not exist. Ensure this is an absolute path to the database. (Connection: sqlite, SQL: PRAGMA foreign_keys = ON;) at C:\\Users\\ana.abrantes\\Desktop\\projetos\\estagiarios\\estagiarios\\vendor\\laravel\\framework\\src\\Illuminate\\Database\\Connection.php:793)
[stacktrace]
#0 C:\\Users\\ana.abrantes\\Desktop\\projetos\\estagiarios\\estagiarios\\vendor\\laravel\\framework\\src\\Illuminate\\Database\\Connection.php(753): Illuminate\\Database\\Connection->runQueryCallback('PRAGMA foreign_...', Array, Object(Closure))
#1 C:\\Users\\ana.abrantes\\Desktop\\projetos\\estagiarios\\estagiarios\\vendor\\laravel\\framework\\src\\Illuminate\\Database\\Connection.php(567): Illuminate\\Database\\Connection->run('PRAGMA foreign_...', Array, Object(Closure))
#2 C:\\Users\\ana.abrantes\\Desktop\\projetos\\estagiarios\\estagiarios\\vendor\\laravel\\framework\\src\\Illuminate\\Database\\Schema\\Builder.php(397): Illuminate\\Database\\Connection->statement('PRAGMA foreign_...')
#3 C:\\Users\\ana.abrantes\\Desktop\\projetos\\estagiarios\\estagiarios\\vendor\\laravel\\framework\\src\\Illuminate\\Database\\SQLiteConnection.php(35): Illuminate\\Database\\Schema\\Builder->enableForeignKeyConstraints()
#4 C:\\Users\\ana.abrantes\\Desktop\\projetos\\estagiarios\\estagiarios\\vendor\\laravel\\framework\\src\\Illuminate\\Database\\Connectors\\ConnectionFactory.php(272): Illuminate\\Database\\SQLiteConnection->__construct(Object(Closure), 'estagiarios', '', Array)
#5 C:\\Users\\ana.abrantes\\Desktop\\projetos\\estagiarios\\estagiarios\\vendor\\laravel\\framework\\src\\Illuminate\\Database\\Connectors\\ConnectionFactory.php(75): Illuminate\\Database\\Connectors\\ConnectionFactory->createConnection('sqlite', Object(Closure), 'estagiarios', '', Array)
#6 C:\\Users\\ana.abrantes\\Desktop\\projetos\\estagiarios\\estagiarios\\vendor\\laravel\\framework\\src\\Illuminate\\Database\\Connectors\\ConnectionFactory.php(50): Illuminate\\Database\\Connectors\\ConnectionFactory->createSingleConnection(Array)
#7 C:\\Users\\ana.abrantes\\Desktop\\projetos\\estagiarios\\estagiarios\\vendor\\laravel\\framework\\src\\Illuminate\\Database\\DatabaseManager.php(152): Illuminate\\Database\\Connectors\\ConnectionFactory->make(Array, 'sqlite')
#8 C:\\Users\\ana.abrantes\\Desktop\\projetos\\estagiarios\\estagiarios\\vendor\\laravel\\framework\\src\\Illuminate\\Database\\DatabaseManager.php(101): Illuminate\\Database\\DatabaseManager->makeConnection('sqlite')
#9 C:\\Users\\ana.abrantes\\Desktop\\projetos\\estagiarios\\estagiarios\\vendor\\laravel\\framework\\src\\Illuminate\\Database\\Eloquent\\Model.php(1820): Illuminate\\Database\\DatabaseManager->connection('sqlite')
#10 C:\\Users\\ana.abrantes\\Desktop\\projetos\\estagiarios\\estagiarios\\vendor\\laravel\\framework\\src\\Illuminate\\Database\\Eloquent\\Model.php(1786): Illuminate\\Database\\Eloquent\\Model::resolveConnection(NULL)
#11 C:\\Users\\ana.abrantes\\Desktop\\projetos\\estagiarios\\estagiarios\\vendor\\laravel\\framework\\src\\Illuminate\\Database\\Eloquent\\Model.php(1578): Illuminate\\Database\\Eloquent\\Model->getConnection()
#12 C:\\Users\\ana.abrantes\\Desktop\\projetos\\estagiarios\\estagiarios\\vendor\\laravel\\framework\\src\\Illuminate\\Database\\Eloquent\\Model.php(1497): Illuminate\\Database\\Eloquent\\Model->newBaseQueryBuilder()
#13 C:\\Users\\ana.abrantes\\Desktop\\projetos\\estagiarios\\estagiarios\\vendor\\laravel\\framework\\src\\Illuminate\\Database\\Eloquent\\Model.php(1533): Illuminate\\Database\\Eloquent\\Model->newModelQuery()
#14 C:\\Users\\ana.abrantes\\Desktop\\projetos\\estagiarios\\estagiarios\\vendor\\laravel\\framework\\src\\Illuminate\\Database\\Eloquent\\Model.php(1486): Illuminate\\Database\\Eloquent\\Model->newQueryWithoutScopes()
#15 C:\\Users\\ana.abrantes\\Desktop\\projetos\\estagiarios\\estagiarios\\vendor\\laravel\\framework\\src\\Illuminate\\Database\\Eloquent\\Model.php(1476): Illuminate\\Database\\Eloquent\\Model->newQuery()
#16 C:\\Users\\ana.abrantes\\Desktop\\projetos\\estagiarios\\estagiarios\\vendor\\laravel\\framework\\src\\Illuminate\\Database\\Eloquent\\Model.php(674): Illuminate\\Database\\Eloquent\\Model::query()
#17 C:\\Users\\ana.abrantes\\Desktop\\projetos\\estagiarios\\estagiarios\\app\\Http\\Controllers\\EstagiarioController.php(14): Illuminate\\Database\\Eloquent\\Model::all()
#18 C:\\Users\\ana.abrantes\\Desktop\\projetos\\estagiarios\\estagiarios\\vendor\\laravel\\framework\\src\\Illuminate\\Routing\\Controller.php(54): App\\Http\\Controllers\\EstagiarioController->index()
#19 C:\\Users\\ana.abrantes\\Desktop\\projetos\\estagiarios\\estagiarios\\vendor\\laravel\\framework\\src\\Illuminate\\Routing\\ControllerDispatcher.php(43): Illuminate\\Routing\\Controller->callAction('index', Array)
#20 C:\\Users\\ana.abrantes\\Desktop\\projetos\\estagiarios\\estagiarios\\vendor\\laravel\\framework\\src\\Illuminate\\Routing\\Route.php(259): Illuminate\\Routing\\ControllerDispatcher->dispatch(Object(Illuminate\\Routing\\Route), Object(App\\Http\\Controllers\\EstagiarioController), 'index')
#21 C:\\Users\\ana.abrantes\\Desktop\\projetos\\estagiarios\\estagiarios\\vendor\\laravel\\framework\\src\\Illuminate\\Routing\\Route.php(205): Illuminate\\Routing\\Route->runController()
#22 C:\\Users\\ana.abrantes\\Desktop\\projetos\\estagiarios\\estagiarios\\vendor\\laravel\\framework\\src\\Illuminate\\Routing\\Router.php(798): Illuminate\\Routing\\Route->run()
#23 C:\\Users\\ana.abrantes\\Desktop\\projetos\\estagiarios\\estagiarios\\vendor\\laravel\\framework\\src\\Illuminate\\Pipeline\\Pipeline.php(141): Illuminate\\Routing\\Router->Illuminate\\Routing\\{closure}(Object(Illuminate\\Http\\Request))
#24 C:\\Users\\ana.abrantes\\Desktop\\projetos\\estagiarios\\estagiarios\\vendor\\laravel\\framework\\src\\Illuminate\\Routing\\Middleware\\SubstituteBindings.php(50): Illuminate\\Pipeline\\Pipeline->Illuminate\\Pipeline\\{closure}(Object(Illuminate\\Http\\Request))
#25 C:\\Users\\ana.abrantes\\Desktop\\projetos\\estagiarios\\estagiarios\\vendor\\laravel\\framework\\src\\Illuminate\\Pipeline\\Pipeline.php(180): Illuminate\\Routing\\Middleware\\SubstituteBindings->handle(Object(Illuminate\\Http\\Request), Object(Closure))
#26 C:\\Users\\ana.abrantes\\Desktop\\projetos\\estagiarios\\estagiarios\\vendor\\laravel\\framework\\src\\Illuminate\\Foundation\\Http\\Middleware\\VerifyCsrfToken.php(78): Illuminate\\Pipeline\\Pipeline->Illuminate\\Pipeline\\{closure}(Object(Illuminate\\Http\\Request))
#27 C:\\Users\\ana.abrantes\\Desktop\\projetos\\estagiarios\\estagiarios\\vendor\\laravel\\framework\\src\\Illuminate\\Pipeline\\Pipeline.php(180): Illuminate\\Foundation\\Http\\Middleware\\VerifyCsrfToken->handle(Object(Illuminate\\Http\\Request), Object(Closure))
#28 C:\\Users\\ana.abrantes\\Desktop\\projetos\\estagiarios\\estagiarios\\vendor\\laravel\\framework\\src\\Illuminate\\View\\Middleware\\ShareErrorsFromSession.php(49): Illuminate\\Pipeline\\Pipeline->Illuminate\\Pipeline\\{closure}(Object(Illuminate\\Http\\Request))
#29 C:\\Users\\ana.abrantes\\Desktop\\projetos\\estagiarios\\estagiarios\\vendor\\laravel\\framework\\src\\Illuminate\\Pipeline\\Pipeline.php(180): Illuminate\\View\\Middleware\\ShareErrorsFromSession->handle(Object(Illuminate\\Http\\Request), Object(Closure))
#30 C:\\Users\\ana.abrantes\\Desktop\\projetos\\estagiarios\\estagiarios\\vendor\\laravel\\framework\\src\\Illuminate\\Session\\Middleware\\StartSession.php(121): Illuminate\\Pipeline\\Pipeline->Illuminate\\Pipeline\\{closure}(Object(Illuminate\\Http\\Request))
#31 C:\\Users\\ana.abrantes\\Desktop\\projetos\\estagiarios\\estagiarios\\vendor\\laravel\\framework\\src\\Illuminate\\Session\\Middleware\\StartSession.php(64): Illuminate\\Session\\Middleware\\StartSession->handleStatefulRequest(Object(Illuminate\\Http\\Request), Object(Illuminate\\Session\\Store), Object(Closure))
#32 C:\\Users\\ana.abrantes\\Desktop\\projetos\\estagiarios\\estagiarios\\vendor\\laravel\\framework\\src\\Illuminate\\Pipeline\\Pipeline.php(180): Illuminate\\Session\\Middleware\\StartSession->handle(Object(Illuminate\\Http\\Request), Object(Closure))
#33 C:\\Users\\ana.abrantes\\Desktop\\projetos\\estagiarios\\estagiarios\\vendor\\laravel\\framework\\src\\Illuminate\\Cookie\\Middleware\\AddQueuedCookiesToResponse.php(37): Illuminate\\Pipeline\\Pipeline->Illuminate\\Pipeline\\{closure}(Object(Illuminate\\Http\\Request))
#34 C:\\Users\\ana.abrantes\\Desktop\\projetos\\estagiarios\\estagiarios\\vendor\\laravel\\framework\\src\\Illuminate\\Pipeline\\Pipeline.php(180): Illuminate\\Cookie\\Middleware\\AddQueuedCookiesToResponse->handle(Object(Illuminate\\Http\\Request), Object(Closure))
#35 C:\\Users\\ana.abrantes\\Desktop\\projetos\\estagiarios\\estagiarios\\vendor\\laravel\\framework\\src\\Illuminate\\Cookie\\Middleware\\EncryptCookies.php(67): Illuminate\\Pipeline\\Pipeline->Illuminate\\Pipeline\\{closure}(Object(Illuminate\\Http\\Request))
#36 C:\\Users\\ana.abrantes\\Desktop\\projetos\\estagiarios\\estagiarios\\vendor\\laravel\\framework\\src\\Illuminate\\Pipeline\\Pipeline.php(180): Illuminate\\Cookie\\Middleware\\EncryptCookies->handle(Object(Illuminate\\Http\\Request), Object(Closure))
#37 C:\\Users\\ana.abrantes\\Desktop\\projetos\\estagiarios\\estagiarios\\vendor\\laravel\\framework\\src\\Illuminate\\Pipeline\\Pipeline.php(116): Illuminate\\Pipeline\\Pipeline->Illuminate\\Pipeline\\{closure}(Object(Illuminate\\Http\\Request))
#38 C:\\Users\\ana.abrantes\\Desktop\\projetos\\estagiarios\\estagiarios\\vendor\\laravel\\framework\\src\\Illuminate\\Routing\\Router.php(797): Illuminate\\Pipeline\\Pipeline->then(Object(Closure))
#39 C:\\Users\\ana.abrantes\\Desktop\\projetos\\estagiarios\\estagiarios\\vendor\\laravel\\framework\\src\\Illuminate\\Routing\\Router.php(776): Illuminate\\Routing\\Router->runRouteWithinStack(Object(Illuminate\\Routing\\Route), Object(Illuminate\\Http\\Request))
#40 C:\\Users\\ana.abrantes\\Desktop\\projetos\\estagiarios\\estagiarios\\vendor\\laravel\\framework\\src\\Illuminate\\Routing\\Router.php(740): Illuminate\\Routing\\Router->runRoute(Object(Illuminate\\Http\\Request), Object(Illuminate\\Routing\\Route))
#41 C:\\Users\\ana.abrantes\\Desktop\\projetos\\estagiarios\\estagiarios\\vendor\\laravel\\framework\\src\\Illuminate\\Routing\\Router.php(729): Illuminate\\Routing\\Router->dispatchToRoute(Object(Illuminate\\Http\\Request))
#42 C:\\Users\\ana.abrantes\\Desktop\\projetos\\estagiarios\\estagiarios\\vendor\\laravel\\framework\\src\\Illuminate\\Foundation\\Http\\Kernel.php(200): Illuminate\\Routing\\Router->dispatch(Object(Illuminate\\Http\\Request))
#43 C:\\Users\\ana.abrantes\\Desktop\\projetos\\estagiarios\\estagiarios\\vendor\\laravel\\framework\\src\\Illuminate\\Pipeline\\Pipeline.php(141): Illuminate\\Foundation\\Http\\Kernel->Illuminate\\Foundation\\Http\\{closure}(Object(Illuminate\\Http\\Request))
#44 C:\\Users\\ana.abrantes\\Desktop\\projetos\\estagiarios\\estagiarios\\vendor\\laravel\\framework\\src\\Illuminate\\Foundation\\Http\\Middleware\\TransformsRequest.php(21): Illuminate\\Pipeline\\Pipeline->Illuminate\\Pipeline\\{closure}(Object(Illuminate\\Http\\Request))
#45 C:\\Users\\ana.abrantes\\Desktop\\projetos\\estagiarios\\estagiarios\\vendor\\laravel\\framework\\src\\Illuminate\\Foundation\\Http\\Middleware\\ConvertEmptyStringsToNull.php(31): Illuminate\\Foundation\\Http\\Middleware\\TransformsRequest->handle(Object(Illuminate\\Http\\Request), Object(Closure))
#46 C:\\Users\\ana.abrantes\\Desktop\\projetos\\estagiarios\\estagiarios\\vendor\\laravel\\framework\\src\\Illuminate\\Pipeline\\Pipeline.php(180): Illuminate\\Foundation\\Http\\Middleware\\ConvertEmptyStringsToNull->handle(Object(Illuminate\\Http\\Request), Object(Closure))
#47 C:\\Users\\ana.abrantes\\Desktop\\projetos\\estagiarios\\estagiarios\\vendor\\laravel\\framework\\src\\Illuminate\\Foundation\\Http\\Middleware\\TransformsRequest.php(21): Illuminate\\Pipeline\\Pipeline->Illuminate\\Pipeline\\{closure}(Object(Illuminate\\Http\\Request))
#48 C:\\Users\\ana.abrantes\\Desktop\\projetos\\estagiarios\\estagiarios\\vendor\\laravel\\framework\\src\\Illuminate\\Foundation\\Http\\Middleware\\TrimStrings.php(40): Illuminate\\Foundation\\Http\\Middleware\\TransformsRequest->handle(Object(Illuminate\\Http\\Request), Object(Closure))
#49 C:\\Users\\ana.abrantes\\Desktop\\projetos\\estagiarios\\estagiarios\\vendor\\laravel\\framework\\src\\Illuminate\\Pipeline\\Pipeline.php(180): Illuminate\\Foundation\\Http\\Middleware\\TrimStrings->handle(Object(Illuminate\\Http\\Request), Object(Closure))
#50 C:\\Users\\ana.abrantes\\Desktop\\projetos\\estagiarios\\estagiarios\\vendor\\laravel\\framework\\src\\Illuminate\\Foundation\\Http\\Middleware\\ValidatePostSize.php(27): Illuminate\\Pipeline\\Pipeline->Illuminate\\Pipeline\\{closure}(Object(Illuminate\\Http\\Request))
#51 C:\\Users\\ana.abrantes\\Desktop\\projetos\\estagiarios\\estagiarios\\vendor\\laravel\\framework\\src\\Illuminate\\Pipeline\\Pipeline.php(180): Illuminate\\Foundation\\Http\\Middleware\\ValidatePostSize->handle(Object(Illuminate\\Http\\Request), Object(Closure))
#52 C:\\Users\\ana.abrantes\\Desktop\\projetos\\estagiarios\\estagiarios\\vendor\\laravel\\framework\\src\\Illuminate\\Foundation\\Http\\Middleware\\PreventRequestsDuringMaintenance.php(86): Illuminate\\Pipeline\\Pipeline->Illuminate\\Pipeline\\{closure}(Object(Illuminate\\Http\\Request))
#53 C:\\Users\\ana.abrantes\\Desktop\\projetos\\estagiarios\\estagiarios\\vendor\\laravel\\framework\\src\\Illuminate\\Pipeline\\Pipeline.php(180): Illuminate\\Foundation\\Http\\Middleware\\PreventRequestsDuringMaintenance->handle(Object(Illuminate\\Http\\Request), Object(Closure))
#54 C:\\Users\\ana.abrantes\\Desktop\\projetos\\estagiarios\\estagiarios\\vendor\\laravel\\framework\\src\\Illuminate\\Http\\Middleware\\HandleCors.php(49): Illuminate\\Pipeline\\Pipeline->Illuminate\\Pipeline\\{closure}(Object(Illuminate\\Http\\Request))
#55 C:\\Users\\ana.abrantes\\Desktop\\projetos\\estagiarios\\estagiarios\\vendor\\laravel\\framework\\src\\Illuminate\\Pipeline\\Pipeline.php(180): Illuminate\\Http\\Middleware\\HandleCors->handle(Object(Illuminate\\Http\\Request), Object(Closure))
#56 C:\\Users\\ana.abrantes\\Desktop\\projetos\\estagiarios\\estagiarios\\vendor\\laravel\\framework\\src\\Illuminate\\Http\\Middleware\\TrustProxies.php(39): Illuminate\\Pipeline\\Pipeline->Illuminate\\Pipeline\\{closure}(Object(Illuminate\\Http\\Request))
#57 C:\\Users\\ana.abrantes\\Desktop\\projetos\\estagiarios\\estagiarios\\vendor\\laravel\\framework\\src\\Illuminate\\Pipeline\\Pipeline.php(180): Illuminate\\Http\\Middleware\\TrustProxies->handle(Object(Illuminate\\Http\\Request), Object(Closure))
#58 C:\\Users\\ana.abrantes\\Desktop\\projetos\\estagiarios\\estagiarios\\vendor\\laravel\\framework\\src\\Illuminate\\Pipeline\\Pipeline.php(116): Illuminate\\Pipeline\\Pipeline->Illuminate\\Pipeline\\{closure}(Object(Illuminate\\Http\\Request))
#59 C:\\Users\\ana.abrantes\\Desktop\\projetos\\estagiarios\\estagiarios\\vendor\\laravel\\framework\\src\\Illuminate\\Foundation\\Http\\Kernel.php(175): Illuminate\\Pipeline\\Pipeline->then(Object(Closure))
#60 C:\\Users\\ana.abrantes\\Desktop\\projetos\\estagiarios\\estagiarios\\vendor\\laravel\\framework\\src\\Illuminate\\Foundation\\Http\\Kernel.php(144): Illuminate\\Foundation\\Http\\Kernel->sendRequestThroughRouter(Object(Illuminate\\Http\\Request))
#61 C:\\Users\\ana.abrantes\\Desktop\\projetos\\estagiarios\\estagiarios\\public\\index.php(51): Illuminate\\Foundation\\Http\\Kernel->handle(Object(Illuminate\\Http\\Request))
#62 C:\\Users\\ana.abrantes\\Desktop\\projetos\\estagiarios\\estagiarios\\vendor\\laravel\\framework\\src\\Illuminate\\Foundation\\resources\\server.php(16): require_once('C:\\\\Users\\\\ana.ab...')
#63 {main}

[previous exception] [object] (Illuminate\\Database\\SQLiteDatabaseDoesNotExistException(code: 0): Database file at path [estagiarios] does not exist. Ensure this is an absolute path to the database. at C:\\Users\\ana.abrantes\\Desktop\\projetos\\estagiarios\\estagiarios\\vendor\\laravel\\framework\\src\\Illuminate\\Database\\Connectors\\SQLiteConnector.php:34)
[stacktrace]
#0 C:\\Users\\ana.abrantes\\Desktop\\projetos\\estagiarios\\estagiarios\\vendor\\laravel\\framework\\src\\Illuminate\\Database\\Connectors\\ConnectionFactory.php(221): Illuminate\\Database\\Connectors\\SQLiteConnector->connect(Array)
#1 [internal function]: Illuminate\\Database\\Connectors\\ConnectionFactory->Illuminate\\Database\\Connectors\\{closure}()
#2 C:\\Users\\ana.abrantes\\Desktop\\projetos\\estagiarios\\estagiarios\\vendor\\laravel\\framework\\src\\Illuminate\\Database\\Connection.php(1210): call_user_func(Object(Closure))
#3 C:\\Users\\ana.abrantes\\Desktop\\projetos\\estagiarios\\estagiarios\\vendor\\laravel\\framework\\src\\Illuminate\\Database\\Connection.php(572): Illuminate\\Database\\Connection->getPdo()
#4 C:\\Users\\ana.abrantes\\Desktop\\projetos\\estagiarios\\estagiarios\\vendor\\laravel\\framework\\src\\Illuminate\\Database\\Connection.php(786): Illuminate\\Database\\Connection->Illuminate\\Database\\{closure}('PRAGMA foreign_...', Array)
#5 C:\\Users\\ana.abrantes\\Desktop\\projetos\\estagiarios\\estagiarios\\vendor\\laravel\\framework\\src\\Illuminate\\Database\\Connection.php(753): Illuminate\\Database\\Connection->runQueryCallback('PRAGMA foreign_...', Array, Object(Closure))
#6 C:\\Users\\ana.abrantes\\Desktop\\projetos\\estagiarios\\estagiarios\\vendor\\laravel\\framework\\src\\Illuminate\\Database\\Connection.php(567): Illuminate\\Database\\Connection->run('PRAGMA foreign_...', Array, Object(Closure))
#7 C:\\Users\\ana.abrantes\\Desktop\\projetos\\estagiarios\\estagiarios\\vendor\\laravel\\framework\\src\\Illuminate\\Database\\Schema\\Builder.php(397): Illuminate\\Database\\Connection->statement('PRAGMA foreign_...')
#8 C:\\Users\\ana.abrantes\\Desktop\\projetos\\estagiarios\\estagiarios\\vendor\\laravel\\framework\\src\\Illuminate\\Database\\SQLiteConnection.php(35): Illuminate\\Database\\Schema\\Builder->enableForeignKeyConstraints()
#9 C:\\Users\\ana.abrantes\\Desktop\\projetos\\estagiarios\\estagiarios\\vendor\\laravel\\framework\\src\\Illuminate\\Database\\Connectors\\ConnectionFactory.php(272): Illuminate\\Database\\SQLiteConnection->__construct(Object(Closure), 'estagiarios', '', Array)
#10 C:\\Users\\ana.abrantes\\Desktop\\projetos\\estagiarios\\estagiarios\\vendor\\laravel\\framework\\src\\Illuminate\\Database\\Connectors\\ConnectionFactory.php(75): Illuminate\\Database\\Connectors\\ConnectionFactory->createConnection('sqlite', Object(Closure), 'estagiarios', '', Array)
#11 C:\\Users\\ana.abrantes\\Desktop\\projetos\\estagiarios\\estagiarios\\vendor\\laravel\\framework\\src\\Illuminate\\Database\\Connectors\\ConnectionFactory.php(50): Illuminate\\Database\\Connectors\\ConnectionFactory->createSingleConnection(Array)
#12 C:\\Users\\ana.abrantes\\Desktop\\projetos\\estagiarios\\estagiarios\\vendor\\laravel\\framework\\src\\Illuminate\\Database\\DatabaseManager.php(152): Illuminate\\Database\\Connectors\\ConnectionFactory->make(Array, 'sqlite')
#13 C:\\Users\\ana.abrantes\\Desktop\\projetos\\estagiarios\\estagiarios\\vendor\\laravel\\framework\\src\\Illuminate\\Database\\DatabaseManager.php(101): Illuminate\\Database\\DatabaseManager->makeConnection('sqlite')
#14 C:\\Users\\ana.abrantes\\Desktop\\projetos\\estagiarios\\estagiarios\\vendor\\laravel\\framework\\src\\Illuminate\\Database\\Eloquent\\Model.php(1820): Illuminate\\Database\\DatabaseManager->connection('sqlite')
#15 C:\\Users\\ana.abrantes\\Desktop\\projetos\\estagiarios\\estagiarios\\vendor\\laravel\\framework\\src\\Illuminate\\Database\\Eloquent\\Model.php(1786): Illuminate\\Database\\Eloquent\\Model::resolveConnection(NULL)
#16 C:\\Users\\ana.abrantes\\Desktop\\projetos\\estagiarios\\estagiarios\\vendor\\laravel\\framework\\src\\Illuminate\\Database\\Eloquent\\Model.php(1578): Illuminate\\Database\\Eloquent\\Model->getConnection()
#17 C:\\Users\\ana.abrantes\\Desktop\\projetos\\estagiarios\\estagiarios\\vendor\\laravel\\framework\\src\\Illuminate\\Database\\Eloquent\\Model.php(1497): Illuminate\\Database\\Eloquent\\Model->newBaseQueryBuilder()
#18 C:\\Users\\ana.abrantes\\Desktop\\projetos\\estagiarios\\estagiarios\\vendor\\laravel\\framework\\src\\Illuminate\\Database\\Eloquent\\Model.php(1533): Illuminate\\Database\\Eloquent\\Model->newModelQuery()
#19 C:\\Users\\ana.abrantes\\Desktop\\projetos\\estagiarios\\estagiarios\\vendor\\laravel\\framework\\src\\Illuminate\\Database\\Eloquent\\Model.php(1486): Illuminate\\Database\\Eloquent\\Model->newQueryWithoutScopes()
#20 C:\\Users\\ana.abrantes\\Desktop\\projetos\\estagiarios\\estagiarios\\vendor\\laravel\\framework\\src\\Illuminate\\Database\\Eloquent\\Model.php(1476): Illuminate\\Database\\Eloquent\\Model->newQuery()
#21 C:\\Users\\ana.abrantes\\Desktop\\projetos\\estagiarios\\estagiarios\\vendor\\laravel\\framework\\src\\Illuminate\\Database\\Eloquent\\Model.php(674): Illuminate\\Database\\Eloquent\\Model::query()
#22 C:\\Users\\ana.abrantes\\Desktop\\projetos\\estagiarios\\estagiarios\\app\\Http\\Controllers\\EstagiarioController.php(14): Illuminate\\Database\\Eloquent\\Model::all()
#23 C:\\Users\\ana.abrantes\\Desktop\\projetos\\estagiarios\\estagiarios\\vendor\\laravel\\framework\\src\\Illuminate\\Routing\\Controller.php(54): App\\Http\\Controllers\\EstagiarioController->index()
#24 C:\\Users\\ana.abrantes\\Desktop\\projetos\\estagiarios\\estagiarios\\vendor\\laravel\\framework\\src\\Illuminate\\Routing\\ControllerDispatcher.php(43): Illuminate\\Routing\\Controller->callAction('index', Array)
#25 C:\\Users\\ana.abrantes\\Desktop\\projetos\\estagiarios\\estagiarios\\vendor\\laravel\\framework\\src\\Illuminate\\Routing\\Route.php(259): Illuminate\\Routing\\ControllerDispatcher->dispatch(Object(Illuminate\\Routing\\Route), Object(App\\Http\\Controllers\\EstagiarioController), 'index')
#26 C:\\Users\\ana.abrantes\\Desktop\\projetos\\estagiarios\\estagiarios\\vendor\\laravel\\framework\\src\\Illuminate\\Routing\\Route.php(205): Illuminate\\Routing\\Route->runController()
#27 C:\\Users\\ana.abrantes\\Desktop\\projetos\\estagiarios\\estagiarios\\vendor\\laravel\\framework\\src\\Illuminate\\Routing\\Router.php(798): Illuminate\\Routing\\Route->run()
#28 C:\\Users\\ana.abrantes\\Desktop\\projetos\\estagiarios\\estagiarios\\vendor\\laravel\\framework\\src\\Illuminate\\Pipeline\\Pipeline.php(141): Illuminate\\Routing\\Router->Illuminate\\Routing\\{closure}(Object(Illuminate\\Http\\Request))
#29 C:\\Users\\ana.abrantes\\Desktop\\projetos\\estagiarios\\estagiarios\\vendor\\laravel\\framework\\src\\Illuminate\\Routing\\Middleware\\SubstituteBindings.php(50): Illuminate\\Pipeline\\Pipeline->Illuminate\\Pipeline\\{closure}(Object(Illuminate\\Http\\Request))
#30 C:\\Users\\ana.abrantes\\Desktop\\projetos\\estagiarios\\estagiarios\\vendor\\laravel\\framework\\src\\Illuminate\\Pipeline\\Pipeline.php(180): Illuminate\\Routing\\Middleware\\SubstituteBindings->handle(Object(Illuminate\\Http\\Request), Object(Closure))
#31 C:\\Users\\ana.abrantes\\Desktop\\projetos\\estagiarios\\estagiarios\\vendor\\laravel\\framework\\src\\Illuminate\\Foundation\\Http\\Middleware\\VerifyCsrfToken.php(78): Illuminate\\Pipeline\\Pipeline->Illuminate\\Pipeline\\{closure}(Object(Illuminate\\Http\\Request))
#32 C:\\Users\\ana.abrantes\\Desktop\\projetos\\estagiarios\\estagiarios\\vendor\\laravel\\framework\\src\\Illuminate\\Pipeline\\Pipeline.php(180): Illuminate\\Foundation\\Http\\Middleware\\VerifyCsrfToken->handle(Object(Illuminate\\Http\\Request), Object(Closure))
#33 C:\\Users\\ana.abrantes\\Desktop\\projetos\\estagiarios\\estagiarios\\vendor\\laravel\\framework\\src\\Illuminate\\View\\Middleware\\ShareErrorsFromSession.php(49): Illuminate\\Pipeline\\Pipeline->Illuminate\\Pipeline\\{closure}(Object(Illuminate\\Http\\Request))
#34 C:\\Users\\ana.abrantes\\Desktop\\projetos\\estagiarios\\estagiarios\\vendor\\laravel\\framework\\src\\Illuminate\\Pipeline\\Pipeline.php(180): Illuminate\\View\\Middleware\\ShareErrorsFromSession->handle(Object(Illuminate\\Http\\Request), Object(Closure))
#35 C:\\Users\\ana.abrantes\\Desktop\\projetos\\estagiarios\\estagiarios\\vendor\\laravel\\framework\\src\\Illuminate\\Session\\Middleware\\StartSession.php(121): Illuminate\\Pipeline\\Pipeline->Illuminate\\Pipeline\\{closure}(Object(Illuminate\\Http\\Request))
#36 C:\\Users\\ana.abrantes\\Desktop\\projetos\\estagiarios\\estagiarios\\vendor\\laravel\\framework\\src\\Illuminate\\Session\\Middleware\\StartSession.php(64): Illuminate\\Session\\Middleware\\StartSession->handleStatefulRequest(Object(Illuminate\\Http\\Request), Object(Illuminate\\Session\\Store), Object(Closure))
#37 C:\\Users\\ana.abrantes\\Desktop\\projetos\\estagiarios\\estagiarios\\vendor\\laravel\\framework\\src\\Illuminate\\Pipeline\\Pipeline.php(180): Illuminate\\Session\\Middleware\\StartSession->handle(Object(Illuminate\\Http\\Request), Object(Closure))
#38 C:\\Users\\ana.abrantes\\Desktop\\projetos\\estagiarios\\estagiarios\\vendor\\laravel\\framework\\src\\Illuminate\\Cookie\\Middleware\\AddQueuedCookiesToResponse.php(37): Illuminate\\Pipeline\\Pipeline->Illuminate\\Pipeline\\{closure}(Object(Illuminate\\Http\\Request))
#39 C:\\Users\\ana.abrantes\\Desktop\\projetos\\estagiarios\\estagiarios\\vendor\\laravel\\framework\\src\\Illuminate\\Pipeline\\Pipeline.php(180): Illuminate\\Cookie\\Middleware\\AddQueuedCookiesToResponse->handle(Object(Illuminate\\Http\\Request), Object(Closure))
#40 C:\\Users\\ana.abrantes\\Desktop\\projetos\\estagiarios\\estagiarios\\vendor\\laravel\\framework\\src\\Illuminate\\Cookie\\Middleware\\EncryptCookies.php(67): Illuminate\\Pipeline\\Pipeline->Illuminate\\Pipeline\\{closure}(Object(Illuminate\\Http\\Request))
#41 C:\\Users\\ana.abrantes\\Desktop\\projetos\\estagiarios\\estagiarios\\vendor\\laravel\\framework\\src\\Illuminate\\Pipeline\\Pipeline.php(180): Illuminate\\Cookie\\Middleware\\EncryptCookies->handle(Object(Illuminate\\Http\\Request), Object(Closure))
#42 C:\\Users\\ana.abrantes\\Desktop\\projetos\\estagiarios\\estagiarios\\vendor\\laravel\\framework\\src\\Illuminate\\Pipeline\\Pipeline.php(116): Illuminate\\Pipeline\\Pipeline->Illuminate\\Pipeline\\{closure}(Object(Illuminate\\Http\\Request))
#43 C:\\Users\\ana.abrantes\\Desktop\\projetos\\estagiarios\\estagiarios\\vendor\\laravel\\framework\\src\\Illuminate\\Routing\\Router.php(797): Illuminate\\Pipeline\\Pipeline->then(Object(Closure))
#44 C:\\Users\\ana.abrantes\\Desktop\\projetos\\estagiarios\\estagiarios\\vendor\\laravel\\framework\\src\\Illuminate\\Routing\\Router.php(776): Illuminate\\Routing\\Router->runRouteWithinStack(Object(Illuminate\\Routing\\Route), Object(Illuminate\\Http\\Request))
#45 C:\\Users\\ana.abrantes\\Desktop\\projetos\\estagiarios\\estagiarios\\vendor\\laravel\\framework\\src\\Illuminate\\Routing\\Router.php(740): Illuminate\\Routing\\Router->runRoute(Object(Illuminate\\Http\\Request), Object(Illuminate\\Routing\\Route))
#46 C:\\Users\\ana.abrantes\\Desktop\\projetos\\estagiarios\\estagiarios\\vendor\\laravel\\framework\\src\\Illuminate\\Routing\\Router.php(729): Illuminate\\Routing\\Router->dispatchToRoute(Object(Illuminate\\Http\\Request))
#47 C:\\Users\\ana.abrantes\\Desktop\\projetos\\estagiarios\\estagiarios\\vendor\\laravel\\framework\\src\\Illuminate\\Foundation\\Http\\Kernel.php(200): Illuminate\\Routing\\Router->dispatch(Object(Illuminate\\Http\\Request))
#48 C:\\Users\\ana.abrantes\\Desktop\\projetos\\estagiarios\\estagiarios\\vendor\\laravel\\framework\\src\\Illuminate\\Pipeline\\Pipeline.php(141): Illuminate\\Foundation\\Http\\Kernel->Illuminate\\Foundation\\Http\\{closure}(Object(Illuminate\\Http\\Request))
#49 C:\\Users\\ana.abrantes\\Desktop\\projetos\\estagiarios\\estagiarios\\vendor\\laravel\\framework\\src\\Illuminate\\Foundation\\Http\\Middleware\\TransformsRequest.php(21): Illuminate\\Pipeline\\Pipeline->Illuminate\\Pipeline\\{closure}(Object(Illuminate\\Http\\Request))
#50 C:\\Users\\ana.abrantes\\Desktop\\projetos\\estagiarios\\estagiarios\\vendor\\laravel\\framework\\src\\Illuminate\\Foundation\\Http\\Middleware\\ConvertEmptyStringsToNull.php(31): Illuminate\\Foundation\\Http\\Middleware\\TransformsRequest->handle(Object(Illuminate\\Http\\Request), Object(Closure))
#51 C:\\Users\\ana.abrantes\\Desktop\\projetos\\estagiarios\\estagiarios\\vendor\\laravel\\framework\\src\\Illuminate\\Pipeline\\Pipeline.php(180): Illuminate\\Foundation\\Http\\Middleware\\ConvertEmptyStringsToNull->handle(Object(Illuminate\\Http\\Request), Object(Closure))
#52 C:\\Users\\ana.abrantes\\Desktop\\projetos\\estagiarios\\estagiarios\\vendor\\laravel\\framework\\src\\Illuminate\\Foundation\\Http\\Middleware\\TransformsRequest.php(21): Illuminate\\Pipeline\\Pipeline->Illuminate\\Pipeline\\{closure}(Object(Illuminate\\Http\\Request))
#53 C:\\Users\\ana.abrantes\\Desktop\\projetos\\estagiarios\\estagiarios\\vendor\\laravel\\framework\\src\\Illuminate\\Foundation\\Http\\Middleware\\TrimStrings.php(40): Illuminate\\Foundation\\Http\\Middleware\\TransformsRequest->handle(Object(Illuminate\\Http\\Request), Object(Closure))
#54 C:\\Users\\ana.abrantes\\Desktop\\projetos\\estagiarios\\estagiarios\\vendor\\laravel\\framework\\src\\Illuminate\\Pipeline\\Pipeline.php(180): Illuminate\\Foundation\\Http\\Middleware\\TrimStrings->handle(Object(Illuminate\\Http\\Request), Object(Closure))
#55 C:\\Users\\ana.abrantes\\Desktop\\projetos\\estagiarios\\estagiarios\\vendor\\laravel\\framework\\src\\Illuminate\\Foundation\\Http\\Middleware\\ValidatePostSize.php(27): Illuminate\\Pipeline\\Pipeline->Illuminate\\Pipeline\\{closure}(Object(Illuminate\\Http\\Request))
#56 C:\\Users\\ana.abrantes\\Desktop\\projetos\\estagiarios\\estagiarios\\vendor\\laravel\\framework\\src\\Illuminate\\Pipeline\\Pipeline.php(180): Illuminate\\Foundation\\Http\\Middleware\\ValidatePostSize->handle(Object(Illuminate\\Http\\Request), Object(Closure))
#57 C:\\Users\\ana.abrantes\\Desktop\\projetos\\estagiarios\\estagiarios\\vendor\\laravel\\framework\\src\\Illuminate\\Foundation\\Http\\Middleware\\PreventRequestsDuringMaintenance.php(86): Illuminate\\Pipeline\\Pipeline->Illuminate\\Pipeline\\{closure}(Object(Illuminate\\Http\\Request))
#58 C:\\Users\\ana.abrantes\\Desktop\\projetos\\estagiarios\\estagiarios\\vendor\\laravel\\framework\\src\\Illuminate\\Pipeline\\Pipeline.php(180): Illuminate\\Foundation\\Http\\Middleware\\PreventRequestsDuringMaintenance->handle(Object(Illuminate\\Http\\Request), Object(Closure))
#59 C:\\Users\\ana.abrantes\\Desktop\\projetos\\estagiarios\\estagiarios\\vendor\\laravel\\framework\\src\\Illuminate\\Http\\Middleware\\HandleCors.php(49): Illuminate\\Pipeline\\Pipeline->Illuminate\\Pipeline\\{closure}(Object(Illuminate\\Http\\Request))
#60 C:\\Users\\ana.abrantes\\Desktop\\projetos\\estagiarios\\estagiarios\\vendor\\laravel\\framework\\src\\Illuminate\\Pipeline\\Pipeline.php(180): Illuminate\\Http\\Middleware\\HandleCors->handle(Object(Illuminate\\Http\\Request), Object(Closure))
#61 C:\\Users\\ana.abrantes\\Desktop\\projetos\\estagiarios\\estagiarios\\vendor\\laravel\\framework\\src\\Illuminate\\Http\\Middleware\\TrustProxies.php(39): Illuminate\\Pipeline\\Pipeline->Illuminate\\Pipeline\\{closure}(Object(Illuminate\\Http\\Request))
#62 C:\\Users\\ana.abrantes\\Desktop\\projetos\\estagiarios\\estagiarios\\vendor\\laravel\\framework\\src\\Illuminate\\Pipeline\\Pipeline.php(180): Illuminate\\Http\\Middleware\\TrustProxies->handle(Object(Illuminate\\Http\\Request), Object(Closure))
#63 C:\\Users\\ana.abrantes\\Desktop\\projetos\\estagiarios\\estagiarios\\vendor\\laravel\\framework\\src\\Illuminate\\Pipeline\\Pipeline.php(116): Illuminate\\Pipeline\\Pipeline->Illuminate\\Pipeline\\{closure}(Object(Illuminate\\Http\\Request))
#64 C:\\Users\\ana.abrantes\\Desktop\\projetos\\estagiarios\\estagiarios\\vendor\\laravel\\framework\\src\\Illuminate\\Foundation\\Http\\Kernel.php(175): Illuminate\\Pipeline\\Pipeline->then(Object(Closure))
#65 C:\\Users\\ana.abrantes\\Desktop\\projetos\\estagiarios\\estagiarios\\vendor\\laravel\\framework\\src\\Illuminate\\Foundation\\Http\\Kernel.php(144): Illuminate\\Foundation\\Http\\Kernel->sendRequestThroughRouter(Object(Illuminate\\Http\\Request))
#66 C:\\Users\\ana.abrantes\\Desktop\\projetos\\estagiarios\\estagiarios\\public\\index.php(51): Illuminate\\Foundation\\Http\\Kernel->handle(Object(Illuminate\\Http\\Request))
#67 C:\\Users\\ana.abrantes\\Desktop\\projetos\\estagiarios\\estagiarios\\vendor\\laravel\\framework\\src\\Illuminate\\Foundation\\resources\\server.php(16): require_once('C:\\\\Users\\\\ana.ab...')
#68 {main}
"} 
[2023-06-16 15:07:47] local.ERROR: Database file at path [estagiarios] does not exist. Ensure this is an absolute path to the database. (Connection: sqlite, SQL: PRAGMA foreign_keys = ON;) {"exception":"[object] (Illuminate\\Database\\QueryException(code: 0): Database file at path [estagiarios] does not exist. Ensure this is an absolute path to the database. (Connection: sqlite, SQL: PRAGMA foreign_keys = ON;) at C:\\Users\\ana.abrantes\\Desktop\\projetos\\estagiarios\\estagiarios\\vendor\\laravel\\framework\\src\\Illuminate\\Database\\Connection.php:793)
[stacktrace]
#0 C:\\Users\\ana.abrantes\\Desktop\\projetos\\estagiarios\\estagiarios\\vendor\\laravel\\framework\\src\\Illuminate\\Database\\Connection.php(753): Illuminate\\Database\\Connection->runQueryCallback('PRAGMA foreign_...', Array, Object(Closure))
#1 C:\\Users\\ana.abrantes\\Desktop\\projetos\\estagiarios\\estagiarios\\vendor\\laravel\\framework\\src\\Illuminate\\Database\\Connection.php(567): Illuminate\\Database\\Connection->run('PRAGMA foreign_...', Array, Object(Closure))
#2 C:\\Users\\ana.abrantes\\Desktop\\projetos\\estagiarios\\estagiarios\\vendor\\laravel\\framework\\src\\Illuminate\\Database\\Schema\\Builder.php(397): Illuminate\\Database\\Connection->statement('PRAGMA foreign_...')
#3 C:\\Users\\ana.abrantes\\Desktop\\projetos\\estagiarios\\estagiarios\\vendor\\laravel\\framework\\src\\Illuminate\\Database\\SQLiteConnection.php(35): Illuminate\\Database\\Schema\\Builder->enableForeignKeyConstraints()
#4 C:\\Users\\ana.abrantes\\Desktop\\projetos\\estagiarios\\estagiarios\\vendor\\laravel\\framework\\src\\Illuminate\\Database\\Connectors\\ConnectionFactory.php(272): Illuminate\\Database\\SQLiteConnection->__construct(Object(Closure), 'estagiarios', '', Array)
#5 C:\\Users\\ana.abrantes\\Desktop\\projetos\\estagiarios\\estagiarios\\vendor\\laravel\\framework\\src\\Illuminate\\Database\\Connectors\\ConnectionFactory.php(75): Illuminate\\Database\\Connectors\\ConnectionFactory->createConnection('sqlite', Object(Closure), 'estagiarios', '', Array)
#6 C:\\Users\\ana.abrantes\\Desktop\\projetos\\estagiarios\\estagiarios\\vendor\\laravel\\framework\\src\\Illuminate\\Database\\Connectors\\ConnectionFactory.php(50): Illuminate\\Database\\Connectors\\ConnectionFactory->createSingleConnection(Array)
#7 C:\\Users\\ana.abrantes\\Desktop\\projetos\\estagiarios\\estagiarios\\vendor\\laravel\\framework\\src\\Illuminate\\Database\\DatabaseManager.php(152): Illuminate\\Database\\Connectors\\ConnectionFactory->make(Array, 'sqlite')
#8 C:\\Users\\ana.abrantes\\Desktop\\projetos\\estagiarios\\estagiarios\\vendor\\laravel\\framework\\src\\Illuminate\\Database\\DatabaseManager.php(101): Illuminate\\Database\\DatabaseManager->makeConnection('sqlite')
#9 C:\\Users\\ana.abrantes\\Desktop\\projetos\\estagiarios\\estagiarios\\vendor\\laravel\\framework\\src\\Illuminate\\Database\\Eloquent\\Model.php(1820): Illuminate\\Database\\DatabaseManager->connection('sqlite')
#10 C:\\Users\\ana.abrantes\\Desktop\\projetos\\estagiarios\\estagiarios\\vendor\\laravel\\framework\\src\\Illuminate\\Database\\Eloquent\\Model.php(1786): Illuminate\\Database\\Eloquent\\Model::resolveConnection(NULL)
#11 C:\\Users\\ana.abrantes\\Desktop\\projetos\\estagiarios\\estagiarios\\vendor\\laravel\\framework\\src\\Illuminate\\Database\\Eloquent\\Model.php(1578): Illuminate\\Database\\Eloquent\\Model->getConnection()
#12 C:\\Users\\ana.abrantes\\Desktop\\projetos\\estagiarios\\estagiarios\\vendor\\laravel\\framework\\src\\Illuminate\\Database\\Eloquent\\Model.php(1497): Illuminate\\Database\\Eloquent\\Model->newBaseQueryBuilder()
#13 C:\\Users\\ana.abrantes\\Desktop\\projetos\\estagiarios\\estagiarios\\vendor\\laravel\\framework\\src\\Illuminate\\Database\\Eloquent\\Model.php(1533): Illuminate\\Database\\Eloquent\\Model->newModelQuery()
#14 C:\\Users\\ana.abrantes\\Desktop\\projetos\\estagiarios\\estagiarios\\vendor\\laravel\\framework\\src\\Illuminate\\Database\\Eloquent\\Model.php(1486): Illuminate\\Database\\Eloquent\\Model->newQueryWithoutScopes()
#15 C:\\Users\\ana.abrantes\\Desktop\\projetos\\estagiarios\\estagiarios\\vendor\\laravel\\framework\\src\\Illuminate\\Database\\Eloquent\\Model.php(1476): Illuminate\\Database\\Eloquent\\Model->newQuery()
#16 C:\\Users\\ana.abrantes\\Desktop\\projetos\\estagiarios\\estagiarios\\vendor\\laravel\\framework\\src\\Illuminate\\Database\\Eloquent\\Model.php(674): Illuminate\\Database\\Eloquent\\Model::query()
#17 C:\\Users\\ana.abrantes\\Desktop\\projetos\\estagiarios\\estagiarios\\app\\Http\\Controllers\\EstagiarioController.php(14): Illuminate\\Database\\Eloquent\\Model::all()
#18 C:\\Users\\ana.abrantes\\Desktop\\projetos\\estagiarios\\estagiarios\\vendor\\laravel\\framework\\src\\Illuminate\\Routing\\Controller.php(54): App\\Http\\Controllers\\EstagiarioController->index()
#19 C:\\Users\\ana.abrantes\\Desktop\\projetos\\estagiarios\\estagiarios\\vendor\\laravel\\framework\\src\\Illuminate\\Routing\\ControllerDispatcher.php(43): Illuminate\\Routing\\Controller->callAction('index', Array)
#20 C:\\Users\\ana.abrantes\\Desktop\\projetos\\estagiarios\\estagiarios\\vendor\\laravel\\framework\\src\\Illuminate\\Routing\\Route.php(259): Illuminate\\Routing\\ControllerDispatcher->dispatch(Object(Illuminate\\Routing\\Route), Object(App\\Http\\Controllers\\EstagiarioController), 'index')
#21 C:\\Users\\ana.abrantes\\Desktop\\projetos\\estagiarios\\estagiarios\\vendor\\laravel\\framework\\src\\Illuminate\\Routing\\Route.php(205): Illuminate\\Routing\\Route->runController()
#22 C:\\Users\\ana.abrantes\\Desktop\\projetos\\estagiarios\\estagiarios\\vendor\\laravel\\framework\\src\\Illuminate\\Routing\\Router.php(798): Illuminate\\Routing\\Route->run()
#23 C:\\Users\\ana.abrantes\\Desktop\\projetos\\estagiarios\\estagiarios\\vendor\\laravel\\framework\\src\\Illuminate\\Pipeline\\Pipeline.php(141): Illuminate\\Routing\\Router->Illuminate\\Routing\\{closure}(Object(Illuminate\\Http\\Request))
#24 C:\\Users\\ana.abrantes\\Desktop\\projetos\\estagiarios\\estagiarios\\vendor\\laravel\\framework\\src\\Illuminate\\Routing\\Middleware\\SubstituteBindings.php(50): Illuminate\\Pipeline\\Pipeline->Illuminate\\Pipeline\\{closure}(Object(Illuminate\\Http\\Request))
#25 C:\\Users\\ana.abrantes\\Desktop\\projetos\\estagiarios\\estagiarios\\vendor\\laravel\\framework\\src\\Illuminate\\Pipeline\\Pipeline.php(180): Illuminate\\Routing\\Middleware\\SubstituteBindings->handle(Object(Illuminate\\Http\\Request), Object(Closure))
#26 C:\\Users\\ana.abrantes\\Desktop\\projetos\\estagiarios\\estagiarios\\vendor\\laravel\\framework\\src\\Illuminate\\Foundation\\Http\\Middleware\\VerifyCsrfToken.php(78): Illuminate\\Pipeline\\Pipeline->Illuminate\\Pipeline\\{closure}(Object(Illuminate\\Http\\Request))
#27 C:\\Users\\ana.abrantes\\Desktop\\projetos\\estagiarios\\estagiarios\\vendor\\laravel\\framework\\src\\Illuminate\\Pipeline\\Pipeline.php(180): Illuminate\\Foundation\\Http\\Middleware\\VerifyCsrfToken->handle(Object(Illuminate\\Http\\Request), Object(Closure))
#28 C:\\Users\\ana.abrantes\\Desktop\\projetos\\estagiarios\\estagiarios\\vendor\\laravel\\framework\\src\\Illuminate\\View\\Middleware\\ShareErrorsFromSession.php(49): Illuminate\\Pipeline\\Pipeline->Illuminate\\Pipeline\\{closure}(Object(Illuminate\\Http\\Request))
#29 C:\\Users\\ana.abrantes\\Desktop\\projetos\\estagiarios\\estagiarios\\vendor\\laravel\\framework\\src\\Illuminate\\Pipeline\\Pipeline.php(180): Illuminate\\View\\Middleware\\ShareErrorsFromSession->handle(Object(Illuminate\\Http\\Request), Object(Closure))
#30 C:\\Users\\ana.abrantes\\Desktop\\projetos\\estagiarios\\estagiarios\\vendor\\laravel\\framework\\src\\Illuminate\\Session\\Middleware\\StartSession.php(121): Illuminate\\Pipeline\\Pipeline->Illuminate\\Pipeline\\{closure}(Object(Illuminate\\Http\\Request))
#31 C:\\Users\\ana.abrantes\\Desktop\\projetos\\estagiarios\\estagiarios\\vendor\\laravel\\framework\\src\\Illuminate\\Session\\Middleware\\StartSession.php(64): Illuminate\\Session\\Middleware\\StartSession->handleStatefulRequest(Object(Illuminate\\Http\\Request), Object(Illuminate\\Session\\Store), Object(Closure))
#32 C:\\Users\\ana.abrantes\\Desktop\\projetos\\estagiarios\\estagiarios\\vendor\\laravel\\framework\\src\\Illuminate\\Pipeline\\Pipeline.php(180): Illuminate\\Session\\Middleware\\StartSession->handle(Object(Illuminate\\Http\\Request), Object(Closure))
#33 C:\\Users\\ana.abrantes\\Desktop\\projetos\\estagiarios\\estagiarios\\vendor\\laravel\\framework\\src\\Illuminate\\Cookie\\Middleware\\AddQueuedCookiesToResponse.php(37): Illuminate\\Pipeline\\Pipeline->Illuminate\\Pipeline\\{closure}(Object(Illuminate\\Http\\Request))
#34 C:\\Users\\ana.abrantes\\Desktop\\projetos\\estagiarios\\estagiarios\\vendor\\laravel\\framework\\src\\Illuminate\\Pipeline\\Pipeline.php(180): Illuminate\\Cookie\\Middleware\\AddQueuedCookiesToResponse->handle(Object(Illuminate\\Http\\Request), Object(Closure))
#35 C:\\Users\\ana.abrantes\\Desktop\\projetos\\estagiarios\\estagiarios\\vendor\\laravel\\framework\\src\\Illuminate\\Cookie\\Middleware\\EncryptCookies.php(67): Illuminate\\Pipeline\\Pipeline->Illuminate\\Pipeline\\{closure}(Object(Illuminate\\Http\\Request))
#36 C:\\Users\\ana.abrantes\\Desktop\\projetos\\estagiarios\\estagiarios\\vendor\\laravel\\framework\\src\\Illuminate\\Pipeline\\Pipeline.php(180): Illuminate\\Cookie\\Middleware\\EncryptCookies->handle(Object(Illuminate\\Http\\Request), Object(Closure))
#37 C:\\Users\\ana.abrantes\\Desktop\\projetos\\estagiarios\\estagiarios\\vendor\\laravel\\framework\\src\\Illuminate\\Pipeline\\Pipeline.php(116): Illuminate\\Pipeline\\Pipeline->Illuminate\\Pipeline\\{closure}(Object(Illuminate\\Http\\Request))
#38 C:\\Users\\ana.abrantes\\Desktop\\projetos\\estagiarios\\estagiarios\\vendor\\laravel\\framework\\src\\Illuminate\\Routing\\Router.php(797): Illuminate\\Pipeline\\Pipeline->then(Object(Closure))
#39 C:\\Users\\ana.abrantes\\Desktop\\projetos\\estagiarios\\estagiarios\\vendor\\laravel\\framework\\src\\Illuminate\\Routing\\Router.php(776): Illuminate\\Routing\\Router->runRouteWithinStack(Object(Illuminate\\Routing\\Route), Object(Illuminate\\Http\\Request))
#40 C:\\Users\\ana.abrantes\\Desktop\\projetos\\estagiarios\\estagiarios\\vendor\\laravel\\framework\\src\\Illuminate\\Routing\\Router.php(740): Illuminate\\Routing\\Router->runRoute(Object(Illuminate\\Http\\Request), Object(Illuminate\\Routing\\Route))
#41 C:\\Users\\ana.abrantes\\Desktop\\projetos\\estagiarios\\estagiarios\\vendor\\laravel\\framework\\src\\Illuminate\\Routing\\Router.php(729): Illuminate\\Routing\\Router->dispatchToRoute(Object(Illuminate\\Http\\Request))
#42 C:\\Users\\ana.abrantes\\Desktop\\projetos\\estagiarios\\estagiarios\\vendor\\laravel\\framework\\src\\Illuminate\\Foundation\\Http\\Kernel.php(200): Illuminate\\Routing\\Router->dispatch(Object(Illuminate\\Http\\Request))
#43 C:\\Users\\ana.abrantes\\Desktop\\projetos\\estagiarios\\estagiarios\\vendor\\laravel\\framework\\src\\Illuminate\\Pipeline\\Pipeline.php(141): Illuminate\\Foundation\\Http\\Kernel->Illuminate\\Foundation\\Http\\{closure}(Object(Illuminate\\Http\\Request))
#44 C:\\Users\\ana.abrantes\\Desktop\\projetos\\estagiarios\\estagiarios\\vendor\\laravel\\framework\\src\\Illuminate\\Foundation\\Http\\Middleware\\TransformsRequest.php(21): Illuminate\\Pipeline\\Pipeline->Illuminate\\Pipeline\\{closure}(Object(Illuminate\\Http\\Request))
#45 C:\\Users\\ana.abrantes\\Desktop\\projetos\\estagiarios\\estagiarios\\vendor\\laravel\\framework\\src\\Illuminate\\Foundation\\Http\\Middleware\\ConvertEmptyStringsToNull.php(31): Illuminate\\Foundation\\Http\\Middleware\\TransformsRequest->handle(Object(Illuminate\\Http\\Request), Object(Closure))
#46 C:\\Users\\ana.abrantes\\Desktop\\projetos\\estagiarios\\estagiarios\\vendor\\laravel\\framework\\src\\Illuminate\\Pipeline\\Pipeline.php(180): Illuminate\\Foundation\\Http\\Middleware\\ConvertEmptyStringsToNull->handle(Object(Illuminate\\Http\\Request), Object(Closure))
#47 C:\\Users\\ana.abrantes\\Desktop\\projetos\\estagiarios\\estagiarios\\vendor\\laravel\\framework\\src\\Illuminate\\Foundation\\Http\\Middleware\\TransformsRequest.php(21): Illuminate\\Pipeline\\Pipeline->Illuminate\\Pipeline\\{closure}(Object(Illuminate\\Http\\Request))
#48 C:\\Users\\ana.abrantes\\Desktop\\projetos\\estagiarios\\estagiarios\\vendor\\laravel\\framework\\src\\Illuminate\\Foundation\\Http\\Middleware\\TrimStrings.php(40): Illuminate\\Foundation\\Http\\Middleware\\TransformsRequest->handle(Object(Illuminate\\Http\\Request), Object(Closure))
#49 C:\\Users\\ana.abrantes\\Desktop\\projetos\\estagiarios\\estagiarios\\vendor\\laravel\\framework\\src\\Illuminate\\Pipeline\\Pipeline.php(180): Illuminate\\Foundation\\Http\\Middleware\\TrimStrings->handle(Object(Illuminate\\Http\\Request), Object(Closure))
#50 C:\\Users\\ana.abrantes\\Desktop\\projetos\\estagiarios\\estagiarios\\vendor\\laravel\\framework\\src\\Illuminate\\Foundation\\Http\\Middleware\\ValidatePostSize.php(27): Illuminate\\Pipeline\\Pipeline->Illuminate\\Pipeline\\{closure}(Object(Illuminate\\Http\\Request))
#51 C:\\Users\\ana.abrantes\\Desktop\\projetos\\estagiarios\\estagiarios\\vendor\\laravel\\framework\\src\\Illuminate\\Pipeline\\Pipeline.php(180): Illuminate\\Foundation\\Http\\Middleware\\ValidatePostSize->handle(Object(Illuminate\\Http\\Request), Object(Closure))
#52 C:\\Users\\ana.abrantes\\Desktop\\projetos\\estagiarios\\estagiarios\\vendor\\laravel\\framework\\src\\Illuminate\\Foundation\\Http\\Middleware\\PreventRequestsDuringMaintenance.php(86): Illuminate\\Pipeline\\Pipeline->Illuminate\\Pipeline\\{closure}(Object(Illuminate\\Http\\Request))
#53 C:\\Users\\ana.abrantes\\Desktop\\projetos\\estagiarios\\estagiarios\\vendor\\laravel\\framework\\src\\Illuminate\\Pipeline\\Pipeline.php(180): Illuminate\\Foundation\\Http\\Middleware\\PreventRequestsDuringMaintenance->handle(Object(Illuminate\\Http\\Request), Object(Closure))
#54 C:\\Users\\ana.abrantes\\Desktop\\projetos\\estagiarios\\estagiarios\\vendor\\laravel\\framework\\src\\Illuminate\\Http\\Middleware\\HandleCors.php(49): Illuminate\\Pipeline\\Pipeline->Illuminate\\Pipeline\\{closure}(Object(Illuminate\\Http\\Request))
#55 C:\\Users\\ana.abrantes\\Desktop\\projetos\\estagiarios\\estagiarios\\vendor\\laravel\\framework\\src\\Illuminate\\Pipeline\\Pipeline.php(180): Illuminate\\Http\\Middleware\\HandleCors->handle(Object(Illuminate\\Http\\Request), Object(Closure))
#56 C:\\Users\\ana.abrantes\\Desktop\\projetos\\estagiarios\\estagiarios\\vendor\\laravel\\framework\\src\\Illuminate\\Http\\Middleware\\TrustProxies.php(39): Illuminate\\Pipeline\\Pipeline->Illuminate\\Pipeline\\{closure}(Object(Illuminate\\Http\\Request))
#57 C:\\Users\\ana.abrantes\\Desktop\\projetos\\estagiarios\\estagiarios\\vendor\\laravel\\framework\\src\\Illuminate\\Pipeline\\Pipeline.php(180): Illuminate\\Http\\Middleware\\TrustProxies->handle(Object(Illuminate\\Http\\Request), Object(Closure))
#58 C:\\Users\\ana.abrantes\\Desktop\\projetos\\estagiarios\\estagiarios\\vendor\\laravel\\framework\\src\\Illuminate\\Pipeline\\Pipeline.php(116): Illuminate\\Pipeline\\Pipeline->Illuminate\\Pipeline\\{closure}(Object(Illuminate\\Http\\Request))
#59 C:\\Users\\ana.abrantes\\Desktop\\projetos\\estagiarios\\estagiarios\\vendor\\laravel\\framework\\src\\Illuminate\\Foundation\\Http\\Kernel.php(175): Illuminate\\Pipeline\\Pipeline->then(Object(Closure))
#60 C:\\Users\\ana.abrantes\\Desktop\\projetos\\estagiarios\\estagiarios\\vendor\\laravel\\framework\\src\\Illuminate\\Foundation\\Http\\Kernel.php(144): Illuminate\\Foundation\\Http\\Kernel->sendRequestThroughRouter(Object(Illuminate\\Http\\Request))
#61 C:\\Users\\ana.abrantes\\Desktop\\projetos\\estagiarios\\estagiarios\\public\\index.php(51): Illuminate\\Foundation\\Http\\Kernel->handle(Object(Illuminate\\Http\\Request))
#62 C:\\Users\\ana.abrantes\\Desktop\\projetos\\estagiarios\\estagiarios\\vendor\\laravel\\framework\\src\\Illuminate\\Foundation\\resources\\server.php(16): require_once('C:\\\\Users\\\\ana.ab...')
#63 {main}

[previous exception] [object] (Illuminate\\Database\\SQLiteDatabaseDoesNotExistException(code: 0): Database file at path [estagiarios] does not exist. Ensure this is an absolute path to the database. at C:\\Users\\ana.abrantes\\Desktop\\projetos\\estagiarios\\estagiarios\\vendor\\laravel\\framework\\src\\Illuminate\\Database\\Connectors\\SQLiteConnector.php:34)
[stacktrace]
#0 C:\\Users\\ana.abrantes\\Desktop\\projetos\\estagiarios\\estagiarios\\vendor\\laravel\\framework\\src\\Illuminate\\Database\\Connectors\\ConnectionFactory.php(221): Illuminate\\Database\\Connectors\\SQLiteConnector->connect(Array)
#1 [internal function]: Illuminate\\Database\\Connectors\\ConnectionFactory->Illuminate\\Database\\Connectors\\{closure}()
#2 C:\\Users\\ana.abrantes\\Desktop\\projetos\\estagiarios\\estagiarios\\vendor\\laravel\\framework\\src\\Illuminate\\Database\\Connection.php(1210): call_user_func(Object(Closure))
#3 C:\\Users\\ana.abrantes\\Desktop\\projetos\\estagiarios\\estagiarios\\vendor\\laravel\\framework\\src\\Illuminate\\Database\\Connection.php(572): Illuminate\\Database\\Connection->getPdo()
#4 C:\\Users\\ana.abrantes\\Desktop\\projetos\\estagiarios\\estagiarios\\vendor\\laravel\\framework\\src\\Illuminate\\Database\\Connection.php(786): Illuminate\\Database\\Connection->Illuminate\\Database\\{closure}('PRAGMA foreign_...', Array)
#5 C:\\Users\\ana.abrantes\\Desktop\\projetos\\estagiarios\\estagiarios\\vendor\\laravel\\framework\\src\\Illuminate\\Database\\Connection.php(753): Illuminate\\Database\\Connection->runQueryCallback('PRAGMA foreign_...', Array, Object(Closure))
#6 C:\\Users\\ana.abrantes\\Desktop\\projetos\\estagiarios\\estagiarios\\vendor\\laravel\\framework\\src\\Illuminate\\Database\\Connection.php(567): Illuminate\\Database\\Connection->run('PRAGMA foreign_...', Array, Object(Closure))
#7 C:\\Users\\ana.abrantes\\Desktop\\projetos\\estagiarios\\estagiarios\\vendor\\laravel\\framework\\src\\Illuminate\\Database\\Schema\\Builder.php(397): Illuminate\\Database\\Connection->statement('PRAGMA foreign_...')
#8 C:\\Users\\ana.abrantes\\Desktop\\projetos\\estagiarios\\estagiarios\\vendor\\laravel\\framework\\src\\Illuminate\\Database\\SQLiteConnection.php(35): Illuminate\\Database\\Schema\\Builder->enableForeignKeyConstraints()
#9 C:\\Users\\ana.abrantes\\Desktop\\projetos\\estagiarios\\estagiarios\\vendor\\laravel\\framework\\src\\Illuminate\\Database\\Connectors\\ConnectionFactory.php(272): Illuminate\\Database\\SQLiteConnection->__construct(Object(Closure), 'estagiarios', '', Array)
#10 C:\\Users\\ana.abrantes\\Desktop\\projetos\\estagiarios\\estagiarios\\vendor\\laravel\\framework\\src\\Illuminate\\Database\\Connectors\\ConnectionFactory.php(75): Illuminate\\Database\\Connectors\\ConnectionFactory->createConnection('sqlite', Object(Closure), 'estagiarios', '', Array)
#11 C:\\Users\\ana.abrantes\\Desktop\\projetos\\estagiarios\\estagiarios\\vendor\\laravel\\framework\\src\\Illuminate\\Database\\Connectors\\ConnectionFactory.php(50): Illuminate\\Database\\Connectors\\ConnectionFactory->createSingleConnection(Array)
#12 C:\\Users\\ana.abrantes\\Desktop\\projetos\\estagiarios\\estagiarios\\vendor\\laravel\\framework\\src\\Illuminate\\Database\\DatabaseManager.php(152): Illuminate\\Database\\Connectors\\ConnectionFactory->make(Array, 'sqlite')
#13 C:\\Users\\ana.abrantes\\Desktop\\projetos\\estagiarios\\estagiarios\\vendor\\laravel\\framework\\src\\Illuminate\\Database\\DatabaseManager.php(101): Illuminate\\Database\\DatabaseManager->makeConnection('sqlite')
#14 C:\\Users\\ana.abrantes\\Desktop\\projetos\\estagiarios\\estagiarios\\vendor\\laravel\\framework\\src\\Illuminate\\Database\\Eloquent\\Model.php(1820): Illuminate\\Database\\DatabaseManager->connection('sqlite')
#15 C:\\Users\\ana.abrantes\\Desktop\\projetos\\estagiarios\\estagiarios\\vendor\\laravel\\framework\\src\\Illuminate\\Database\\Eloquent\\Model.php(1786): Illuminate\\Database\\Eloquent\\Model::resolveConnection(NULL)
#16 C:\\Users\\ana.abrantes\\Desktop\\projetos\\estagiarios\\estagiarios\\vendor\\laravel\\framework\\src\\Illuminate\\Database\\Eloquent\\Model.php(1578): Illuminate\\Database\\Eloquent\\Model->getConnection()
#17 C:\\Users\\ana.abrantes\\Desktop\\projetos\\estagiarios\\estagiarios\\vendor\\laravel\\framework\\src\\Illuminate\\Database\\Eloquent\\Model.php(1497): Illuminate\\Database\\Eloquent\\Model->newBaseQueryBuilder()
#18 C:\\Users\\ana.abrantes\\Desktop\\projetos\\estagiarios\\estagiarios\\vendor\\laravel\\framework\\src\\Illuminate\\Database\\Eloquent\\Model.php(1533): Illuminate\\Database\\Eloquent\\Model->newModelQuery()
#19 C:\\Users\\ana.abrantes\\Desktop\\projetos\\estagiarios\\estagiarios\\vendor\\laravel\\framework\\src\\Illuminate\\Database\\Eloquent\\Model.php(1486): Illuminate\\Database\\Eloquent\\Model->newQueryWithoutScopes()
#20 C:\\Users\\ana.abrantes\\Desktop\\projetos\\estagiarios\\estagiarios\\vendor\\laravel\\framework\\src\\Illuminate\\Database\\Eloquent\\Model.php(1476): Illuminate\\Database\\Eloquent\\Model->newQuery()
#21 C:\\Users\\ana.abrantes\\Desktop\\projetos\\estagiarios\\estagiarios\\vendor\\laravel\\framework\\src\\Illuminate\\Database\\Eloquent\\Model.php(674): Illuminate\\Database\\Eloquent\\Model::query()
#22 C:\\Users\\ana.abrantes\\Desktop\\projetos\\estagiarios\\estagiarios\\app\\Http\\Controllers\\EstagiarioController.php(14): Illuminate\\Database\\Eloquent\\Model::all()
#23 C:\\Users\\ana.abrantes\\Desktop\\projetos\\estagiarios\\estagiarios\\vendor\\laravel\\framework\\src\\Illuminate\\Routing\\Controller.php(54): App\\Http\\Controllers\\EstagiarioController->index()
#24 C:\\Users\\ana.abrantes\\Desktop\\projetos\\estagiarios\\estagiarios\\vendor\\laravel\\framework\\src\\Illuminate\\Routing\\ControllerDispatcher.php(43): Illuminate\\Routing\\Controller->callAction('index', Array)
#25 C:\\Users\\ana.abrantes\\Desktop\\projetos\\estagiarios\\estagiarios\\vendor\\laravel\\framework\\src\\Illuminate\\Routing\\Route.php(259): Illuminate\\Routing\\ControllerDispatcher->dispatch(Object(Illuminate\\Routing\\Route), Object(App\\Http\\Controllers\\EstagiarioController), 'index')
#26 C:\\Users\\ana.abrantes\\Desktop\\projetos\\estagiarios\\estagiarios\\vendor\\laravel\\framework\\src\\Illuminate\\Routing\\Route.php(205): Illuminate\\Routing\\Route->runController()
#27 C:\\Users\\ana.abrantes\\Desktop\\projetos\\estagiarios\\estagiarios\\vendor\\laravel\\framework\\src\\Illuminate\\Routing\\Router.php(798): Illuminate\\Routing\\Route->run()
#28 C:\\Users\\ana.abrantes\\Desktop\\projetos\\estagiarios\\estagiarios\\vendor\\laravel\\framework\\src\\Illuminate\\Pipeline\\Pipeline.php(141): Illuminate\\Routing\\Router->Illuminate\\Routing\\{closure}(Object(Illuminate\\Http\\Request))
#29 C:\\Users\\ana.abrantes\\Desktop\\projetos\\estagiarios\\estagiarios\\vendor\\laravel\\framework\\src\\Illuminate\\Routing\\Middleware\\SubstituteBindings.php(50): Illuminate\\Pipeline\\Pipeline->Illuminate\\Pipeline\\{closure}(Object(Illuminate\\Http\\Request))
#30 C:\\Users\\ana.abrantes\\Desktop\\projetos\\estagiarios\\estagiarios\\vendor\\laravel\\framework\\src\\Illuminate\\Pipeline\\Pipeline.php(180): Illuminate\\Routing\\Middleware\\SubstituteBindings->handle(Object(Illuminate\\Http\\Request), Object(Closure))
#31 C:\\Users\\ana.abrantes\\Desktop\\projetos\\estagiarios\\estagiarios\\vendor\\laravel\\framework\\src\\Illuminate\\Foundation\\Http\\Middleware\\VerifyCsrfToken.php(78): Illuminate\\Pipeline\\Pipeline->Illuminate\\Pipeline\\{closure}(Object(Illuminate\\Http\\Request))
#32 C:\\Users\\ana.abrantes\\Desktop\\projetos\\estagiarios\\estagiarios\\vendor\\laravel\\framework\\src\\Illuminate\\Pipeline\\Pipeline.php(180): Illuminate\\Foundation\\Http\\Middleware\\VerifyCsrfToken->handle(Object(Illuminate\\Http\\Request), Object(Closure))
#33 C:\\Users\\ana.abrantes\\Desktop\\projetos\\estagiarios\\estagiarios\\vendor\\laravel\\framework\\src\\Illuminate\\View\\Middleware\\ShareErrorsFromSession.php(49): Illuminate\\Pipeline\\Pipeline->Illuminate\\Pipeline\\{closure}(Object(Illuminate\\Http\\Request))
#34 C:\\Users\\ana.abrantes\\Desktop\\projetos\\estagiarios\\estagiarios\\vendor\\laravel\\framework\\src\\Illuminate\\Pipeline\\Pipeline.php(180): Illuminate\\View\\Middleware\\ShareErrorsFromSession->handle(Object(Illuminate\\Http\\Request), Object(Closure))
#35 C:\\Users\\ana.abrantes\\Desktop\\projetos\\estagiarios\\estagiarios\\vendor\\laravel\\framework\\src\\Illuminate\\Session\\Middleware\\StartSession.php(121): Illuminate\\Pipeline\\Pipeline->Illuminate\\Pipeline\\{closure}(Object(Illuminate\\Http\\Request))
#36 C:\\Users\\ana.abrantes\\Desktop\\projetos\\estagiarios\\estagiarios\\vendor\\laravel\\framework\\src\\Illuminate\\Session\\Middleware\\StartSession.php(64): Illuminate\\Session\\Middleware\\StartSession->handleStatefulRequest(Object(Illuminate\\Http\\Request), Object(Illuminate\\Session\\Store), Object(Closure))
#37 C:\\Users\\ana.abrantes\\Desktop\\projetos\\estagiarios\\estagiarios\\vendor\\laravel\\framework\\src\\Illuminate\\Pipeline\\Pipeline.php(180): Illuminate\\Session\\Middleware\\StartSession->handle(Object(Illuminate\\Http\\Request), Object(Closure))
#38 C:\\Users\\ana.abrantes\\Desktop\\projetos\\estagiarios\\estagiarios\\vendor\\laravel\\framework\\src\\Illuminate\\Cookie\\Middleware\\AddQueuedCookiesToResponse.php(37): Illuminate\\Pipeline\\Pipeline->Illuminate\\Pipeline\\{closure}(Object(Illuminate\\Http\\Request))
#39 C:\\Users\\ana.abrantes\\Desktop\\projetos\\estagiarios\\estagiarios\\vendor\\laravel\\framework\\src\\Illuminate\\Pipeline\\Pipeline.php(180): Illuminate\\Cookie\\Middleware\\AddQueuedCookiesToResponse->handle(Object(Illuminate\\Http\\Request), Object(Closure))
#40 C:\\Users\\ana.abrantes\\Desktop\\projetos\\estagiarios\\estagiarios\\vendor\\laravel\\framework\\src\\Illuminate\\Cookie\\Middleware\\EncryptCookies.php(67): Illuminate\\Pipeline\\Pipeline->Illuminate\\Pipeline\\{closure}(Object(Illuminate\\Http\\Request))
#41 C:\\Users\\ana.abrantes\\Desktop\\projetos\\estagiarios\\estagiarios\\vendor\\laravel\\framework\\src\\Illuminate\\Pipeline\\Pipeline.php(180): Illuminate\\Cookie\\Middleware\\EncryptCookies->handle(Object(Illuminate\\Http\\Request), Object(Closure))
#42 C:\\Users\\ana.abrantes\\Desktop\\projetos\\estagiarios\\estagiarios\\vendor\\laravel\\framework\\src\\Illuminate\\Pipeline\\Pipeline.php(116): Illuminate\\Pipeline\\Pipeline->Illuminate\\Pipeline\\{closure}(Object(Illuminate\\Http\\Request))
#43 C:\\Users\\ana.abrantes\\Desktop\\projetos\\estagiarios\\estagiarios\\vendor\\laravel\\framework\\src\\Illuminate\\Routing\\Router.php(797): Illuminate\\Pipeline\\Pipeline->then(Object(Closure))
#44 C:\\Users\\ana.abrantes\\Desktop\\projetos\\estagiarios\\estagiarios\\vendor\\laravel\\framework\\src\\Illuminate\\Routing\\Router.php(776): Illuminate\\Routing\\Router->runRouteWithinStack(Object(Illuminate\\Routing\\Route), Object(Illuminate\\Http\\Request))
#45 C:\\Users\\ana.abrantes\\Desktop\\projetos\\estagiarios\\estagiarios\\vendor\\laravel\\framework\\src\\Illuminate\\Routing\\Router.php(740): Illuminate\\Routing\\Router->runRoute(Object(Illuminate\\Http\\Request), Object(Illuminate\\Routing\\Route))
#46 C:\\Users\\ana.abrantes\\Desktop\\projetos\\estagiarios\\estagiarios\\vendor\\laravel\\framework\\src\\Illuminate\\Routing\\Router.php(729): Illuminate\\Routing\\Router->dispatchToRoute(Object(Illuminate\\Http\\Request))
#47 C:\\Users\\ana.abrantes\\Desktop\\projetos\\estagiarios\\estagiarios\\vendor\\laravel\\framework\\src\\Illuminate\\Foundation\\Http\\Kernel.php(200): Illuminate\\Routing\\Router->dispatch(Object(Illuminate\\Http\\Request))
#48 C:\\Users\\ana.abrantes\\Desktop\\projetos\\estagiarios\\estagiarios\\vendor\\laravel\\framework\\src\\Illuminate\\Pipeline\\Pipeline.php(141): Illuminate\\Foundation\\Http\\Kernel->Illuminate\\Foundation\\Http\\{closure}(Object(Illuminate\\Http\\Request))
#49 C:\\Users\\ana.abrantes\\Desktop\\projetos\\estagiarios\\estagiarios\\vendor\\laravel\\framework\\src\\Illuminate\\Foundation\\Http\\Middleware\\TransformsRequest.php(21): Illuminate\\Pipeline\\Pipeline->Illuminate\\Pipeline\\{closure}(Object(Illuminate\\Http\\Request))
#50 C:\\Users\\ana.abrantes\\Desktop\\projetos\\estagiarios\\estagiarios\\vendor\\laravel\\framework\\src\\Illuminate\\Foundation\\Http\\Middleware\\ConvertEmptyStringsToNull.php(31): Illuminate\\Foundation\\Http\\Middleware\\TransformsRequest->handle(Object(Illuminate\\Http\\Request), Object(Closure))
#51 C:\\Users\\ana.abrantes\\Desktop\\projetos\\estagiarios\\estagiarios\\vendor\\laravel\\framework\\src\\Illuminate\\Pipeline\\Pipeline.php(180): Illuminate\\Foundation\\Http\\Middleware\\ConvertEmptyStringsToNull->handle(Object(Illuminate\\Http\\Request), Object(Closure))
#52 C:\\Users\\ana.abrantes\\Desktop\\projetos\\estagiarios\\estagiarios\\vendor\\laravel\\framework\\src\\Illuminate\\Foundation\\Http\\Middleware\\TransformsRequest.php(21): Illuminate\\Pipeline\\Pipeline->Illuminate\\Pipeline\\{closure}(Object(Illuminate\\Http\\Request))
#53 C:\\Users\\ana.abrantes\\Desktop\\projetos\\estagiarios\\estagiarios\\vendor\\laravel\\framework\\src\\Illuminate\\Foundation\\Http\\Middleware\\TrimStrings.php(40): Illuminate\\Foundation\\Http\\Middleware\\TransformsRequest->handle(Object(Illuminate\\Http\\Request), Object(Closure))
#54 C:\\Users\\ana.abrantes\\Desktop\\projetos\\estagiarios\\estagiarios\\vendor\\laravel\\framework\\src\\Illuminate\\Pipeline\\Pipeline.php(180): Illuminate\\Foundation\\Http\\Middleware\\TrimStrings->handle(Object(Illuminate\\Http\\Request), Object(Closure))
#55 C:\\Users\\ana.abrantes\\Desktop\\projetos\\estagiarios\\estagiarios\\vendor\\laravel\\framework\\src\\Illuminate\\Foundation\\Http\\Middleware\\ValidatePostSize.php(27): Illuminate\\Pipeline\\Pipeline->Illuminate\\Pipeline\\{closure}(Object(Illuminate\\Http\\Request))
#56 C:\\Users\\ana.abrantes\\Desktop\\projetos\\estagiarios\\estagiarios\\vendor\\laravel\\framework\\src\\Illuminate\\Pipeline\\Pipeline.php(180): Illuminate\\Foundation\\Http\\Middleware\\ValidatePostSize->handle(Object(Illuminate\\Http\\Request), Object(Closure))
#57 C:\\Users\\ana.abrantes\\Desktop\\projetos\\estagiarios\\estagiarios\\vendor\\laravel\\framework\\src\\Illuminate\\Foundation\\Http\\Middleware\\PreventRequestsDuringMaintenance.php(86): Illuminate\\Pipeline\\Pipeline->Illuminate\\Pipeline\\{closure}(Object(Illuminate\\Http\\Request))
#58 C:\\Users\\ana.abrantes\\Desktop\\projetos\\estagiarios\\estagiarios\\vendor\\laravel\\framework\\src\\Illuminate\\Pipeline\\Pipeline.php(180): Illuminate\\Foundation\\Http\\Middleware\\PreventRequestsDuringMaintenance->handle(Object(Illuminate\\Http\\Request), Object(Closure))
#59 C:\\Users\\ana.abrantes\\Desktop\\projetos\\estagiarios\\estagiarios\\vendor\\laravel\\framework\\src\\Illuminate\\Http\\Middleware\\HandleCors.php(49): Illuminate\\Pipeline\\Pipeline->Illuminate\\Pipeline\\{closure}(Object(Illuminate\\Http\\Request))
#60 C:\\Users\\ana.abrantes\\Desktop\\projetos\\estagiarios\\estagiarios\\vendor\\laravel\\framework\\src\\Illuminate\\Pipeline\\Pipeline.php(180): Illuminate\\Http\\Middleware\\HandleCors->handle(Object(Illuminate\\Http\\Request), Object(Closure))
#61 C:\\Users\\ana.abrantes\\Desktop\\projetos\\estagiarios\\estagiarios\\vendor\\laravel\\framework\\src\\Illuminate\\Http\\Middleware\\TrustProxies.php(39): Illuminate\\Pipeline\\Pipeline->Illuminate\\Pipeline\\{closure}(Object(Illuminate\\Http\\Request))
#62 C:\\Users\\ana.abrantes\\Desktop\\projetos\\estagiarios\\estagiarios\\vendor\\laravel\\framework\\src\\Illuminate\\Pipeline\\Pipeline.php(180): Illuminate\\Http\\Middleware\\TrustProxies->handle(Object(Illuminate\\Http\\Request), Object(Closure))
#63 C:\\Users\\ana.abrantes\\Desktop\\projetos\\estagiarios\\estagiarios\\vendor\\laravel\\framework\\src\\Illuminate\\Pipeline\\Pipeline.php(116): Illuminate\\Pipeline\\Pipeline->Illuminate\\Pipeline\\{closure}(Object(Illuminate\\Http\\Request))
#64 C:\\Users\\ana.abrantes\\Desktop\\projetos\\estagiarios\\estagiarios\\vendor\\laravel\\framework\\src\\Illuminate\\Foundation\\Http\\Kernel.php(175): Illuminate\\Pipeline\\Pipeline->then(Object(Closure))
#65 C:\\Users\\ana.abrantes\\Desktop\\projetos\\estagiarios\\estagiarios\\vendor\\laravel\\framework\\src\\Illuminate\\Foundation\\Http\\Kernel.php(144): Illuminate\\Foundation\\Http\\Kernel->sendRequestThroughRouter(Object(Illuminate\\Http\\Request))
#66 C:\\Users\\ana.abrantes\\Desktop\\projetos\\estagiarios\\estagiarios\\public\\index.php(51): Illuminate\\Foundation\\Http\\Kernel->handle(Object(Illuminate\\Http\\Request))
#67 C:\\Users\\ana.abrantes\\Desktop\\projetos\\estagiarios\\estagiarios\\vendor\\laravel\\framework\\src\\Illuminate\\Foundation\\resources\\server.php(16): require_once('C:\\\\Users\\\\ana.ab...')
#68 {main}
"} 
[2023-06-16 15:10:28] local.ERROR: Database file at path [database/estagiarios] does not exist. Ensure this is an absolute path to the database. (Connection: sqlite, SQL: PRAGMA foreign_keys = ON;) {"exception":"[object] (Illuminate\\Database\\QueryException(code: 0): Database file at path [database/estagiarios] does not exist. Ensure this is an absolute path to the database. (Connection: sqlite, SQL: PRAGMA foreign_keys = ON;) at C:\\Users\\ana.abrantes\\Desktop\\projetos\\estagiarios\\estagiarios\\vendor\\laravel\\framework\\src\\Illuminate\\Database\\Connection.php:793)
[stacktrace]
#0 C:\\Users\\ana.abrantes\\Desktop\\projetos\\estagiarios\\estagiarios\\vendor\\laravel\\framework\\src\\Illuminate\\Database\\Connection.php(753): Illuminate\\Database\\Connection->runQueryCallback('PRAGMA foreign_...', Array, Object(Closure))
#1 C:\\Users\\ana.abrantes\\Desktop\\projetos\\estagiarios\\estagiarios\\vendor\\laravel\\framework\\src\\Illuminate\\Database\\Connection.php(567): Illuminate\\Database\\Connection->run('PRAGMA foreign_...', Array, Object(Closure))
#2 C:\\Users\\ana.abrantes\\Desktop\\projetos\\estagiarios\\estagiarios\\vendor\\laravel\\framework\\src\\Illuminate\\Database\\Schema\\Builder.php(397): Illuminate\\Database\\Connection->statement('PRAGMA foreign_...')
#3 C:\\Users\\ana.abrantes\\Desktop\\projetos\\estagiarios\\estagiarios\\vendor\\laravel\\framework\\src\\Illuminate\\Database\\SQLiteConnection.php(35): Illuminate\\Database\\Schema\\Builder->enableForeignKeyConstraints()
#4 C:\\Users\\ana.abrantes\\Desktop\\projetos\\estagiarios\\estagiarios\\vendor\\laravel\\framework\\src\\Illuminate\\Database\\Connectors\\ConnectionFactory.php(272): Illuminate\\Database\\SQLiteConnection->__construct(Object(Closure), 'database/estagi...', '', Array)
#5 C:\\Users\\ana.abrantes\\Desktop\\projetos\\estagiarios\\estagiarios\\vendor\\laravel\\framework\\src\\Illuminate\\Database\\Connectors\\ConnectionFactory.php(75): Illuminate\\Database\\Connectors\\ConnectionFactory->createConnection('sqlite', Object(Closure), 'database/estagi...', '', Array)
#6 C:\\Users\\ana.abrantes\\Desktop\\projetos\\estagiarios\\estagiarios\\vendor\\laravel\\framework\\src\\Illuminate\\Database\\Connectors\\ConnectionFactory.php(50): Illuminate\\Database\\Connectors\\ConnectionFactory->createSingleConnection(Array)
#7 C:\\Users\\ana.abrantes\\Desktop\\projetos\\estagiarios\\estagiarios\\vendor\\laravel\\framework\\src\\Illuminate\\Database\\DatabaseManager.php(152): Illuminate\\Database\\Connectors\\ConnectionFactory->make(Array, 'sqlite')
#8 C:\\Users\\ana.abrantes\\Desktop\\projetos\\estagiarios\\estagiarios\\vendor\\laravel\\framework\\src\\Illuminate\\Database\\DatabaseManager.php(101): Illuminate\\Database\\DatabaseManager->makeConnection('sqlite')
#9 C:\\Users\\ana.abrantes\\Desktop\\projetos\\estagiarios\\estagiarios\\vendor\\laravel\\framework\\src\\Illuminate\\Database\\Eloquent\\Model.php(1820): Illuminate\\Database\\DatabaseManager->connection('sqlite')
#10 C:\\Users\\ana.abrantes\\Desktop\\projetos\\estagiarios\\estagiarios\\vendor\\laravel\\framework\\src\\Illuminate\\Database\\Eloquent\\Model.php(1786): Illuminate\\Database\\Eloquent\\Model::resolveConnection(NULL)
#11 C:\\Users\\ana.abrantes\\Desktop\\projetos\\estagiarios\\estagiarios\\vendor\\laravel\\framework\\src\\Illuminate\\Database\\Eloquent\\Model.php(1578): Illuminate\\Database\\Eloquent\\Model->getConnection()
#12 C:\\Users\\ana.abrantes\\Desktop\\projetos\\estagiarios\\estagiarios\\vendor\\laravel\\framework\\src\\Illuminate\\Database\\Eloquent\\Model.php(1497): Illuminate\\Database\\Eloquent\\Model->newBaseQueryBuilder()
#13 C:\\Users\\ana.abrantes\\Desktop\\projetos\\estagiarios\\estagiarios\\vendor\\laravel\\framework\\src\\Illuminate\\Database\\Eloquent\\Model.php(1533): Illuminate\\Database\\Eloquent\\Model->newModelQuery()
#14 C:\\Users\\ana.abrantes\\Desktop\\projetos\\estagiarios\\estagiarios\\vendor\\laravel\\framework\\src\\Illuminate\\Database\\Eloquent\\Model.php(1486): Illuminate\\Database\\Eloquent\\Model->newQueryWithoutScopes()
#15 C:\\Users\\ana.abrantes\\Desktop\\projetos\\estagiarios\\estagiarios\\vendor\\laravel\\framework\\src\\Illuminate\\Database\\Eloquent\\Model.php(1476): Illuminate\\Database\\Eloquent\\Model->newQuery()
#16 C:\\Users\\ana.abrantes\\Desktop\\projetos\\estagiarios\\estagiarios\\vendor\\laravel\\framework\\src\\Illuminate\\Database\\Eloquent\\Model.php(674): Illuminate\\Database\\Eloquent\\Model::query()
#17 C:\\Users\\ana.abrantes\\Desktop\\projetos\\estagiarios\\estagiarios\\app\\Http\\Controllers\\EstagiarioController.php(14): Illuminate\\Database\\Eloquent\\Model::all()
#18 C:\\Users\\ana.abrantes\\Desktop\\projetos\\estagiarios\\estagiarios\\vendor\\laravel\\framework\\src\\Illuminate\\Routing\\Controller.php(54): App\\Http\\Controllers\\EstagiarioController->index()
#19 C:\\Users\\ana.abrantes\\Desktop\\projetos\\estagiarios\\estagiarios\\vendor\\laravel\\framework\\src\\Illuminate\\Routing\\ControllerDispatcher.php(43): Illuminate\\Routing\\Controller->callAction('index', Array)
#20 C:\\Users\\ana.abrantes\\Desktop\\projetos\\estagiarios\\estagiarios\\vendor\\laravel\\framework\\src\\Illuminate\\Routing\\Route.php(259): Illuminate\\Routing\\ControllerDispatcher->dispatch(Object(Illuminate\\Routing\\Route), Object(App\\Http\\Controllers\\EstagiarioController), 'index')
#21 C:\\Users\\ana.abrantes\\Desktop\\projetos\\estagiarios\\estagiarios\\vendor\\laravel\\framework\\src\\Illuminate\\Routing\\Route.php(205): Illuminate\\Routing\\Route->runController()
#22 C:\\Users\\ana.abrantes\\Desktop\\projetos\\estagiarios\\estagiarios\\vendor\\laravel\\framework\\src\\Illuminate\\Routing\\Router.php(798): Illuminate\\Routing\\Route->run()
#23 C:\\Users\\ana.abrantes\\Desktop\\projetos\\estagiarios\\estagiarios\\vendor\\laravel\\framework\\src\\Illuminate\\Pipeline\\Pipeline.php(141): Illuminate\\Routing\\Router->Illuminate\\Routing\\{closure}(Object(Illuminate\\Http\\Request))
#24 C:\\Users\\ana.abrantes\\Desktop\\projetos\\estagiarios\\estagiarios\\vendor\\laravel\\framework\\src\\Illuminate\\Routing\\Middleware\\SubstituteBindings.php(50): Illuminate\\Pipeline\\Pipeline->Illuminate\\Pipeline\\{closure}(Object(Illuminate\\Http\\Request))
#25 C:\\Users\\ana.abrantes\\Desktop\\projetos\\estagiarios\\estagiarios\\vendor\\laravel\\framework\\src\\Illuminate\\Pipeline\\Pipeline.php(180): Illuminate\\Routing\\Middleware\\SubstituteBindings->handle(Object(Illuminate\\Http\\Request), Object(Closure))
#26 C:\\Users\\ana.abrantes\\Desktop\\projetos\\estagiarios\\estagiarios\\vendor\\laravel\\framework\\src\\Illuminate\\Foundation\\Http\\Middleware\\VerifyCsrfToken.php(78): Illuminate\\Pipeline\\Pipeline->Illuminate\\Pipeline\\{closure}(Object(Illuminate\\Http\\Request))
#27 C:\\Users\\ana.abrantes\\Desktop\\projetos\\estagiarios\\estagiarios\\vendor\\laravel\\framework\\src\\Illuminate\\Pipeline\\Pipeline.php(180): Illuminate\\Foundation\\Http\\Middleware\\VerifyCsrfToken->handle(Object(Illuminate\\Http\\Request), Object(Closure))
#28 C:\\Users\\ana.abrantes\\Desktop\\projetos\\estagiarios\\estagiarios\\vendor\\laravel\\framework\\src\\Illuminate\\View\\Middleware\\ShareErrorsFromSession.php(49): Illuminate\\Pipeline\\Pipeline->Illuminate\\Pipeline\\{closure}(Object(Illuminate\\Http\\Request))
#29 C:\\Users\\ana.abrantes\\Desktop\\projetos\\estagiarios\\estagiarios\\vendor\\laravel\\framework\\src\\Illuminate\\Pipeline\\Pipeline.php(180): Illuminate\\View\\Middleware\\ShareErrorsFromSession->handle(Object(Illuminate\\Http\\Request), Object(Closure))
#30 C:\\Users\\ana.abrantes\\Desktop\\projetos\\estagiarios\\estagiarios\\vendor\\laravel\\framework\\src\\Illuminate\\Session\\Middleware\\StartSession.php(121): Illuminate\\Pipeline\\Pipeline->Illuminate\\Pipeline\\{closure}(Object(Illuminate\\Http\\Request))
#31 C:\\Users\\ana.abrantes\\Desktop\\projetos\\estagiarios\\estagiarios\\vendor\\laravel\\framework\\src\\Illuminate\\Session\\Middleware\\StartSession.php(64): Illuminate\\Session\\Middleware\\StartSession->handleStatefulRequest(Object(Illuminate\\Http\\Request), Object(Illuminate\\Session\\Store), Object(Closure))
#32 C:\\Users\\ana.abrantes\\Desktop\\projetos\\estagiarios\\estagiarios\\vendor\\laravel\\framework\\src\\Illuminate\\Pipeline\\Pipeline.php(180): Illuminate\\Session\\Middleware\\StartSession->handle(Object(Illuminate\\Http\\Request), Object(Closure))
#33 C:\\Users\\ana.abrantes\\Desktop\\projetos\\estagiarios\\estagiarios\\vendor\\laravel\\framework\\src\\Illuminate\\Cookie\\Middleware\\AddQueuedCookiesToResponse.php(37): Illuminate\\Pipeline\\Pipeline->Illuminate\\Pipeline\\{closure}(Object(Illuminate\\Http\\Request))
#34 C:\\Users\\ana.abrantes\\Desktop\\projetos\\estagiarios\\estagiarios\\vendor\\laravel\\framework\\src\\Illuminate\\Pipeline\\Pipeline.php(180): Illuminate\\Cookie\\Middleware\\AddQueuedCookiesToResponse->handle(Object(Illuminate\\Http\\Request), Object(Closure))
#35 C:\\Users\\ana.abrantes\\Desktop\\projetos\\estagiarios\\estagiarios\\vendor\\laravel\\framework\\src\\Illuminate\\Cookie\\Middleware\\EncryptCookies.php(67): Illuminate\\Pipeline\\Pipeline->Illuminate\\Pipeline\\{closure}(Object(Illuminate\\Http\\Request))
#36 C:\\Users\\ana.abrantes\\Desktop\\projetos\\estagiarios\\estagiarios\\vendor\\laravel\\framework\\src\\Illuminate\\Pipeline\\Pipeline.php(180): Illuminate\\Cookie\\Middleware\\EncryptCookies->handle(Object(Illuminate\\Http\\Request), Object(Closure))
#37 C:\\Users\\ana.abrantes\\Desktop\\projetos\\estagiarios\\estagiarios\\vendor\\laravel\\framework\\src\\Illuminate\\Pipeline\\Pipeline.php(116): Illuminate\\Pipeline\\Pipeline->Illuminate\\Pipeline\\{closure}(Object(Illuminate\\Http\\Request))
#38 C:\\Users\\ana.abrantes\\Desktop\\projetos\\estagiarios\\estagiarios\\vendor\\laravel\\framework\\src\\Illuminate\\Routing\\Router.php(797): Illuminate\\Pipeline\\Pipeline->then(Object(Closure))
#39 C:\\Users\\ana.abrantes\\Desktop\\projetos\\estagiarios\\estagiarios\\vendor\\laravel\\framework\\src\\Illuminate\\Routing\\Router.php(776): Illuminate\\Routing\\Router->runRouteWithinStack(Object(Illuminate\\Routing\\Route), Object(Illuminate\\Http\\Request))
#40 C:\\Users\\ana.abrantes\\Desktop\\projetos\\estagiarios\\estagiarios\\vendor\\laravel\\framework\\src\\Illuminate\\Routing\\Router.php(740): Illuminate\\Routing\\Router->runRoute(Object(Illuminate\\Http\\Request), Object(Illuminate\\Routing\\Route))
#41 C:\\Users\\ana.abrantes\\Desktop\\projetos\\estagiarios\\estagiarios\\vendor\\laravel\\framework\\src\\Illuminate\\Routing\\Router.php(729): Illuminate\\Routing\\Router->dispatchToRoute(Object(Illuminate\\Http\\Request))
#42 C:\\Users\\ana.abrantes\\Desktop\\projetos\\estagiarios\\estagiarios\\vendor\\laravel\\framework\\src\\Illuminate\\Foundation\\Http\\Kernel.php(200): Illuminate\\Routing\\Router->dispatch(Object(Illuminate\\Http\\Request))
#43 C:\\Users\\ana.abrantes\\Desktop\\projetos\\estagiarios\\estagiarios\\vendor\\laravel\\framework\\src\\Illuminate\\Pipeline\\Pipeline.php(141): Illuminate\\Foundation\\Http\\Kernel->Illuminate\\Foundation\\Http\\{closure}(Object(Illuminate\\Http\\Request))
#44 C:\\Users\\ana.abrantes\\Desktop\\projetos\\estagiarios\\estagiarios\\vendor\\laravel\\framework\\src\\Illuminate\\Foundation\\Http\\Middleware\\TransformsRequest.php(21): Illuminate\\Pipeline\\Pipeline->Illuminate\\Pipeline\\{closure}(Object(Illuminate\\Http\\Request))
#45 C:\\Users\\ana.abrantes\\Desktop\\projetos\\estagiarios\\estagiarios\\vendor\\laravel\\framework\\src\\Illuminate\\Foundation\\Http\\Middleware\\ConvertEmptyStringsToNull.php(31): Illuminate\\Foundation\\Http\\Middleware\\TransformsRequest->handle(Object(Illuminate\\Http\\Request), Object(Closure))
#46 C:\\Users\\ana.abrantes\\Desktop\\projetos\\estagiarios\\estagiarios\\vendor\\laravel\\framework\\src\\Illuminate\\Pipeline\\Pipeline.php(180): Illuminate\\Foundation\\Http\\Middleware\\ConvertEmptyStringsToNull->handle(Object(Illuminate\\Http\\Request), Object(Closure))
#47 C:\\Users\\ana.abrantes\\Desktop\\projetos\\estagiarios\\estagiarios\\vendor\\laravel\\framework\\src\\Illuminate\\Foundation\\Http\\Middleware\\TransformsRequest.php(21): Illuminate\\Pipeline\\Pipeline->Illuminate\\Pipeline\\{closure}(Object(Illuminate\\Http\\Request))
#48 C:\\Users\\ana.abrantes\\Desktop\\projetos\\estagiarios\\estagiarios\\vendor\\laravel\\framework\\src\\Illuminate\\Foundation\\Http\\Middleware\\TrimStrings.php(40): Illuminate\\Foundation\\Http\\Middleware\\TransformsRequest->handle(Object(Illuminate\\Http\\Request), Object(Closure))
#49 C:\\Users\\ana.abrantes\\Desktop\\projetos\\estagiarios\\estagiarios\\vendor\\laravel\\framework\\src\\Illuminate\\Pipeline\\Pipeline.php(180): Illuminate\\Foundation\\Http\\Middleware\\TrimStrings->handle(Object(Illuminate\\Http\\Request), Object(Closure))
#50 C:\\Users\\ana.abrantes\\Desktop\\projetos\\estagiarios\\estagiarios\\vendor\\laravel\\framework\\src\\Illuminate\\Foundation\\Http\\Middleware\\ValidatePostSize.php(27): Illuminate\\Pipeline\\Pipeline->Illuminate\\Pipeline\\{closure}(Object(Illuminate\\Http\\Request))
#51 C:\\Users\\ana.abrantes\\Desktop\\projetos\\estagiarios\\estagiarios\\vendor\\laravel\\framework\\src\\Illuminate\\Pipeline\\Pipeline.php(180): Illuminate\\Foundation\\Http\\Middleware\\ValidatePostSize->handle(Object(Illuminate\\Http\\Request), Object(Closure))
#52 C:\\Users\\ana.abrantes\\Desktop\\projetos\\estagiarios\\estagiarios\\vendor\\laravel\\framework\\src\\Illuminate\\Foundation\\Http\\Middleware\\PreventRequestsDuringMaintenance.php(86): Illuminate\\Pipeline\\Pipeline->Illuminate\\Pipeline\\{closure}(Object(Illuminate\\Http\\Request))
#53 C:\\Users\\ana.abrantes\\Desktop\\projetos\\estagiarios\\estagiarios\\vendor\\laravel\\framework\\src\\Illuminate\\Pipeline\\Pipeline.php(180): Illuminate\\Foundation\\Http\\Middleware\\PreventRequestsDuringMaintenance->handle(Object(Illuminate\\Http\\Request), Object(Closure))
#54 C:\\Users\\ana.abrantes\\Desktop\\projetos\\estagiarios\\estagiarios\\vendor\\laravel\\framework\\src\\Illuminate\\Http\\Middleware\\HandleCors.php(49): Illuminate\\Pipeline\\Pipeline->Illuminate\\Pipeline\\{closure}(Object(Illuminate\\Http\\Request))
#55 C:\\Users\\ana.abrantes\\Desktop\\projetos\\estagiarios\\estagiarios\\vendor\\laravel\\framework\\src\\Illuminate\\Pipeline\\Pipeline.php(180): Illuminate\\Http\\Middleware\\HandleCors->handle(Object(Illuminate\\Http\\Request), Object(Closure))
#56 C:\\Users\\ana.abrantes\\Desktop\\projetos\\estagiarios\\estagiarios\\vendor\\laravel\\framework\\src\\Illuminate\\Http\\Middleware\\TrustProxies.php(39): Illuminate\\Pipeline\\Pipeline->Illuminate\\Pipeline\\{closure}(Object(Illuminate\\Http\\Request))
#57 C:\\Users\\ana.abrantes\\Desktop\\projetos\\estagiarios\\estagiarios\\vendor\\laravel\\framework\\src\\Illuminate\\Pipeline\\Pipeline.php(180): Illuminate\\Http\\Middleware\\TrustProxies->handle(Object(Illuminate\\Http\\Request), Object(Closure))
#58 C:\\Users\\ana.abrantes\\Desktop\\projetos\\estagiarios\\estagiarios\\vendor\\laravel\\framework\\src\\Illuminate\\Pipeline\\Pipeline.php(116): Illuminate\\Pipeline\\Pipeline->Illuminate\\Pipeline\\{closure}(Object(Illuminate\\Http\\Request))
#59 C:\\Users\\ana.abrantes\\Desktop\\projetos\\estagiarios\\estagiarios\\vendor\\laravel\\framework\\src\\Illuminate\\Foundation\\Http\\Kernel.php(175): Illuminate\\Pipeline\\Pipeline->then(Object(Closure))
#60 C:\\Users\\ana.abrantes\\Desktop\\projetos\\estagiarios\\estagiarios\\vendor\\laravel\\framework\\src\\Illuminate\\Foundation\\Http\\Kernel.php(144): Illuminate\\Foundation\\Http\\Kernel->sendRequestThroughRouter(Object(Illuminate\\Http\\Request))
#61 C:\\Users\\ana.abrantes\\Desktop\\projetos\\estagiarios\\estagiarios\\public\\index.php(51): Illuminate\\Foundation\\Http\\Kernel->handle(Object(Illuminate\\Http\\Request))
#62 C:\\Users\\ana.abrantes\\Desktop\\projetos\\estagiarios\\estagiarios\\vendor\\laravel\\framework\\src\\Illuminate\\Foundation\\resources\\server.php(16): require_once('C:\\\\Users\\\\ana.ab...')
#63 {main}

[previous exception] [object] (Illuminate\\Database\\SQLiteDatabaseDoesNotExistException(code: 0): Database file at path [database/estagiarios] does not exist. Ensure this is an absolute path to the database. at C:\\Users\\ana.abrantes\\Desktop\\projetos\\estagiarios\\estagiarios\\vendor\\laravel\\framework\\src\\Illuminate\\Database\\Connectors\\SQLiteConnector.php:34)
[stacktrace]
#0 C:\\Users\\ana.abrantes\\Desktop\\projetos\\estagiarios\\estagiarios\\vendor\\laravel\\framework\\src\\Illuminate\\Database\\Connectors\\ConnectionFactory.php(221): Illuminate\\Database\\Connectors\\SQLiteConnector->connect(Array)
#1 [internal function]: Illuminate\\Database\\Connectors\\ConnectionFactory->Illuminate\\Database\\Connectors\\{closure}()
#2 C:\\Users\\ana.abrantes\\Desktop\\projetos\\estagiarios\\estagiarios\\vendor\\laravel\\framework\\src\\Illuminate\\Database\\Connection.php(1210): call_user_func(Object(Closure))
#3 C:\\Users\\ana.abrantes\\Desktop\\projetos\\estagiarios\\estagiarios\\vendor\\laravel\\framework\\src\\Illuminate\\Database\\Connection.php(572): Illuminate\\Database\\Connection->getPdo()
#4 C:\\Users\\ana.abrantes\\Desktop\\projetos\\estagiarios\\estagiarios\\vendor\\laravel\\framework\\src\\Illuminate\\Database\\Connection.php(786): Illuminate\\Database\\Connection->Illuminate\\Database\\{closure}('PRAGMA foreign_...', Array)
#5 C:\\Users\\ana.abrantes\\Desktop\\projetos\\estagiarios\\estagiarios\\vendor\\laravel\\framework\\src\\Illuminate\\Database\\Connection.php(753): Illuminate\\Database\\Connection->runQueryCallback('PRAGMA foreign_...', Array, Object(Closure))
#6 C:\\Users\\ana.abrantes\\Desktop\\projetos\\estagiarios\\estagiarios\\vendor\\laravel\\framework\\src\\Illuminate\\Database\\Connection.php(567): Illuminate\\Database\\Connection->run('PRAGMA foreign_...', Array, Object(Closure))
#7 C:\\Users\\ana.abrantes\\Desktop\\projetos\\estagiarios\\estagiarios\\vendor\\laravel\\framework\\src\\Illuminate\\Database\\Schema\\Builder.php(397): Illuminate\\Database\\Connection->statement('PRAGMA foreign_...')
#8 C:\\Users\\ana.abrantes\\Desktop\\projetos\\estagiarios\\estagiarios\\vendor\\laravel\\framework\\src\\Illuminate\\Database\\SQLiteConnection.php(35): Illuminate\\Database\\Schema\\Builder->enableForeignKeyConstraints()
#9 C:\\Users\\ana.abrantes\\Desktop\\projetos\\estagiarios\\estagiarios\\vendor\\laravel\\framework\\src\\Illuminate\\Database\\Connectors\\ConnectionFactory.php(272): Illuminate\\Database\\SQLiteConnection->__construct(Object(Closure), 'database/estagi...', '', Array)
#10 C:\\Users\\ana.abrantes\\Desktop\\projetos\\estagiarios\\estagiarios\\vendor\\laravel\\framework\\src\\Illuminate\\Database\\Connectors\\ConnectionFactory.php(75): Illuminate\\Database\\Connectors\\ConnectionFactory->createConnection('sqlite', Object(Closure), 'database/estagi...', '', Array)
#11 C:\\Users\\ana.abrantes\\Desktop\\projetos\\estagiarios\\estagiarios\\vendor\\laravel\\framework\\src\\Illuminate\\Database\\Connectors\\ConnectionFactory.php(50): Illuminate\\Database\\Connectors\\ConnectionFactory->createSingleConnection(Array)
#12 C:\\Users\\ana.abrantes\\Desktop\\projetos\\estagiarios\\estagiarios\\vendor\\laravel\\framework\\src\\Illuminate\\Database\\DatabaseManager.php(152): Illuminate\\Database\\Connectors\\ConnectionFactory->make(Array, 'sqlite')
#13 C:\\Users\\ana.abrantes\\Desktop\\projetos\\estagiarios\\estagiarios\\vendor\\laravel\\framework\\src\\Illuminate\\Database\\DatabaseManager.php(101): Illuminate\\Database\\DatabaseManager->makeConnection('sqlite')
#14 C:\\Users\\ana.abrantes\\Desktop\\projetos\\estagiarios\\estagiarios\\vendor\\laravel\\framework\\src\\Illuminate\\Database\\Eloquent\\Model.php(1820): Illuminate\\Database\\DatabaseManager->connection('sqlite')
#15 C:\\Users\\ana.abrantes\\Desktop\\projetos\\estagiarios\\estagiarios\\vendor\\laravel\\framework\\src\\Illuminate\\Database\\Eloquent\\Model.php(1786): Illuminate\\Database\\Eloquent\\Model::resolveConnection(NULL)
#16 C:\\Users\\ana.abrantes\\Desktop\\projetos\\estagiarios\\estagiarios\\vendor\\laravel\\framework\\src\\Illuminate\\Database\\Eloquent\\Model.php(1578): Illuminate\\Database\\Eloquent\\Model->getConnection()
#17 C:\\Users\\ana.abrantes\\Desktop\\projetos\\estagiarios\\estagiarios\\vendor\\laravel\\framework\\src\\Illuminate\\Database\\Eloquent\\Model.php(1497): Illuminate\\Database\\Eloquent\\Model->newBaseQueryBuilder()
#18 C:\\Users\\ana.abrantes\\Desktop\\projetos\\estagiarios\\estagiarios\\vendor\\laravel\\framework\\src\\Illuminate\\Database\\Eloquent\\Model.php(1533): Illuminate\\Database\\Eloquent\\Model->newModelQuery()
#19 C:\\Users\\ana.abrantes\\Desktop\\projetos\\estagiarios\\estagiarios\\vendor\\laravel\\framework\\src\\Illuminate\\Database\\Eloquent\\Model.php(1486): Illuminate\\Database\\Eloquent\\Model->newQueryWithoutScopes()
#20 C:\\Users\\ana.abrantes\\Desktop\\projetos\\estagiarios\\estagiarios\\vendor\\laravel\\framework\\src\\Illuminate\\Database\\Eloquent\\Model.php(1476): Illuminate\\Database\\Eloquent\\Model->newQuery()
#21 C:\\Users\\ana.abrantes\\Desktop\\projetos\\estagiarios\\estagiarios\\vendor\\laravel\\framework\\src\\Illuminate\\Database\\Eloquent\\Model.php(674): Illuminate\\Database\\Eloquent\\Model::query()
#22 C:\\Users\\ana.abrantes\\Desktop\\projetos\\estagiarios\\estagiarios\\app\\Http\\Controllers\\EstagiarioController.php(14): Illuminate\\Database\\Eloquent\\Model::all()
#23 C:\\Users\\ana.abrantes\\Desktop\\projetos\\estagiarios\\estagiarios\\vendor\\laravel\\framework\\src\\Illuminate\\Routing\\Controller.php(54): App\\Http\\Controllers\\EstagiarioController->index()
#24 C:\\Users\\ana.abrantes\\Desktop\\projetos\\estagiarios\\estagiarios\\vendor\\laravel\\framework\\src\\Illuminate\\Routing\\ControllerDispatcher.php(43): Illuminate\\Routing\\Controller->callAction('index', Array)
#25 C:\\Users\\ana.abrantes\\Desktop\\projetos\\estagiarios\\estagiarios\\vendor\\laravel\\framework\\src\\Illuminate\\Routing\\Route.php(259): Illuminate\\Routing\\ControllerDispatcher->dispatch(Object(Illuminate\\Routing\\Route), Object(App\\Http\\Controllers\\EstagiarioController), 'index')
#26 C:\\Users\\ana.abrantes\\Desktop\\projetos\\estagiarios\\estagiarios\\vendor\\laravel\\framework\\src\\Illuminate\\Routing\\Route.php(205): Illuminate\\Routing\\Route->runController()
#27 C:\\Users\\ana.abrantes\\Desktop\\projetos\\estagiarios\\estagiarios\\vendor\\laravel\\framework\\src\\Illuminate\\Routing\\Router.php(798): Illuminate\\Routing\\Route->run()
#28 C:\\Users\\ana.abrantes\\Desktop\\projetos\\estagiarios\\estagiarios\\vendor\\laravel\\framework\\src\\Illuminate\\Pipeline\\Pipeline.php(141): Illuminate\\Routing\\Router->Illuminate\\Routing\\{closure}(Object(Illuminate\\Http\\Request))
#29 C:\\Users\\ana.abrantes\\Desktop\\projetos\\estagiarios\\estagiarios\\vendor\\laravel\\framework\\src\\Illuminate\\Routing\\Middleware\\SubstituteBindings.php(50): Illuminate\\Pipeline\\Pipeline->Illuminate\\Pipeline\\{closure}(Object(Illuminate\\Http\\Request))
#30 C:\\Users\\ana.abrantes\\Desktop\\projetos\\estagiarios\\estagiarios\\vendor\\laravel\\framework\\src\\Illuminate\\Pipeline\\Pipeline.php(180): Illuminate\\Routing\\Middleware\\SubstituteBindings->handle(Object(Illuminate\\Http\\Request), Object(Closure))
#31 C:\\Users\\ana.abrantes\\Desktop\\projetos\\estagiarios\\estagiarios\\vendor\\laravel\\framework\\src\\Illuminate\\Foundation\\Http\\Middleware\\VerifyCsrfToken.php(78): Illuminate\\Pipeline\\Pipeline->Illuminate\\Pipeline\\{closure}(Object(Illuminate\\Http\\Request))
#32 C:\\Users\\ana.abrantes\\Desktop\\projetos\\estagiarios\\estagiarios\\vendor\\laravel\\framework\\src\\Illuminate\\Pipeline\\Pipeline.php(180): Illuminate\\Foundation\\Http\\Middleware\\VerifyCsrfToken->handle(Object(Illuminate\\Http\\Request), Object(Closure))
#33 C:\\Users\\ana.abrantes\\Desktop\\projetos\\estagiarios\\estagiarios\\vendor\\laravel\\framework\\src\\Illuminate\\View\\Middleware\\ShareErrorsFromSession.php(49): Illuminate\\Pipeline\\Pipeline->Illuminate\\Pipeline\\{closure}(Object(Illuminate\\Http\\Request))
#34 C:\\Users\\ana.abrantes\\Desktop\\projetos\\estagiarios\\estagiarios\\vendor\\laravel\\framework\\src\\Illuminate\\Pipeline\\Pipeline.php(180): Illuminate\\View\\Middleware\\ShareErrorsFromSession->handle(Object(Illuminate\\Http\\Request), Object(Closure))
#35 C:\\Users\\ana.abrantes\\Desktop\\projetos\\estagiarios\\estagiarios\\vendor\\laravel\\framework\\src\\Illuminate\\Session\\Middleware\\StartSession.php(121): Illuminate\\Pipeline\\Pipeline->Illuminate\\Pipeline\\{closure}(Object(Illuminate\\Http\\Request))
#36 C:\\Users\\ana.abrantes\\Desktop\\projetos\\estagiarios\\estagiarios\\vendor\\laravel\\framework\\src\\Illuminate\\Session\\Middleware\\StartSession.php(64): Illuminate\\Session\\Middleware\\StartSession->handleStatefulRequest(Object(Illuminate\\Http\\Request), Object(Illuminate\\Session\\Store), Object(Closure))
#37 C:\\Users\\ana.abrantes\\Desktop\\projetos\\estagiarios\\estagiarios\\vendor\\laravel\\framework\\src\\Illuminate\\Pipeline\\Pipeline.php(180): Illuminate\\Session\\Middleware\\StartSession->handle(Object(Illuminate\\Http\\Request), Object(Closure))
#38 C:\\Users\\ana.abrantes\\Desktop\\projetos\\estagiarios\\estagiarios\\vendor\\laravel\\framework\\src\\Illuminate\\Cookie\\Middleware\\AddQueuedCookiesToResponse.php(37): Illuminate\\Pipeline\\Pipeline->Illuminate\\Pipeline\\{closure}(Object(Illuminate\\Http\\Request))
#39 C:\\Users\\ana.abrantes\\Desktop\\projetos\\estagiarios\\estagiarios\\vendor\\laravel\\framework\\src\\Illuminate\\Pipeline\\Pipeline.php(180): Illuminate\\Cookie\\Middleware\\AddQueuedCookiesToResponse->handle(Object(Illuminate\\Http\\Request), Object(Closure))
#40 C:\\Users\\ana.abrantes\\Desktop\\projetos\\estagiarios\\estagiarios\\vendor\\laravel\\framework\\src\\Illuminate\\Cookie\\Middleware\\EncryptCookies.php(67): Illuminate\\Pipeline\\Pipeline->Illuminate\\Pipeline\\{closure}(Object(Illuminate\\Http\\Request))
#41 C:\\Users\\ana.abrantes\\Desktop\\projetos\\estagiarios\\estagiarios\\vendor\\laravel\\framework\\src\\Illuminate\\Pipeline\\Pipeline.php(180): Illuminate\\Cookie\\Middleware\\EncryptCookies->handle(Object(Illuminate\\Http\\Request), Object(Closure))
#42 C:\\Users\\ana.abrantes\\Desktop\\projetos\\estagiarios\\estagiarios\\vendor\\laravel\\framework\\src\\Illuminate\\Pipeline\\Pipeline.php(116): Illuminate\\Pipeline\\Pipeline->Illuminate\\Pipeline\\{closure}(Object(Illuminate\\Http\\Request))
#43 C:\\Users\\ana.abrantes\\Desktop\\projetos\\estagiarios\\estagiarios\\vendor\\laravel\\framework\\src\\Illuminate\\Routing\\Router.php(797): Illuminate\\Pipeline\\Pipeline->then(Object(Closure))
#44 C:\\Users\\ana.abrantes\\Desktop\\projetos\\estagiarios\\estagiarios\\vendor\\laravel\\framework\\src\\Illuminate\\Routing\\Router.php(776): Illuminate\\Routing\\Router->runRouteWithinStack(Object(Illuminate\\Routing\\Route), Object(Illuminate\\Http\\Request))
#45 C:\\Users\\ana.abrantes\\Desktop\\projetos\\estagiarios\\estagiarios\\vendor\\laravel\\framework\\src\\Illuminate\\Routing\\Router.php(740): Illuminate\\Routing\\Router->runRoute(Object(Illuminate\\Http\\Request), Object(Illuminate\\Routing\\Route))
#46 C:\\Users\\ana.abrantes\\Desktop\\projetos\\estagiarios\\estagiarios\\vendor\\laravel\\framework\\src\\Illuminate\\Routing\\Router.php(729): Illuminate\\Routing\\Router->dispatchToRoute(Object(Illuminate\\Http\\Request))
#47 C:\\Users\\ana.abrantes\\Desktop\\projetos\\estagiarios\\estagiarios\\vendor\\laravel\\framework\\src\\Illuminate\\Foundation\\Http\\Kernel.php(200): Illuminate\\Routing\\Router->dispatch(Object(Illuminate\\Http\\Request))
#48 C:\\Users\\ana.abrantes\\Desktop\\projetos\\estagiarios\\estagiarios\\vendor\\laravel\\framework\\src\\Illuminate\\Pipeline\\Pipeline.php(141): Illuminate\\Foundation\\Http\\Kernel->Illuminate\\Foundation\\Http\\{closure}(Object(Illuminate\\Http\\Request))
#49 C:\\Users\\ana.abrantes\\Desktop\\projetos\\estagiarios\\estagiarios\\vendor\\laravel\\framework\\src\\Illuminate\\Foundation\\Http\\Middleware\\TransformsRequest.php(21): Illuminate\\Pipeline\\Pipeline->Illuminate\\Pipeline\\{closure}(Object(Illuminate\\Http\\Request))
#50 C:\\Users\\ana.abrantes\\Desktop\\projetos\\estagiarios\\estagiarios\\vendor\\laravel\\framework\\src\\Illuminate\\Foundation\\Http\\Middleware\\ConvertEmptyStringsToNull.php(31): Illuminate\\Foundation\\Http\\Middleware\\TransformsRequest->handle(Object(Illuminate\\Http\\Request), Object(Closure))
#51 C:\\Users\\ana.abrantes\\Desktop\\projetos\\estagiarios\\estagiarios\\vendor\\laravel\\framework\\src\\Illuminate\\Pipeline\\Pipeline.php(180): Illuminate\\Foundation\\Http\\Middleware\\ConvertEmptyStringsToNull->handle(Object(Illuminate\\Http\\Request), Object(Closure))
#52 C:\\Users\\ana.abrantes\\Desktop\\projetos\\estagiarios\\estagiarios\\vendor\\laravel\\framework\\src\\Illuminate\\Foundation\\Http\\Middleware\\TransformsRequest.php(21): Illuminate\\Pipeline\\Pipeline->Illuminate\\Pipeline\\{closure}(Object(Illuminate\\Http\\Request))
#53 C:\\Users\\ana.abrantes\\Desktop\\projetos\\estagiarios\\estagiarios\\vendor\\laravel\\framework\\src\\Illuminate\\Foundation\\Http\\Middleware\\TrimStrings.php(40): Illuminate\\Foundation\\Http\\Middleware\\TransformsRequest->handle(Object(Illuminate\\Http\\Request), Object(Closure))
#54 C:\\Users\\ana.abrantes\\Desktop\\projetos\\estagiarios\\estagiarios\\vendor\\laravel\\framework\\src\\Illuminate\\Pipeline\\Pipeline.php(180): Illuminate\\Foundation\\Http\\Middleware\\TrimStrings->handle(Object(Illuminate\\Http\\Request), Object(Closure))
#55 C:\\Users\\ana.abrantes\\Desktop\\projetos\\estagiarios\\estagiarios\\vendor\\laravel\\framework\\src\\Illuminate\\Foundation\\Http\\Middleware\\ValidatePostSize.php(27): Illuminate\\Pipeline\\Pipeline->Illuminate\\Pipeline\\{closure}(Object(Illuminate\\Http\\Request))
#56 C:\\Users\\ana.abrantes\\Desktop\\projetos\\estagiarios\\estagiarios\\vendor\\laravel\\framework\\src\\Illuminate\\Pipeline\\Pipeline.php(180): Illuminate\\Foundation\\Http\\Middleware\\ValidatePostSize->handle(Object(Illuminate\\Http\\Request), Object(Closure))
#57 C:\\Users\\ana.abrantes\\Desktop\\projetos\\estagiarios\\estagiarios\\vendor\\laravel\\framework\\src\\Illuminate\\Foundation\\Http\\Middleware\\PreventRequestsDuringMaintenance.php(86): Illuminate\\Pipeline\\Pipeline->Illuminate\\Pipeline\\{closure}(Object(Illuminate\\Http\\Request))
#58 C:\\Users\\ana.abrantes\\Desktop\\projetos\\estagiarios\\estagiarios\\vendor\\laravel\\framework\\src\\Illuminate\\Pipeline\\Pipeline.php(180): Illuminate\\Foundation\\Http\\Middleware\\PreventRequestsDuringMaintenance->handle(Object(Illuminate\\Http\\Request), Object(Closure))
#59 C:\\Users\\ana.abrantes\\Desktop\\projetos\\estagiarios\\estagiarios\\vendor\\laravel\\framework\\src\\Illuminate\\Http\\Middleware\\HandleCors.php(49): Illuminate\\Pipeline\\Pipeline->Illuminate\\Pipeline\\{closure}(Object(Illuminate\\Http\\Request))
#60 C:\\Users\\ana.abrantes\\Desktop\\projetos\\estagiarios\\estagiarios\\vendor\\laravel\\framework\\src\\Illuminate\\Pipeline\\Pipeline.php(180): Illuminate\\Http\\Middleware\\HandleCors->handle(Object(Illuminate\\Http\\Request), Object(Closure))
#61 C:\\Users\\ana.abrantes\\Desktop\\projetos\\estagiarios\\estagiarios\\vendor\\laravel\\framework\\src\\Illuminate\\Http\\Middleware\\TrustProxies.php(39): Illuminate\\Pipeline\\Pipeline->Illuminate\\Pipeline\\{closure}(Object(Illuminate\\Http\\Request))
#62 C:\\Users\\ana.abrantes\\Desktop\\projetos\\estagiarios\\estagiarios\\vendor\\laravel\\framework\\src\\Illuminate\\Pipeline\\Pipeline.php(180): Illuminate\\Http\\Middleware\\TrustProxies->handle(Object(Illuminate\\Http\\Request), Object(Closure))
#63 C:\\Users\\ana.abrantes\\Desktop\\projetos\\estagiarios\\estagiarios\\vendor\\laravel\\framework\\src\\Illuminate\\Pipeline\\Pipeline.php(116): Illuminate\\Pipeline\\Pipeline->Illuminate\\Pipeline\\{closure}(Object(Illuminate\\Http\\Request))
#64 C:\\Users\\ana.abrantes\\Desktop\\projetos\\estagiarios\\estagiarios\\vendor\\laravel\\framework\\src\\Illuminate\\Foundation\\Http\\Kernel.php(175): Illuminate\\Pipeline\\Pipeline->then(Object(Closure))
#65 C:\\Users\\ana.abrantes\\Desktop\\projetos\\estagiarios\\estagiarios\\vendor\\laravel\\framework\\src\\Illuminate\\Foundation\\Http\\Kernel.php(144): Illuminate\\Foundation\\Http\\Kernel->sendRequestThroughRouter(Object(Illuminate\\Http\\Request))
#66 C:\\Users\\ana.abrantes\\Desktop\\projetos\\estagiarios\\estagiarios\\public\\index.php(51): Illuminate\\Foundation\\Http\\Kernel->handle(Object(Illuminate\\Http\\Request))
#67 C:\\Users\\ana.abrantes\\Desktop\\projetos\\estagiarios\\estagiarios\\vendor\\laravel\\framework\\src\\Illuminate\\Foundation\\resources\\server.php(16): require_once('C:\\\\Users\\\\ana.ab...')
#68 {main}
"} 
[2023-06-16 15:11:34] local.ERROR: Database file at path [estagiarios] does not exist. Ensure this is an absolute path to the database. (Connection: sqlite, SQL: PRAGMA foreign_keys = ON;) {"exception":"[object] (Illuminate\\Database\\QueryException(code: 0): Database file at path [estagiarios] does not exist. Ensure this is an absolute path to the database. (Connection: sqlite, SQL: PRAGMA foreign_keys = ON;) at C:\\Users\\ana.abrantes\\Desktop\\projetos\\estagiarios\\estagiarios\\vendor\\laravel\\framework\\src\\Illuminate\\Database\\Connection.php:793)
[stacktrace]
#0 C:\\Users\\ana.abrantes\\Desktop\\projetos\\estagiarios\\estagiarios\\vendor\\laravel\\framework\\src\\Illuminate\\Database\\Connection.php(753): Illuminate\\Database\\Connection->runQueryCallback('PRAGMA foreign_...', Array, Object(Closure))
#1 C:\\Users\\ana.abrantes\\Desktop\\projetos\\estagiarios\\estagiarios\\vendor\\laravel\\framework\\src\\Illuminate\\Database\\Connection.php(567): Illuminate\\Database\\Connection->run('PRAGMA foreign_...', Array, Object(Closure))
#2 C:\\Users\\ana.abrantes\\Desktop\\projetos\\estagiarios\\estagiarios\\vendor\\laravel\\framework\\src\\Illuminate\\Database\\Schema\\Builder.php(397): Illuminate\\Database\\Connection->statement('PRAGMA foreign_...')
#3 C:\\Users\\ana.abrantes\\Desktop\\projetos\\estagiarios\\estagiarios\\vendor\\laravel\\framework\\src\\Illuminate\\Database\\SQLiteConnection.php(35): Illuminate\\Database\\Schema\\Builder->enableForeignKeyConstraints()
#4 C:\\Users\\ana.abrantes\\Desktop\\projetos\\estagiarios\\estagiarios\\vendor\\laravel\\framework\\src\\Illuminate\\Database\\Connectors\\ConnectionFactory.php(272): Illuminate\\Database\\SQLiteConnection->__construct(Object(Closure), 'estagiarios', '', Array)
#5 C:\\Users\\ana.abrantes\\Desktop\\projetos\\estagiarios\\estagiarios\\vendor\\laravel\\framework\\src\\Illuminate\\Database\\Connectors\\ConnectionFactory.php(75): Illuminate\\Database\\Connectors\\ConnectionFactory->createConnection('sqlite', Object(Closure), 'estagiarios', '', Array)
#6 C:\\Users\\ana.abrantes\\Desktop\\projetos\\estagiarios\\estagiarios\\vendor\\laravel\\framework\\src\\Illuminate\\Database\\Connectors\\ConnectionFactory.php(50): Illuminate\\Database\\Connectors\\ConnectionFactory->createSingleConnection(Array)
#7 C:\\Users\\ana.abrantes\\Desktop\\projetos\\estagiarios\\estagiarios\\vendor\\laravel\\framework\\src\\Illuminate\\Database\\DatabaseManager.php(152): Illuminate\\Database\\Connectors\\ConnectionFactory->make(Array, 'sqlite')
#8 C:\\Users\\ana.abrantes\\Desktop\\projetos\\estagiarios\\estagiarios\\vendor\\laravel\\framework\\src\\Illuminate\\Database\\DatabaseManager.php(101): Illuminate\\Database\\DatabaseManager->makeConnection('sqlite')
#9 C:\\Users\\ana.abrantes\\Desktop\\projetos\\estagiarios\\estagiarios\\vendor\\laravel\\framework\\src\\Illuminate\\Database\\Eloquent\\Model.php(1820): Illuminate\\Database\\DatabaseManager->connection('sqlite')
#10 C:\\Users\\ana.abrantes\\Desktop\\projetos\\estagiarios\\estagiarios\\vendor\\laravel\\framework\\src\\Illuminate\\Database\\Eloquent\\Model.php(1786): Illuminate\\Database\\Eloquent\\Model::resolveConnection(NULL)
#11 C:\\Users\\ana.abrantes\\Desktop\\projetos\\estagiarios\\estagiarios\\vendor\\laravel\\framework\\src\\Illuminate\\Database\\Eloquent\\Model.php(1578): Illuminate\\Database\\Eloquent\\Model->getConnection()
#12 C:\\Users\\ana.abrantes\\Desktop\\projetos\\estagiarios\\estagiarios\\vendor\\laravel\\framework\\src\\Illuminate\\Database\\Eloquent\\Model.php(1497): Illuminate\\Database\\Eloquent\\Model->newBaseQueryBuilder()
#13 C:\\Users\\ana.abrantes\\Desktop\\projetos\\estagiarios\\estagiarios\\vendor\\laravel\\framework\\src\\Illuminate\\Database\\Eloquent\\Model.php(1533): Illuminate\\Database\\Eloquent\\Model->newModelQuery()
#14 C:\\Users\\ana.abrantes\\Desktop\\projetos\\estagiarios\\estagiarios\\vendor\\laravel\\framework\\src\\Illuminate\\Database\\Eloquent\\Model.php(1486): Illuminate\\Database\\Eloquent\\Model->newQueryWithoutScopes()
#15 C:\\Users\\ana.abrantes\\Desktop\\projetos\\estagiarios\\estagiarios\\vendor\\laravel\\framework\\src\\Illuminate\\Database\\Eloquent\\Model.php(1476): Illuminate\\Database\\Eloquent\\Model->newQuery()
#16 C:\\Users\\ana.abrantes\\Desktop\\projetos\\estagiarios\\estagiarios\\vendor\\laravel\\framework\\src\\Illuminate\\Database\\Eloquent\\Model.php(674): Illuminate\\Database\\Eloquent\\Model::query()
#17 C:\\Users\\ana.abrantes\\Desktop\\projetos\\estagiarios\\estagiarios\\app\\Http\\Controllers\\EstagiarioController.php(14): Illuminate\\Database\\Eloquent\\Model::all()
#18 C:\\Users\\ana.abrantes\\Desktop\\projetos\\estagiarios\\estagiarios\\vendor\\laravel\\framework\\src\\Illuminate\\Routing\\Controller.php(54): App\\Http\\Controllers\\EstagiarioController->index()
#19 C:\\Users\\ana.abrantes\\Desktop\\projetos\\estagiarios\\estagiarios\\vendor\\laravel\\framework\\src\\Illuminate\\Routing\\ControllerDispatcher.php(43): Illuminate\\Routing\\Controller->callAction('index', Array)
#20 C:\\Users\\ana.abrantes\\Desktop\\projetos\\estagiarios\\estagiarios\\vendor\\laravel\\framework\\src\\Illuminate\\Routing\\Route.php(259): Illuminate\\Routing\\ControllerDispatcher->dispatch(Object(Illuminate\\Routing\\Route), Object(App\\Http\\Controllers\\EstagiarioController), 'index')
#21 C:\\Users\\ana.abrantes\\Desktop\\projetos\\estagiarios\\estagiarios\\vendor\\laravel\\framework\\src\\Illuminate\\Routing\\Route.php(205): Illuminate\\Routing\\Route->runController()
#22 C:\\Users\\ana.abrantes\\Desktop\\projetos\\estagiarios\\estagiarios\\vendor\\laravel\\framework\\src\\Illuminate\\Routing\\Router.php(798): Illuminate\\Routing\\Route->run()
#23 C:\\Users\\ana.abrantes\\Desktop\\projetos\\estagiarios\\estagiarios\\vendor\\laravel\\framework\\src\\Illuminate\\Pipeline\\Pipeline.php(141): Illuminate\\Routing\\Router->Illuminate\\Routing\\{closure}(Object(Illuminate\\Http\\Request))
#24 C:\\Users\\ana.abrantes\\Desktop\\projetos\\estagiarios\\estagiarios\\vendor\\laravel\\framework\\src\\Illuminate\\Routing\\Middleware\\SubstituteBindings.php(50): Illuminate\\Pipeline\\Pipeline->Illuminate\\Pipeline\\{closure}(Object(Illuminate\\Http\\Request))
#25 C:\\Users\\ana.abrantes\\Desktop\\projetos\\estagiarios\\estagiarios\\vendor\\laravel\\framework\\src\\Illuminate\\Pipeline\\Pipeline.php(180): Illuminate\\Routing\\Middleware\\SubstituteBindings->handle(Object(Illuminate\\Http\\Request), Object(Closure))
#26 C:\\Users\\ana.abrantes\\Desktop\\projetos\\estagiarios\\estagiarios\\vendor\\laravel\\framework\\src\\Illuminate\\Foundation\\Http\\Middleware\\VerifyCsrfToken.php(78): Illuminate\\Pipeline\\Pipeline->Illuminate\\Pipeline\\{closure}(Object(Illuminate\\Http\\Request))
#27 C:\\Users\\ana.abrantes\\Desktop\\projetos\\estagiarios\\estagiarios\\vendor\\laravel\\framework\\src\\Illuminate\\Pipeline\\Pipeline.php(180): Illuminate\\Foundation\\Http\\Middleware\\VerifyCsrfToken->handle(Object(Illuminate\\Http\\Request), Object(Closure))
#28 C:\\Users\\ana.abrantes\\Desktop\\projetos\\estagiarios\\estagiarios\\vendor\\laravel\\framework\\src\\Illuminate\\View\\Middleware\\ShareErrorsFromSession.php(49): Illuminate\\Pipeline\\Pipeline->Illuminate\\Pipeline\\{closure}(Object(Illuminate\\Http\\Request))
#29 C:\\Users\\ana.abrantes\\Desktop\\projetos\\estagiarios\\estagiarios\\vendor\\laravel\\framework\\src\\Illuminate\\Pipeline\\Pipeline.php(180): Illuminate\\View\\Middleware\\ShareErrorsFromSession->handle(Object(Illuminate\\Http\\Request), Object(Closure))
#30 C:\\Users\\ana.abrantes\\Desktop\\projetos\\estagiarios\\estagiarios\\vendor\\laravel\\framework\\src\\Illuminate\\Session\\Middleware\\StartSession.php(121): Illuminate\\Pipeline\\Pipeline->Illuminate\\Pipeline\\{closure}(Object(Illuminate\\Http\\Request))
#31 C:\\Users\\ana.abrantes\\Desktop\\projetos\\estagiarios\\estagiarios\\vendor\\laravel\\framework\\src\\Illuminate\\Session\\Middleware\\StartSession.php(64): Illuminate\\Session\\Middleware\\StartSession->handleStatefulRequest(Object(Illuminate\\Http\\Request), Object(Illuminate\\Session\\Store), Object(Closure))
#32 C:\\Users\\ana.abrantes\\Desktop\\projetos\\estagiarios\\estagiarios\\vendor\\laravel\\framework\\src\\Illuminate\\Pipeline\\Pipeline.php(180): Illuminate\\Session\\Middleware\\StartSession->handle(Object(Illuminate\\Http\\Request), Object(Closure))
#33 C:\\Users\\ana.abrantes\\Desktop\\projetos\\estagiarios\\estagiarios\\vendor\\laravel\\framework\\src\\Illuminate\\Cookie\\Middleware\\AddQueuedCookiesToResponse.php(37): Illuminate\\Pipeline\\Pipeline->Illuminate\\Pipeline\\{closure}(Object(Illuminate\\Http\\Request))
#34 C:\\Users\\ana.abrantes\\Desktop\\projetos\\estagiarios\\estagiarios\\vendor\\laravel\\framework\\src\\Illuminate\\Pipeline\\Pipeline.php(180): Illuminate\\Cookie\\Middleware\\AddQueuedCookiesToResponse->handle(Object(Illuminate\\Http\\Request), Object(Closure))
#35 C:\\Users\\ana.abrantes\\Desktop\\projetos\\estagiarios\\estagiarios\\vendor\\laravel\\framework\\src\\Illuminate\\Cookie\\Middleware\\EncryptCookies.php(67): Illuminate\\Pipeline\\Pipeline->Illuminate\\Pipeline\\{closure}(Object(Illuminate\\Http\\Request))
#36 C:\\Users\\ana.abrantes\\Desktop\\projetos\\estagiarios\\estagiarios\\vendor\\laravel\\framework\\src\\Illuminate\\Pipeline\\Pipeline.php(180): Illuminate\\Cookie\\Middleware\\EncryptCookies->handle(Object(Illuminate\\Http\\Request), Object(Closure))
#37 C:\\Users\\ana.abrantes\\Desktop\\projetos\\estagiarios\\estagiarios\\vendor\\laravel\\framework\\src\\Illuminate\\Pipeline\\Pipeline.php(116): Illuminate\\Pipeline\\Pipeline->Illuminate\\Pipeline\\{closure}(Object(Illuminate\\Http\\Request))
#38 C:\\Users\\ana.abrantes\\Desktop\\projetos\\estagiarios\\estagiarios\\vendor\\laravel\\framework\\src\\Illuminate\\Routing\\Router.php(797): Illuminate\\Pipeline\\Pipeline->then(Object(Closure))
#39 C:\\Users\\ana.abrantes\\Desktop\\projetos\\estagiarios\\estagiarios\\vendor\\laravel\\framework\\src\\Illuminate\\Routing\\Router.php(776): Illuminate\\Routing\\Router->runRouteWithinStack(Object(Illuminate\\Routing\\Route), Object(Illuminate\\Http\\Request))
#40 C:\\Users\\ana.abrantes\\Desktop\\projetos\\estagiarios\\estagiarios\\vendor\\laravel\\framework\\src\\Illuminate\\Routing\\Router.php(740): Illuminate\\Routing\\Router->runRoute(Object(Illuminate\\Http\\Request), Object(Illuminate\\Routing\\Route))
#41 C:\\Users\\ana.abrantes\\Desktop\\projetos\\estagiarios\\estagiarios\\vendor\\laravel\\framework\\src\\Illuminate\\Routing\\Router.php(729): Illuminate\\Routing\\Router->dispatchToRoute(Object(Illuminate\\Http\\Request))
#42 C:\\Users\\ana.abrantes\\Desktop\\projetos\\estagiarios\\estagiarios\\vendor\\laravel\\framework\\src\\Illuminate\\Foundation\\Http\\Kernel.php(200): Illuminate\\Routing\\Router->dispatch(Object(Illuminate\\Http\\Request))
#43 C:\\Users\\ana.abrantes\\Desktop\\projetos\\estagiarios\\estagiarios\\vendor\\laravel\\framework\\src\\Illuminate\\Pipeline\\Pipeline.php(141): Illuminate\\Foundation\\Http\\Kernel->Illuminate\\Foundation\\Http\\{closure}(Object(Illuminate\\Http\\Request))
#44 C:\\Users\\ana.abrantes\\Desktop\\projetos\\estagiarios\\estagiarios\\vendor\\laravel\\framework\\src\\Illuminate\\Foundation\\Http\\Middleware\\TransformsRequest.php(21): Illuminate\\Pipeline\\Pipeline->Illuminate\\Pipeline\\{closure}(Object(Illuminate\\Http\\Request))
#45 C:\\Users\\ana.abrantes\\Desktop\\projetos\\estagiarios\\estagiarios\\vendor\\laravel\\framework\\src\\Illuminate\\Foundation\\Http\\Middleware\\ConvertEmptyStringsToNull.php(31): Illuminate\\Foundation\\Http\\Middleware\\TransformsRequest->handle(Object(Illuminate\\Http\\Request), Object(Closure))
#46 C:\\Users\\ana.abrantes\\Desktop\\projetos\\estagiarios\\estagiarios\\vendor\\laravel\\framework\\src\\Illuminate\\Pipeline\\Pipeline.php(180): Illuminate\\Foundation\\Http\\Middleware\\ConvertEmptyStringsToNull->handle(Object(Illuminate\\Http\\Request), Object(Closure))
#47 C:\\Users\\ana.abrantes\\Desktop\\projetos\\estagiarios\\estagiarios\\vendor\\laravel\\framework\\src\\Illuminate\\Foundation\\Http\\Middleware\\TransformsRequest.php(21): Illuminate\\Pipeline\\Pipeline->Illuminate\\Pipeline\\{closure}(Object(Illuminate\\Http\\Request))
#48 C:\\Users\\ana.abrantes\\Desktop\\projetos\\estagiarios\\estagiarios\\vendor\\laravel\\framework\\src\\Illuminate\\Foundation\\Http\\Middleware\\TrimStrings.php(40): Illuminate\\Foundation\\Http\\Middleware\\TransformsRequest->handle(Object(Illuminate\\Http\\Request), Object(Closure))
#49 C:\\Users\\ana.abrantes\\Desktop\\projetos\\estagiarios\\estagiarios\\vendor\\laravel\\framework\\src\\Illuminate\\Pipeline\\Pipeline.php(180): Illuminate\\Foundation\\Http\\Middleware\\TrimStrings->handle(Object(Illuminate\\Http\\Request), Object(Closure))
#50 C:\\Users\\ana.abrantes\\Desktop\\projetos\\estagiarios\\estagiarios\\vendor\\laravel\\framework\\src\\Illuminate\\Foundation\\Http\\Middleware\\ValidatePostSize.php(27): Illuminate\\Pipeline\\Pipeline->Illuminate\\Pipeline\\{closure}(Object(Illuminate\\Http\\Request))
#51 C:\\Users\\ana.abrantes\\Desktop\\projetos\\estagiarios\\estagiarios\\vendor\\laravel\\framework\\src\\Illuminate\\Pipeline\\Pipeline.php(180): Illuminate\\Foundation\\Http\\Middleware\\ValidatePostSize->handle(Object(Illuminate\\Http\\Request), Object(Closure))
#52 C:\\Users\\ana.abrantes\\Desktop\\projetos\\estagiarios\\estagiarios\\vendor\\laravel\\framework\\src\\Illuminate\\Foundation\\Http\\Middleware\\PreventRequestsDuringMaintenance.php(86): Illuminate\\Pipeline\\Pipeline->Illuminate\\Pipeline\\{closure}(Object(Illuminate\\Http\\Request))
#53 C:\\Users\\ana.abrantes\\Desktop\\projetos\\estagiarios\\estagiarios\\vendor\\laravel\\framework\\src\\Illuminate\\Pipeline\\Pipeline.php(180): Illuminate\\Foundation\\Http\\Middleware\\PreventRequestsDuringMaintenance->handle(Object(Illuminate\\Http\\Request), Object(Closure))
#54 C:\\Users\\ana.abrantes\\Desktop\\projetos\\estagiarios\\estagiarios\\vendor\\laravel\\framework\\src\\Illuminate\\Http\\Middleware\\HandleCors.php(49): Illuminate\\Pipeline\\Pipeline->Illuminate\\Pipeline\\{closure}(Object(Illuminate\\Http\\Request))
#55 C:\\Users\\ana.abrantes\\Desktop\\projetos\\estagiarios\\estagiarios\\vendor\\laravel\\framework\\src\\Illuminate\\Pipeline\\Pipeline.php(180): Illuminate\\Http\\Middleware\\HandleCors->handle(Object(Illuminate\\Http\\Request), Object(Closure))
#56 C:\\Users\\ana.abrantes\\Desktop\\projetos\\estagiarios\\estagiarios\\vendor\\laravel\\framework\\src\\Illuminate\\Http\\Middleware\\TrustProxies.php(39): Illuminate\\Pipeline\\Pipeline->Illuminate\\Pipeline\\{closure}(Object(Illuminate\\Http\\Request))
#57 C:\\Users\\ana.abrantes\\Desktop\\projetos\\estagiarios\\estagiarios\\vendor\\laravel\\framework\\src\\Illuminate\\Pipeline\\Pipeline.php(180): Illuminate\\Http\\Middleware\\TrustProxies->handle(Object(Illuminate\\Http\\Request), Object(Closure))
#58 C:\\Users\\ana.abrantes\\Desktop\\projetos\\estagiarios\\estagiarios\\vendor\\laravel\\framework\\src\\Illuminate\\Pipeline\\Pipeline.php(116): Illuminate\\Pipeline\\Pipeline->Illuminate\\Pipeline\\{closure}(Object(Illuminate\\Http\\Request))
#59 C:\\Users\\ana.abrantes\\Desktop\\projetos\\estagiarios\\estagiarios\\vendor\\laravel\\framework\\src\\Illuminate\\Foundation\\Http\\Kernel.php(175): Illuminate\\Pipeline\\Pipeline->then(Object(Closure))
#60 C:\\Users\\ana.abrantes\\Desktop\\projetos\\estagiarios\\estagiarios\\vendor\\laravel\\framework\\src\\Illuminate\\Foundation\\Http\\Kernel.php(144): Illuminate\\Foundation\\Http\\Kernel->sendRequestThroughRouter(Object(Illuminate\\Http\\Request))
#61 C:\\Users\\ana.abrantes\\Desktop\\projetos\\estagiarios\\estagiarios\\public\\index.php(51): Illuminate\\Foundation\\Http\\Kernel->handle(Object(Illuminate\\Http\\Request))
#62 C:\\Users\\ana.abrantes\\Desktop\\projetos\\estagiarios\\estagiarios\\vendor\\laravel\\framework\\src\\Illuminate\\Foundation\\resources\\server.php(16): require_once('C:\\\\Users\\\\ana.ab...')
#63 {main}

[previous exception] [object] (Illuminate\\Database\\SQLiteDatabaseDoesNotExistException(code: 0): Database file at path [estagiarios] does not exist. Ensure this is an absolute path to the database. at C:\\Users\\ana.abrantes\\Desktop\\projetos\\estagiarios\\estagiarios\\vendor\\laravel\\framework\\src\\Illuminate\\Database\\Connectors\\SQLiteConnector.php:34)
[stacktrace]
#0 C:\\Users\\ana.abrantes\\Desktop\\projetos\\estagiarios\\estagiarios\\vendor\\laravel\\framework\\src\\Illuminate\\Database\\Connectors\\ConnectionFactory.php(221): Illuminate\\Database\\Connectors\\SQLiteConnector->connect(Array)
#1 [internal function]: Illuminate\\Database\\Connectors\\ConnectionFactory->Illuminate\\Database\\Connectors\\{closure}()
#2 C:\\Users\\ana.abrantes\\Desktop\\projetos\\estagiarios\\estagiarios\\vendor\\laravel\\framework\\src\\Illuminate\\Database\\Connection.php(1210): call_user_func(Object(Closure))
#3 C:\\Users\\ana.abrantes\\Desktop\\projetos\\estagiarios\\estagiarios\\vendor\\laravel\\framework\\src\\Illuminate\\Database\\Connection.php(572): Illuminate\\Database\\Connection->getPdo()
#4 C:\\Users\\ana.abrantes\\Desktop\\projetos\\estagiarios\\estagiarios\\vendor\\laravel\\framework\\src\\Illuminate\\Database\\Connection.php(786): Illuminate\\Database\\Connection->Illuminate\\Database\\{closure}('PRAGMA foreign_...', Array)
#5 C:\\Users\\ana.abrantes\\Desktop\\projetos\\estagiarios\\estagiarios\\vendor\\laravel\\framework\\src\\Illuminate\\Database\\Connection.php(753): Illuminate\\Database\\Connection->runQueryCallback('PRAGMA foreign_...', Array, Object(Closure))
#6 C:\\Users\\ana.abrantes\\Desktop\\projetos\\estagiarios\\estagiarios\\vendor\\laravel\\framework\\src\\Illuminate\\Database\\Connection.php(567): Illuminate\\Database\\Connection->run('PRAGMA foreign_...', Array, Object(Closure))
#7 C:\\Users\\ana.abrantes\\Desktop\\projetos\\estagiarios\\estagiarios\\vendor\\laravel\\framework\\src\\Illuminate\\Database\\Schema\\Builder.php(397): Illuminate\\Database\\Connection->statement('PRAGMA foreign_...')
#8 C:\\Users\\ana.abrantes\\Desktop\\projetos\\estagiarios\\estagiarios\\vendor\\laravel\\framework\\src\\Illuminate\\Database\\SQLiteConnection.php(35): Illuminate\\Database\\Schema\\Builder->enableForeignKeyConstraints()
#9 C:\\Users\\ana.abrantes\\Desktop\\projetos\\estagiarios\\estagiarios\\vendor\\laravel\\framework\\src\\Illuminate\\Database\\Connectors\\ConnectionFactory.php(272): Illuminate\\Database\\SQLiteConnection->__construct(Object(Closure), 'estagiarios', '', Array)
#10 C:\\Users\\ana.abrantes\\Desktop\\projetos\\estagiarios\\estagiarios\\vendor\\laravel\\framework\\src\\Illuminate\\Database\\Connectors\\ConnectionFactory.php(75): Illuminate\\Database\\Connectors\\ConnectionFactory->createConnection('sqlite', Object(Closure), 'estagiarios', '', Array)
#11 C:\\Users\\ana.abrantes\\Desktop\\projetos\\estagiarios\\estagiarios\\vendor\\laravel\\framework\\src\\Illuminate\\Database\\Connectors\\ConnectionFactory.php(50): Illuminate\\Database\\Connectors\\ConnectionFactory->createSingleConnection(Array)
#12 C:\\Users\\ana.abrantes\\Desktop\\projetos\\estagiarios\\estagiarios\\vendor\\laravel\\framework\\src\\Illuminate\\Database\\DatabaseManager.php(152): Illuminate\\Database\\Connectors\\ConnectionFactory->make(Array, 'sqlite')
#13 C:\\Users\\ana.abrantes\\Desktop\\projetos\\estagiarios\\estagiarios\\vendor\\laravel\\framework\\src\\Illuminate\\Database\\DatabaseManager.php(101): Illuminate\\Database\\DatabaseManager->makeConnection('sqlite')
#14 C:\\Users\\ana.abrantes\\Desktop\\projetos\\estagiarios\\estagiarios\\vendor\\laravel\\framework\\src\\Illuminate\\Database\\Eloquent\\Model.php(1820): Illuminate\\Database\\DatabaseManager->connection('sqlite')
#15 C:\\Users\\ana.abrantes\\Desktop\\projetos\\estagiarios\\estagiarios\\vendor\\laravel\\framework\\src\\Illuminate\\Database\\Eloquent\\Model.php(1786): Illuminate\\Database\\Eloquent\\Model::resolveConnection(NULL)
#16 C:\\Users\\ana.abrantes\\Desktop\\projetos\\estagiarios\\estagiarios\\vendor\\laravel\\framework\\src\\Illuminate\\Database\\Eloquent\\Model.php(1578): Illuminate\\Database\\Eloquent\\Model->getConnection()
#17 C:\\Users\\ana.abrantes\\Desktop\\projetos\\estagiarios\\estagiarios\\vendor\\laravel\\framework\\src\\Illuminate\\Database\\Eloquent\\Model.php(1497): Illuminate\\Database\\Eloquent\\Model->newBaseQueryBuilder()
#18 C:\\Users\\ana.abrantes\\Desktop\\projetos\\estagiarios\\estagiarios\\vendor\\laravel\\framework\\src\\Illuminate\\Database\\Eloquent\\Model.php(1533): Illuminate\\Database\\Eloquent\\Model->newModelQuery()
#19 C:\\Users\\ana.abrantes\\Desktop\\projetos\\estagiarios\\estagiarios\\vendor\\laravel\\framework\\src\\Illuminate\\Database\\Eloquent\\Model.php(1486): Illuminate\\Database\\Eloquent\\Model->newQueryWithoutScopes()
#20 C:\\Users\\ana.abrantes\\Desktop\\projetos\\estagiarios\\estagiarios\\vendor\\laravel\\framework\\src\\Illuminate\\Database\\Eloquent\\Model.php(1476): Illuminate\\Database\\Eloquent\\Model->newQuery()
#21 C:\\Users\\ana.abrantes\\Desktop\\projetos\\estagiarios\\estagiarios\\vendor\\laravel\\framework\\src\\Illuminate\\Database\\Eloquent\\Model.php(674): Illuminate\\Database\\Eloquent\\Model::query()
#22 C:\\Users\\ana.abrantes\\Desktop\\projetos\\estagiarios\\estagiarios\\app\\Http\\Controllers\\EstagiarioController.php(14): Illuminate\\Database\\Eloquent\\Model::all()
#23 C:\\Users\\ana.abrantes\\Desktop\\projetos\\estagiarios\\estagiarios\\vendor\\laravel\\framework\\src\\Illuminate\\Routing\\Controller.php(54): App\\Http\\Controllers\\EstagiarioController->index()
#24 C:\\Users\\ana.abrantes\\Desktop\\projetos\\estagiarios\\estagiarios\\vendor\\laravel\\framework\\src\\Illuminate\\Routing\\ControllerDispatcher.php(43): Illuminate\\Routing\\Controller->callAction('index', Array)
#25 C:\\Users\\ana.abrantes\\Desktop\\projetos\\estagiarios\\estagiarios\\vendor\\laravel\\framework\\src\\Illuminate\\Routing\\Route.php(259): Illuminate\\Routing\\ControllerDispatcher->dispatch(Object(Illuminate\\Routing\\Route), Object(App\\Http\\Controllers\\EstagiarioController), 'index')
#26 C:\\Users\\ana.abrantes\\Desktop\\projetos\\estagiarios\\estagiarios\\vendor\\laravel\\framework\\src\\Illuminate\\Routing\\Route.php(205): Illuminate\\Routing\\Route->runController()
#27 C:\\Users\\ana.abrantes\\Desktop\\projetos\\estagiarios\\estagiarios\\vendor\\laravel\\framework\\src\\Illuminate\\Routing\\Router.php(798): Illuminate\\Routing\\Route->run()
#28 C:\\Users\\ana.abrantes\\Desktop\\projetos\\estagiarios\\estagiarios\\vendor\\laravel\\framework\\src\\Illuminate\\Pipeline\\Pipeline.php(141): Illuminate\\Routing\\Router->Illuminate\\Routing\\{closure}(Object(Illuminate\\Http\\Request))
#29 C:\\Users\\ana.abrantes\\Desktop\\projetos\\estagiarios\\estagiarios\\vendor\\laravel\\framework\\src\\Illuminate\\Routing\\Middleware\\SubstituteBindings.php(50): Illuminate\\Pipeline\\Pipeline->Illuminate\\Pipeline\\{closure}(Object(Illuminate\\Http\\Request))
#30 C:\\Users\\ana.abrantes\\Desktop\\projetos\\estagiarios\\estagiarios\\vendor\\laravel\\framework\\src\\Illuminate\\Pipeline\\Pipeline.php(180): Illuminate\\Routing\\Middleware\\SubstituteBindings->handle(Object(Illuminate\\Http\\Request), Object(Closure))
#31 C:\\Users\\ana.abrantes\\Desktop\\projetos\\estagiarios\\estagiarios\\vendor\\laravel\\framework\\src\\Illuminate\\Foundation\\Http\\Middleware\\VerifyCsrfToken.php(78): Illuminate\\Pipeline\\Pipeline->Illuminate\\Pipeline\\{closure}(Object(Illuminate\\Http\\Request))
#32 C:\\Users\\ana.abrantes\\Desktop\\projetos\\estagiarios\\estagiarios\\vendor\\laravel\\framework\\src\\Illuminate\\Pipeline\\Pipeline.php(180): Illuminate\\Foundation\\Http\\Middleware\\VerifyCsrfToken->handle(Object(Illuminate\\Http\\Request), Object(Closure))
#33 C:\\Users\\ana.abrantes\\Desktop\\projetos\\estagiarios\\estagiarios\\vendor\\laravel\\framework\\src\\Illuminate\\View\\Middleware\\ShareErrorsFromSession.php(49): Illuminate\\Pipeline\\Pipeline->Illuminate\\Pipeline\\{closure}(Object(Illuminate\\Http\\Request))
#34 C:\\Users\\ana.abrantes\\Desktop\\projetos\\estagiarios\\estagiarios\\vendor\\laravel\\framework\\src\\Illuminate\\Pipeline\\Pipeline.php(180): Illuminate\\View\\Middleware\\ShareErrorsFromSession->handle(Object(Illuminate\\Http\\Request), Object(Closure))
#35 C:\\Users\\ana.abrantes\\Desktop\\projetos\\estagiarios\\estagiarios\\vendor\\laravel\\framework\\src\\Illuminate\\Session\\Middleware\\StartSession.php(121): Illuminate\\Pipeline\\Pipeline->Illuminate\\Pipeline\\{closure}(Object(Illuminate\\Http\\Request))
#36 C:\\Users\\ana.abrantes\\Desktop\\projetos\\estagiarios\\estagiarios\\vendor\\laravel\\framework\\src\\Illuminate\\Session\\Middleware\\StartSession.php(64): Illuminate\\Session\\Middleware\\StartSession->handleStatefulRequest(Object(Illuminate\\Http\\Request), Object(Illuminate\\Session\\Store), Object(Closure))
#37 C:\\Users\\ana.abrantes\\Desktop\\projetos\\estagiarios\\estagiarios\\vendor\\laravel\\framework\\src\\Illuminate\\Pipeline\\Pipeline.php(180): Illuminate\\Session\\Middleware\\StartSession->handle(Object(Illuminate\\Http\\Request), Object(Closure))
#38 C:\\Users\\ana.abrantes\\Desktop\\projetos\\estagiarios\\estagiarios\\vendor\\laravel\\framework\\src\\Illuminate\\Cookie\\Middleware\\AddQueuedCookiesToResponse.php(37): Illuminate\\Pipeline\\Pipeline->Illuminate\\Pipeline\\{closure}(Object(Illuminate\\Http\\Request))
#39 C:\\Users\\ana.abrantes\\Desktop\\projetos\\estagiarios\\estagiarios\\vendor\\laravel\\framework\\src\\Illuminate\\Pipeline\\Pipeline.php(180): Illuminate\\Cookie\\Middleware\\AddQueuedCookiesToResponse->handle(Object(Illuminate\\Http\\Request), Object(Closure))
#40 C:\\Users\\ana.abrantes\\Desktop\\projetos\\estagiarios\\estagiarios\\vendor\\laravel\\framework\\src\\Illuminate\\Cookie\\Middleware\\EncryptCookies.php(67): Illuminate\\Pipeline\\Pipeline->Illuminate\\Pipeline\\{closure}(Object(Illuminate\\Http\\Request))
#41 C:\\Users\\ana.abrantes\\Desktop\\projetos\\estagiarios\\estagiarios\\vendor\\laravel\\framework\\src\\Illuminate\\Pipeline\\Pipeline.php(180): Illuminate\\Cookie\\Middleware\\EncryptCookies->handle(Object(Illuminate\\Http\\Request), Object(Closure))
#42 C:\\Users\\ana.abrantes\\Desktop\\projetos\\estagiarios\\estagiarios\\vendor\\laravel\\framework\\src\\Illuminate\\Pipeline\\Pipeline.php(116): Illuminate\\Pipeline\\Pipeline->Illuminate\\Pipeline\\{closure}(Object(Illuminate\\Http\\Request))
#43 C:\\Users\\ana.abrantes\\Desktop\\projetos\\estagiarios\\estagiarios\\vendor\\laravel\\framework\\src\\Illuminate\\Routing\\Router.php(797): Illuminate\\Pipeline\\Pipeline->then(Object(Closure))
#44 C:\\Users\\ana.abrantes\\Desktop\\projetos\\estagiarios\\estagiarios\\vendor\\laravel\\framework\\src\\Illuminate\\Routing\\Router.php(776): Illuminate\\Routing\\Router->runRouteWithinStack(Object(Illuminate\\Routing\\Route), Object(Illuminate\\Http\\Request))
#45 C:\\Users\\ana.abrantes\\Desktop\\projetos\\estagiarios\\estagiarios\\vendor\\laravel\\framework\\src\\Illuminate\\Routing\\Router.php(740): Illuminate\\Routing\\Router->runRoute(Object(Illuminate\\Http\\Request), Object(Illuminate\\Routing\\Route))
#46 C:\\Users\\ana.abrantes\\Desktop\\projetos\\estagiarios\\estagiarios\\vendor\\laravel\\framework\\src\\Illuminate\\Routing\\Router.php(729): Illuminate\\Routing\\Router->dispatchToRoute(Object(Illuminate\\Http\\Request))
#47 C:\\Users\\ana.abrantes\\Desktop\\projetos\\estagiarios\\estagiarios\\vendor\\laravel\\framework\\src\\Illuminate\\Foundation\\Http\\Kernel.php(200): Illuminate\\Routing\\Router->dispatch(Object(Illuminate\\Http\\Request))
#48 C:\\Users\\ana.abrantes\\Desktop\\projetos\\estagiarios\\estagiarios\\vendor\\laravel\\framework\\src\\Illuminate\\Pipeline\\Pipeline.php(141): Illuminate\\Foundation\\Http\\Kernel->Illuminate\\Foundation\\Http\\{closure}(Object(Illuminate\\Http\\Request))
#49 C:\\Users\\ana.abrantes\\Desktop\\projetos\\estagiarios\\estagiarios\\vendor\\laravel\\framework\\src\\Illuminate\\Foundation\\Http\\Middleware\\TransformsRequest.php(21): Illuminate\\Pipeline\\Pipeline->Illuminate\\Pipeline\\{closure}(Object(Illuminate\\Http\\Request))
#50 C:\\Users\\ana.abrantes\\Desktop\\projetos\\estagiarios\\estagiarios\\vendor\\laravel\\framework\\src\\Illuminate\\Foundation\\Http\\Middleware\\ConvertEmptyStringsToNull.php(31): Illuminate\\Foundation\\Http\\Middleware\\TransformsRequest->handle(Object(Illuminate\\Http\\Request), Object(Closure))
#51 C:\\Users\\ana.abrantes\\Desktop\\projetos\\estagiarios\\estagiarios\\vendor\\laravel\\framework\\src\\Illuminate\\Pipeline\\Pipeline.php(180): Illuminate\\Foundation\\Http\\Middleware\\ConvertEmptyStringsToNull->handle(Object(Illuminate\\Http\\Request), Object(Closure))
#52 C:\\Users\\ana.abrantes\\Desktop\\projetos\\estagiarios\\estagiarios\\vendor\\laravel\\framework\\src\\Illuminate\\Foundation\\Http\\Middleware\\TransformsRequest.php(21): Illuminate\\Pipeline\\Pipeline->Illuminate\\Pipeline\\{closure}(Object(Illuminate\\Http\\Request))
#53 C:\\Users\\ana.abrantes\\Desktop\\projetos\\estagiarios\\estagiarios\\vendor\\laravel\\framework\\src\\Illuminate\\Foundation\\Http\\Middleware\\TrimStrings.php(40): Illuminate\\Foundation\\Http\\Middleware\\TransformsRequest->handle(Object(Illuminate\\Http\\Request), Object(Closure))
#54 C:\\Users\\ana.abrantes\\Desktop\\projetos\\estagiarios\\estagiarios\\vendor\\laravel\\framework\\src\\Illuminate\\Pipeline\\Pipeline.php(180): Illuminate\\Foundation\\Http\\Middleware\\TrimStrings->handle(Object(Illuminate\\Http\\Request), Object(Closure))
#55 C:\\Users\\ana.abrantes\\Desktop\\projetos\\estagiarios\\estagiarios\\vendor\\laravel\\framework\\src\\Illuminate\\Foundation\\Http\\Middleware\\ValidatePostSize.php(27): Illuminate\\Pipeline\\Pipeline->Illuminate\\Pipeline\\{closure}(Object(Illuminate\\Http\\Request))
#56 C:\\Users\\ana.abrantes\\Desktop\\projetos\\estagiarios\\estagiarios\\vendor\\laravel\\framework\\src\\Illuminate\\Pipeline\\Pipeline.php(180): Illuminate\\Foundation\\Http\\Middleware\\ValidatePostSize->handle(Object(Illuminate\\Http\\Request), Object(Closure))
#57 C:\\Users\\ana.abrantes\\Desktop\\projetos\\estagiarios\\estagiarios\\vendor\\laravel\\framework\\src\\Illuminate\\Foundation\\Http\\Middleware\\PreventRequestsDuringMaintenance.php(86): Illuminate\\Pipeline\\Pipeline->Illuminate\\Pipeline\\{closure}(Object(Illuminate\\Http\\Request))
#58 C:\\Users\\ana.abrantes\\Desktop\\projetos\\estagiarios\\estagiarios\\vendor\\laravel\\framework\\src\\Illuminate\\Pipeline\\Pipeline.php(180): Illuminate\\Foundation\\Http\\Middleware\\PreventRequestsDuringMaintenance->handle(Object(Illuminate\\Http\\Request), Object(Closure))
#59 C:\\Users\\ana.abrantes\\Desktop\\projetos\\estagiarios\\estagiarios\\vendor\\laravel\\framework\\src\\Illuminate\\Http\\Middleware\\HandleCors.php(49): Illuminate\\Pipeline\\Pipeline->Illuminate\\Pipeline\\{closure}(Object(Illuminate\\Http\\Request))
#60 C:\\Users\\ana.abrantes\\Desktop\\projetos\\estagiarios\\estagiarios\\vendor\\laravel\\framework\\src\\Illuminate\\Pipeline\\Pipeline.php(180): Illuminate\\Http\\Middleware\\HandleCors->handle(Object(Illuminate\\Http\\Request), Object(Closure))
#61 C:\\Users\\ana.abrantes\\Desktop\\projetos\\estagiarios\\estagiarios\\vendor\\laravel\\framework\\src\\Illuminate\\Http\\Middleware\\TrustProxies.php(39): Illuminate\\Pipeline\\Pipeline->Illuminate\\Pipeline\\{closure}(Object(Illuminate\\Http\\Request))
#62 C:\\Users\\ana.abrantes\\Desktop\\projetos\\estagiarios\\estagiarios\\vendor\\laravel\\framework\\src\\Illuminate\\Pipeline\\Pipeline.php(180): Illuminate\\Http\\Middleware\\TrustProxies->handle(Object(Illuminate\\Http\\Request), Object(Closure))
#63 C:\\Users\\ana.abrantes\\Desktop\\projetos\\estagiarios\\estagiarios\\vendor\\laravel\\framework\\src\\Illuminate\\Pipeline\\Pipeline.php(116): Illuminate\\Pipeline\\Pipeline->Illuminate\\Pipeline\\{closure}(Object(Illuminate\\Http\\Request))
#64 C:\\Users\\ana.abrantes\\Desktop\\projetos\\estagiarios\\estagiarios\\vendor\\laravel\\framework\\src\\Illuminate\\Foundation\\Http\\Kernel.php(175): Illuminate\\Pipeline\\Pipeline->then(Object(Closure))
#65 C:\\Users\\ana.abrantes\\Desktop\\projetos\\estagiarios\\estagiarios\\vendor\\laravel\\framework\\src\\Illuminate\\Foundation\\Http\\Kernel.php(144): Illuminate\\Foundation\\Http\\Kernel->sendRequestThroughRouter(Object(Illuminate\\Http\\Request))
#66 C:\\Users\\ana.abrantes\\Desktop\\projetos\\estagiarios\\estagiarios\\public\\index.php(51): Illuminate\\Foundation\\Http\\Kernel->handle(Object(Illuminate\\Http\\Request))
#67 C:\\Users\\ana.abrantes\\Desktop\\projetos\\estagiarios\\estagiarios\\vendor\\laravel\\framework\\src\\Illuminate\\Foundation\\resources\\server.php(16): require_once('C:\\\\Users\\\\ana.ab...')
#68 {main}
"} 
[2023-06-16 15:11:40] local.ERROR: Database file at path [estagiarios] does not exist. Ensure this is an absolute path to the database. (Connection: sqlite, SQL: PRAGMA foreign_keys = ON;) {"exception":"[object] (Illuminate\\Database\\QueryException(code: 0): Database file at path [estagiarios] does not exist. Ensure this is an absolute path to the database. (Connection: sqlite, SQL: PRAGMA foreign_keys = ON;) at C:\\Users\\ana.abrantes\\Desktop\\projetos\\estagiarios\\estagiarios\\vendor\\laravel\\framework\\src\\Illuminate\\Database\\Connection.php:793)
[stacktrace]
#0 C:\\Users\\ana.abrantes\\Desktop\\projetos\\estagiarios\\estagiarios\\vendor\\laravel\\framework\\src\\Illuminate\\Database\\Connection.php(753): Illuminate\\Database\\Connection->runQueryCallback('PRAGMA foreign_...', Array, Object(Closure))
#1 C:\\Users\\ana.abrantes\\Desktop\\projetos\\estagiarios\\estagiarios\\vendor\\laravel\\framework\\src\\Illuminate\\Database\\Connection.php(567): Illuminate\\Database\\Connection->run('PRAGMA foreign_...', Array, Object(Closure))
#2 C:\\Users\\ana.abrantes\\Desktop\\projetos\\estagiarios\\estagiarios\\vendor\\laravel\\framework\\src\\Illuminate\\Database\\Schema\\Builder.php(397): Illuminate\\Database\\Connection->statement('PRAGMA foreign_...')
#3 C:\\Users\\ana.abrantes\\Desktop\\projetos\\estagiarios\\estagiarios\\vendor\\laravel\\framework\\src\\Illuminate\\Database\\SQLiteConnection.php(35): Illuminate\\Database\\Schema\\Builder->enableForeignKeyConstraints()
#4 C:\\Users\\ana.abrantes\\Desktop\\projetos\\estagiarios\\estagiarios\\vendor\\laravel\\framework\\src\\Illuminate\\Database\\Connectors\\ConnectionFactory.php(272): Illuminate\\Database\\SQLiteConnection->__construct(Object(Closure), 'estagiarios', '', Array)
#5 C:\\Users\\ana.abrantes\\Desktop\\projetos\\estagiarios\\estagiarios\\vendor\\laravel\\framework\\src\\Illuminate\\Database\\Connectors\\ConnectionFactory.php(75): Illuminate\\Database\\Connectors\\ConnectionFactory->createConnection('sqlite', Object(Closure), 'estagiarios', '', Array)
#6 C:\\Users\\ana.abrantes\\Desktop\\projetos\\estagiarios\\estagiarios\\vendor\\laravel\\framework\\src\\Illuminate\\Database\\Connectors\\ConnectionFactory.php(50): Illuminate\\Database\\Connectors\\ConnectionFactory->createSingleConnection(Array)
#7 C:\\Users\\ana.abrantes\\Desktop\\projetos\\estagiarios\\estagiarios\\vendor\\laravel\\framework\\src\\Illuminate\\Database\\DatabaseManager.php(152): Illuminate\\Database\\Connectors\\ConnectionFactory->make(Array, 'sqlite')
#8 C:\\Users\\ana.abrantes\\Desktop\\projetos\\estagiarios\\estagiarios\\vendor\\laravel\\framework\\src\\Illuminate\\Database\\DatabaseManager.php(101): Illuminate\\Database\\DatabaseManager->makeConnection('sqlite')
#9 C:\\Users\\ana.abrantes\\Desktop\\projetos\\estagiarios\\estagiarios\\vendor\\laravel\\framework\\src\\Illuminate\\Database\\Eloquent\\Model.php(1820): Illuminate\\Database\\DatabaseManager->connection('sqlite')
#10 C:\\Users\\ana.abrantes\\Desktop\\projetos\\estagiarios\\estagiarios\\vendor\\laravel\\framework\\src\\Illuminate\\Database\\Eloquent\\Model.php(1786): Illuminate\\Database\\Eloquent\\Model::resolveConnection(NULL)
#11 C:\\Users\\ana.abrantes\\Desktop\\projetos\\estagiarios\\estagiarios\\vendor\\laravel\\framework\\src\\Illuminate\\Database\\Eloquent\\Model.php(1578): Illuminate\\Database\\Eloquent\\Model->getConnection()
#12 C:\\Users\\ana.abrantes\\Desktop\\projetos\\estagiarios\\estagiarios\\vendor\\laravel\\framework\\src\\Illuminate\\Database\\Eloquent\\Model.php(1497): Illuminate\\Database\\Eloquent\\Model->newBaseQueryBuilder()
#13 C:\\Users\\ana.abrantes\\Desktop\\projetos\\estagiarios\\estagiarios\\vendor\\laravel\\framework\\src\\Illuminate\\Database\\Eloquent\\Model.php(1533): Illuminate\\Database\\Eloquent\\Model->newModelQuery()
#14 C:\\Users\\ana.abrantes\\Desktop\\projetos\\estagiarios\\estagiarios\\vendor\\laravel\\framework\\src\\Illuminate\\Database\\Eloquent\\Model.php(1486): Illuminate\\Database\\Eloquent\\Model->newQueryWithoutScopes()
#15 C:\\Users\\ana.abrantes\\Desktop\\projetos\\estagiarios\\estagiarios\\vendor\\laravel\\framework\\src\\Illuminate\\Database\\Eloquent\\Model.php(1476): Illuminate\\Database\\Eloquent\\Model->newQuery()
#16 C:\\Users\\ana.abrantes\\Desktop\\projetos\\estagiarios\\estagiarios\\vendor\\laravel\\framework\\src\\Illuminate\\Database\\Eloquent\\Model.php(674): Illuminate\\Database\\Eloquent\\Model::query()
#17 C:\\Users\\ana.abrantes\\Desktop\\projetos\\estagiarios\\estagiarios\\app\\Http\\Controllers\\EstagiarioController.php(14): Illuminate\\Database\\Eloquent\\Model::all()
#18 C:\\Users\\ana.abrantes\\Desktop\\projetos\\estagiarios\\estagiarios\\vendor\\laravel\\framework\\src\\Illuminate\\Routing\\Controller.php(54): App\\Http\\Controllers\\EstagiarioController->index()
#19 C:\\Users\\ana.abrantes\\Desktop\\projetos\\estagiarios\\estagiarios\\vendor\\laravel\\framework\\src\\Illuminate\\Routing\\ControllerDispatcher.php(43): Illuminate\\Routing\\Controller->callAction('index', Array)
#20 C:\\Users\\ana.abrantes\\Desktop\\projetos\\estagiarios\\estagiarios\\vendor\\laravel\\framework\\src\\Illuminate\\Routing\\Route.php(259): Illuminate\\Routing\\ControllerDispatcher->dispatch(Object(Illuminate\\Routing\\Route), Object(App\\Http\\Controllers\\EstagiarioController), 'index')
#21 C:\\Users\\ana.abrantes\\Desktop\\projetos\\estagiarios\\estagiarios\\vendor\\laravel\\framework\\src\\Illuminate\\Routing\\Route.php(205): Illuminate\\Routing\\Route->runController()
#22 C:\\Users\\ana.abrantes\\Desktop\\projetos\\estagiarios\\estagiarios\\vendor\\laravel\\framework\\src\\Illuminate\\Routing\\Router.php(798): Illuminate\\Routing\\Route->run()
#23 C:\\Users\\ana.abrantes\\Desktop\\projetos\\estagiarios\\estagiarios\\vendor\\laravel\\framework\\src\\Illuminate\\Pipeline\\Pipeline.php(141): Illuminate\\Routing\\Router->Illuminate\\Routing\\{closure}(Object(Illuminate\\Http\\Request))
#24 C:\\Users\\ana.abrantes\\Desktop\\projetos\\estagiarios\\estagiarios\\vendor\\laravel\\framework\\src\\Illuminate\\Routing\\Middleware\\SubstituteBindings.php(50): Illuminate\\Pipeline\\Pipeline->Illuminate\\Pipeline\\{closure}(Object(Illuminate\\Http\\Request))
#25 C:\\Users\\ana.abrantes\\Desktop\\projetos\\estagiarios\\estagiarios\\vendor\\laravel\\framework\\src\\Illuminate\\Pipeline\\Pipeline.php(180): Illuminate\\Routing\\Middleware\\SubstituteBindings->handle(Object(Illuminate\\Http\\Request), Object(Closure))
#26 C:\\Users\\ana.abrantes\\Desktop\\projetos\\estagiarios\\estagiarios\\vendor\\laravel\\framework\\src\\Illuminate\\Foundation\\Http\\Middleware\\VerifyCsrfToken.php(78): Illuminate\\Pipeline\\Pipeline->Illuminate\\Pipeline\\{closure}(Object(Illuminate\\Http\\Request))
#27 C:\\Users\\ana.abrantes\\Desktop\\projetos\\estagiarios\\estagiarios\\vendor\\laravel\\framework\\src\\Illuminate\\Pipeline\\Pipeline.php(180): Illuminate\\Foundation\\Http\\Middleware\\VerifyCsrfToken->handle(Object(Illuminate\\Http\\Request), Object(Closure))
#28 C:\\Users\\ana.abrantes\\Desktop\\projetos\\estagiarios\\estagiarios\\vendor\\laravel\\framework\\src\\Illuminate\\View\\Middleware\\ShareErrorsFromSession.php(49): Illuminate\\Pipeline\\Pipeline->Illuminate\\Pipeline\\{closure}(Object(Illuminate\\Http\\Request))
#29 C:\\Users\\ana.abrantes\\Desktop\\projetos\\estagiarios\\estagiarios\\vendor\\laravel\\framework\\src\\Illuminate\\Pipeline\\Pipeline.php(180): Illuminate\\View\\Middleware\\ShareErrorsFromSession->handle(Object(Illuminate\\Http\\Request), Object(Closure))
#30 C:\\Users\\ana.abrantes\\Desktop\\projetos\\estagiarios\\estagiarios\\vendor\\laravel\\framework\\src\\Illuminate\\Session\\Middleware\\StartSession.php(121): Illuminate\\Pipeline\\Pipeline->Illuminate\\Pipeline\\{closure}(Object(Illuminate\\Http\\Request))
#31 C:\\Users\\ana.abrantes\\Desktop\\projetos\\estagiarios\\estagiarios\\vendor\\laravel\\framework\\src\\Illuminate\\Session\\Middleware\\StartSession.php(64): Illuminate\\Session\\Middleware\\StartSession->handleStatefulRequest(Object(Illuminate\\Http\\Request), Object(Illuminate\\Session\\Store), Object(Closure))
#32 C:\\Users\\ana.abrantes\\Desktop\\projetos\\estagiarios\\estagiarios\\vendor\\laravel\\framework\\src\\Illuminate\\Pipeline\\Pipeline.php(180): Illuminate\\Session\\Middleware\\StartSession->handle(Object(Illuminate\\Http\\Request), Object(Closure))
#33 C:\\Users\\ana.abrantes\\Desktop\\projetos\\estagiarios\\estagiarios\\vendor\\laravel\\framework\\src\\Illuminate\\Cookie\\Middleware\\AddQueuedCookiesToResponse.php(37): Illuminate\\Pipeline\\Pipeline->Illuminate\\Pipeline\\{closure}(Object(Illuminate\\Http\\Request))
#34 C:\\Users\\ana.abrantes\\Desktop\\projetos\\estagiarios\\estagiarios\\vendor\\laravel\\framework\\src\\Illuminate\\Pipeline\\Pipeline.php(180): Illuminate\\Cookie\\Middleware\\AddQueuedCookiesToResponse->handle(Object(Illuminate\\Http\\Request), Object(Closure))
#35 C:\\Users\\ana.abrantes\\Desktop\\projetos\\estagiarios\\estagiarios\\vendor\\laravel\\framework\\src\\Illuminate\\Cookie\\Middleware\\EncryptCookies.php(67): Illuminate\\Pipeline\\Pipeline->Illuminate\\Pipeline\\{closure}(Object(Illuminate\\Http\\Request))
#36 C:\\Users\\ana.abrantes\\Desktop\\projetos\\estagiarios\\estagiarios\\vendor\\laravel\\framework\\src\\Illuminate\\Pipeline\\Pipeline.php(180): Illuminate\\Cookie\\Middleware\\EncryptCookies->handle(Object(Illuminate\\Http\\Request), Object(Closure))
#37 C:\\Users\\ana.abrantes\\Desktop\\projetos\\estagiarios\\estagiarios\\vendor\\laravel\\framework\\src\\Illuminate\\Pipeline\\Pipeline.php(116): Illuminate\\Pipeline\\Pipeline->Illuminate\\Pipeline\\{closure}(Object(Illuminate\\Http\\Request))
#38 C:\\Users\\ana.abrantes\\Desktop\\projetos\\estagiarios\\estagiarios\\vendor\\laravel\\framework\\src\\Illuminate\\Routing\\Router.php(797): Illuminate\\Pipeline\\Pipeline->then(Object(Closure))
#39 C:\\Users\\ana.abrantes\\Desktop\\projetos\\estagiarios\\estagiarios\\vendor\\laravel\\framework\\src\\Illuminate\\Routing\\Router.php(776): Illuminate\\Routing\\Router->runRouteWithinStack(Object(Illuminate\\Routing\\Route), Object(Illuminate\\Http\\Request))
#40 C:\\Users\\ana.abrantes\\Desktop\\projetos\\estagiarios\\estagiarios\\vendor\\laravel\\framework\\src\\Illuminate\\Routing\\Router.php(740): Illuminate\\Routing\\Router->runRoute(Object(Illuminate\\Http\\Request), Object(Illuminate\\Routing\\Route))
#41 C:\\Users\\ana.abrantes\\Desktop\\projetos\\estagiarios\\estagiarios\\vendor\\laravel\\framework\\src\\Illuminate\\Routing\\Router.php(729): Illuminate\\Routing\\Router->dispatchToRoute(Object(Illuminate\\Http\\Request))
#42 C:\\Users\\ana.abrantes\\Desktop\\projetos\\estagiarios\\estagiarios\\vendor\\laravel\\framework\\src\\Illuminate\\Foundation\\Http\\Kernel.php(200): Illuminate\\Routing\\Router->dispatch(Object(Illuminate\\Http\\Request))
#43 C:\\Users\\ana.abrantes\\Desktop\\projetos\\estagiarios\\estagiarios\\vendor\\laravel\\framework\\src\\Illuminate\\Pipeline\\Pipeline.php(141): Illuminate\\Foundation\\Http\\Kernel->Illuminate\\Foundation\\Http\\{closure}(Object(Illuminate\\Http\\Request))
#44 C:\\Users\\ana.abrantes\\Desktop\\projetos\\estagiarios\\estagiarios\\vendor\\laravel\\framework\\src\\Illuminate\\Foundation\\Http\\Middleware\\TransformsRequest.php(21): Illuminate\\Pipeline\\Pipeline->Illuminate\\Pipeline\\{closure}(Object(Illuminate\\Http\\Request))
#45 C:\\Users\\ana.abrantes\\Desktop\\projetos\\estagiarios\\estagiarios\\vendor\\laravel\\framework\\src\\Illuminate\\Foundation\\Http\\Middleware\\ConvertEmptyStringsToNull.php(31): Illuminate\\Foundation\\Http\\Middleware\\TransformsRequest->handle(Object(Illuminate\\Http\\Request), Object(Closure))
#46 C:\\Users\\ana.abrantes\\Desktop\\projetos\\estagiarios\\estagiarios\\vendor\\laravel\\framework\\src\\Illuminate\\Pipeline\\Pipeline.php(180): Illuminate\\Foundation\\Http\\Middleware\\ConvertEmptyStringsToNull->handle(Object(Illuminate\\Http\\Request), Object(Closure))
#47 C:\\Users\\ana.abrantes\\Desktop\\projetos\\estagiarios\\estagiarios\\vendor\\laravel\\framework\\src\\Illuminate\\Foundation\\Http\\Middleware\\TransformsRequest.php(21): Illuminate\\Pipeline\\Pipeline->Illuminate\\Pipeline\\{closure}(Object(Illuminate\\Http\\Request))
#48 C:\\Users\\ana.abrantes\\Desktop\\projetos\\estagiarios\\estagiarios\\vendor\\laravel\\framework\\src\\Illuminate\\Foundation\\Http\\Middleware\\TrimStrings.php(40): Illuminate\\Foundation\\Http\\Middleware\\TransformsRequest->handle(Object(Illuminate\\Http\\Request), Object(Closure))
#49 C:\\Users\\ana.abrantes\\Desktop\\projetos\\estagiarios\\estagiarios\\vendor\\laravel\\framework\\src\\Illuminate\\Pipeline\\Pipeline.php(180): Illuminate\\Foundation\\Http\\Middleware\\TrimStrings->handle(Object(Illuminate\\Http\\Request), Object(Closure))
#50 C:\\Users\\ana.abrantes\\Desktop\\projetos\\estagiarios\\estagiarios\\vendor\\laravel\\framework\\src\\Illuminate\\Foundation\\Http\\Middleware\\ValidatePostSize.php(27): Illuminate\\Pipeline\\Pipeline->Illuminate\\Pipeline\\{closure}(Object(Illuminate\\Http\\Request))
#51 C:\\Users\\ana.abrantes\\Desktop\\projetos\\estagiarios\\estagiarios\\vendor\\laravel\\framework\\src\\Illuminate\\Pipeline\\Pipeline.php(180): Illuminate\\Foundation\\Http\\Middleware\\ValidatePostSize->handle(Object(Illuminate\\Http\\Request), Object(Closure))
#52 C:\\Users\\ana.abrantes\\Desktop\\projetos\\estagiarios\\estagiarios\\vendor\\laravel\\framework\\src\\Illuminate\\Foundation\\Http\\Middleware\\PreventRequestsDuringMaintenance.php(86): Illuminate\\Pipeline\\Pipeline->Illuminate\\Pipeline\\{closure}(Object(Illuminate\\Http\\Request))
#53 C:\\Users\\ana.abrantes\\Desktop\\projetos\\estagiarios\\estagiarios\\vendor\\laravel\\framework\\src\\Illuminate\\Pipeline\\Pipeline.php(180): Illuminate\\Foundation\\Http\\Middleware\\PreventRequestsDuringMaintenance->handle(Object(Illuminate\\Http\\Request), Object(Closure))
#54 C:\\Users\\ana.abrantes\\Desktop\\projetos\\estagiarios\\estagiarios\\vendor\\laravel\\framework\\src\\Illuminate\\Http\\Middleware\\HandleCors.php(49): Illuminate\\Pipeline\\Pipeline->Illuminate\\Pipeline\\{closure}(Object(Illuminate\\Http\\Request))
#55 C:\\Users\\ana.abrantes\\Desktop\\projetos\\estagiarios\\estagiarios\\vendor\\laravel\\framework\\src\\Illuminate\\Pipeline\\Pipeline.php(180): Illuminate\\Http\\Middleware\\HandleCors->handle(Object(Illuminate\\Http\\Request), Object(Closure))
#56 C:\\Users\\ana.abrantes\\Desktop\\projetos\\estagiarios\\estagiarios\\vendor\\laravel\\framework\\src\\Illuminate\\Http\\Middleware\\TrustProxies.php(39): Illuminate\\Pipeline\\Pipeline->Illuminate\\Pipeline\\{closure}(Object(Illuminate\\Http\\Request))
#57 C:\\Users\\ana.abrantes\\Desktop\\projetos\\estagiarios\\estagiarios\\vendor\\laravel\\framework\\src\\Illuminate\\Pipeline\\Pipeline.php(180): Illuminate\\Http\\Middleware\\TrustProxies->handle(Object(Illuminate\\Http\\Request), Object(Closure))
#58 C:\\Users\\ana.abrantes\\Desktop\\projetos\\estagiarios\\estagiarios\\vendor\\laravel\\framework\\src\\Illuminate\\Pipeline\\Pipeline.php(116): Illuminate\\Pipeline\\Pipeline->Illuminate\\Pipeline\\{closure}(Object(Illuminate\\Http\\Request))
#59 C:\\Users\\ana.abrantes\\Desktop\\projetos\\estagiarios\\estagiarios\\vendor\\laravel\\framework\\src\\Illuminate\\Foundation\\Http\\Kernel.php(175): Illuminate\\Pipeline\\Pipeline->then(Object(Closure))
#60 C:\\Users\\ana.abrantes\\Desktop\\projetos\\estagiarios\\estagiarios\\vendor\\laravel\\framework\\src\\Illuminate\\Foundation\\Http\\Kernel.php(144): Illuminate\\Foundation\\Http\\Kernel->sendRequestThroughRouter(Object(Illuminate\\Http\\Request))
#61 C:\\Users\\ana.abrantes\\Desktop\\projetos\\estagiarios\\estagiarios\\public\\index.php(51): Illuminate\\Foundation\\Http\\Kernel->handle(Object(Illuminate\\Http\\Request))
#62 C:\\Users\\ana.abrantes\\Desktop\\projetos\\estagiarios\\estagiarios\\vendor\\laravel\\framework\\src\\Illuminate\\Foundation\\resources\\server.php(16): require_once('C:\\\\Users\\\\ana.ab...')
#63 {main}

[previous exception] [object] (Illuminate\\Database\\SQLiteDatabaseDoesNotExistException(code: 0): Database file at path [estagiarios] does not exist. Ensure this is an absolute path to the database. at C:\\Users\\ana.abrantes\\Desktop\\projetos\\estagiarios\\estagiarios\\vendor\\laravel\\framework\\src\\Illuminate\\Database\\Connectors\\SQLiteConnector.php:34)
[stacktrace]
#0 C:\\Users\\ana.abrantes\\Desktop\\projetos\\estagiarios\\estagiarios\\vendor\\laravel\\framework\\src\\Illuminate\\Database\\Connectors\\ConnectionFactory.php(221): Illuminate\\Database\\Connectors\\SQLiteConnector->connect(Array)
#1 [internal function]: Illuminate\\Database\\Connectors\\ConnectionFactory->Illuminate\\Database\\Connectors\\{closure}()
#2 C:\\Users\\ana.abrantes\\Desktop\\projetos\\estagiarios\\estagiarios\\vendor\\laravel\\framework\\src\\Illuminate\\Database\\Connection.php(1210): call_user_func(Object(Closure))
#3 C:\\Users\\ana.abrantes\\Desktop\\projetos\\estagiarios\\estagiarios\\vendor\\laravel\\framework\\src\\Illuminate\\Database\\Connection.php(572): Illuminate\\Database\\Connection->getPdo()
#4 C:\\Users\\ana.abrantes\\Desktop\\projetos\\estagiarios\\estagiarios\\vendor\\laravel\\framework\\src\\Illuminate\\Database\\Connection.php(786): Illuminate\\Database\\Connection->Illuminate\\Database\\{closure}('PRAGMA foreign_...', Array)
#5 C:\\Users\\ana.abrantes\\Desktop\\projetos\\estagiarios\\estagiarios\\vendor\\laravel\\framework\\src\\Illuminate\\Database\\Connection.php(753): Illuminate\\Database\\Connection->runQueryCallback('PRAGMA foreign_...', Array, Object(Closure))
#6 C:\\Users\\ana.abrantes\\Desktop\\projetos\\estagiarios\\estagiarios\\vendor\\laravel\\framework\\src\\Illuminate\\Database\\Connection.php(567): Illuminate\\Database\\Connection->run('PRAGMA foreign_...', Array, Object(Closure))
#7 C:\\Users\\ana.abrantes\\Desktop\\projetos\\estagiarios\\estagiarios\\vendor\\laravel\\framework\\src\\Illuminate\\Database\\Schema\\Builder.php(397): Illuminate\\Database\\Connection->statement('PRAGMA foreign_...')
#8 C:\\Users\\ana.abrantes\\Desktop\\projetos\\estagiarios\\estagiarios\\vendor\\laravel\\framework\\src\\Illuminate\\Database\\SQLiteConnection.php(35): Illuminate\\Database\\Schema\\Builder->enableForeignKeyConstraints()
#9 C:\\Users\\ana.abrantes\\Desktop\\projetos\\estagiarios\\estagiarios\\vendor\\laravel\\framework\\src\\Illuminate\\Database\\Connectors\\ConnectionFactory.php(272): Illuminate\\Database\\SQLiteConnection->__construct(Object(Closure), 'estagiarios', '', Array)
#10 C:\\Users\\ana.abrantes\\Desktop\\projetos\\estagiarios\\estagiarios\\vendor\\laravel\\framework\\src\\Illuminate\\Database\\Connectors\\ConnectionFactory.php(75): Illuminate\\Database\\Connectors\\ConnectionFactory->createConnection('sqlite', Object(Closure), 'estagiarios', '', Array)
#11 C:\\Users\\ana.abrantes\\Desktop\\projetos\\estagiarios\\estagiarios\\vendor\\laravel\\framework\\src\\Illuminate\\Database\\Connectors\\ConnectionFactory.php(50): Illuminate\\Database\\Connectors\\ConnectionFactory->createSingleConnection(Array)
#12 C:\\Users\\ana.abrantes\\Desktop\\projetos\\estagiarios\\estagiarios\\vendor\\laravel\\framework\\src\\Illuminate\\Database\\DatabaseManager.php(152): Illuminate\\Database\\Connectors\\ConnectionFactory->make(Array, 'sqlite')
#13 C:\\Users\\ana.abrantes\\Desktop\\projetos\\estagiarios\\estagiarios\\vendor\\laravel\\framework\\src\\Illuminate\\Database\\DatabaseManager.php(101): Illuminate\\Database\\DatabaseManager->makeConnection('sqlite')
#14 C:\\Users\\ana.abrantes\\Desktop\\projetos\\estagiarios\\estagiarios\\vendor\\laravel\\framework\\src\\Illuminate\\Database\\Eloquent\\Model.php(1820): Illuminate\\Database\\DatabaseManager->connection('sqlite')
#15 C:\\Users\\ana.abrantes\\Desktop\\projetos\\estagiarios\\estagiarios\\vendor\\laravel\\framework\\src\\Illuminate\\Database\\Eloquent\\Model.php(1786): Illuminate\\Database\\Eloquent\\Model::resolveConnection(NULL)
#16 C:\\Users\\ana.abrantes\\Desktop\\projetos\\estagiarios\\estagiarios\\vendor\\laravel\\framework\\src\\Illuminate\\Database\\Eloquent\\Model.php(1578): Illuminate\\Database\\Eloquent\\Model->getConnection()
#17 C:\\Users\\ana.abrantes\\Desktop\\projetos\\estagiarios\\estagiarios\\vendor\\laravel\\framework\\src\\Illuminate\\Database\\Eloquent\\Model.php(1497): Illuminate\\Database\\Eloquent\\Model->newBaseQueryBuilder()
#18 C:\\Users\\ana.abrantes\\Desktop\\projetos\\estagiarios\\estagiarios\\vendor\\laravel\\framework\\src\\Illuminate\\Database\\Eloquent\\Model.php(1533): Illuminate\\Database\\Eloquent\\Model->newModelQuery()
#19 C:\\Users\\ana.abrantes\\Desktop\\projetos\\estagiarios\\estagiarios\\vendor\\laravel\\framework\\src\\Illuminate\\Database\\Eloquent\\Model.php(1486): Illuminate\\Database\\Eloquent\\Model->newQueryWithoutScopes()
#20 C:\\Users\\ana.abrantes\\Desktop\\projetos\\estagiarios\\estagiarios\\vendor\\laravel\\framework\\src\\Illuminate\\Database\\Eloquent\\Model.php(1476): Illuminate\\Database\\Eloquent\\Model->newQuery()
#21 C:\\Users\\ana.abrantes\\Desktop\\projetos\\estagiarios\\estagiarios\\vendor\\laravel\\framework\\src\\Illuminate\\Database\\Eloquent\\Model.php(674): Illuminate\\Database\\Eloquent\\Model::query()
#22 C:\\Users\\ana.abrantes\\Desktop\\projetos\\estagiarios\\estagiarios\\app\\Http\\Controllers\\EstagiarioController.php(14): Illuminate\\Database\\Eloquent\\Model::all()
#23 C:\\Users\\ana.abrantes\\Desktop\\projetos\\estagiarios\\estagiarios\\vendor\\laravel\\framework\\src\\Illuminate\\Routing\\Controller.php(54): App\\Http\\Controllers\\EstagiarioController->index()
#24 C:\\Users\\ana.abrantes\\Desktop\\projetos\\estagiarios\\estagiarios\\vendor\\laravel\\framework\\src\\Illuminate\\Routing\\ControllerDispatcher.php(43): Illuminate\\Routing\\Controller->callAction('index', Array)
#25 C:\\Users\\ana.abrantes\\Desktop\\projetos\\estagiarios\\estagiarios\\vendor\\laravel\\framework\\src\\Illuminate\\Routing\\Route.php(259): Illuminate\\Routing\\ControllerDispatcher->dispatch(Object(Illuminate\\Routing\\Route), Object(App\\Http\\Controllers\\EstagiarioController), 'index')
#26 C:\\Users\\ana.abrantes\\Desktop\\projetos\\estagiarios\\estagiarios\\vendor\\laravel\\framework\\src\\Illuminate\\Routing\\Route.php(205): Illuminate\\Routing\\Route->runController()
#27 C:\\Users\\ana.abrantes\\Desktop\\projetos\\estagiarios\\estagiarios\\vendor\\laravel\\framework\\src\\Illuminate\\Routing\\Router.php(798): Illuminate\\Routing\\Route->run()
#28 C:\\Users\\ana.abrantes\\Desktop\\projetos\\estagiarios\\estagiarios\\vendor\\laravel\\framework\\src\\Illuminate\\Pipeline\\Pipeline.php(141): Illuminate\\Routing\\Router->Illuminate\\Routing\\{closure}(Object(Illuminate\\Http\\Request))
#29 C:\\Users\\ana.abrantes\\Desktop\\projetos\\estagiarios\\estagiarios\\vendor\\laravel\\framework\\src\\Illuminate\\Routing\\Middleware\\SubstituteBindings.php(50): Illuminate\\Pipeline\\Pipeline->Illuminate\\Pipeline\\{closure}(Object(Illuminate\\Http\\Request))
#30 C:\\Users\\ana.abrantes\\Desktop\\projetos\\estagiarios\\estagiarios\\vendor\\laravel\\framework\\src\\Illuminate\\Pipeline\\Pipeline.php(180): Illuminate\\Routing\\Middleware\\SubstituteBindings->handle(Object(Illuminate\\Http\\Request), Object(Closure))
#31 C:\\Users\\ana.abrantes\\Desktop\\projetos\\estagiarios\\estagiarios\\vendor\\laravel\\framework\\src\\Illuminate\\Foundation\\Http\\Middleware\\VerifyCsrfToken.php(78): Illuminate\\Pipeline\\Pipeline->Illuminate\\Pipeline\\{closure}(Object(Illuminate\\Http\\Request))
#32 C:\\Users\\ana.abrantes\\Desktop\\projetos\\estagiarios\\estagiarios\\vendor\\laravel\\framework\\src\\Illuminate\\Pipeline\\Pipeline.php(180): Illuminate\\Foundation\\Http\\Middleware\\VerifyCsrfToken->handle(Object(Illuminate\\Http\\Request), Object(Closure))
#33 C:\\Users\\ana.abrantes\\Desktop\\projetos\\estagiarios\\estagiarios\\vendor\\laravel\\framework\\src\\Illuminate\\View\\Middleware\\ShareErrorsFromSession.php(49): Illuminate\\Pipeline\\Pipeline->Illuminate\\Pipeline\\{closure}(Object(Illuminate\\Http\\Request))
#34 C:\\Users\\ana.abrantes\\Desktop\\projetos\\estagiarios\\estagiarios\\vendor\\laravel\\framework\\src\\Illuminate\\Pipeline\\Pipeline.php(180): Illuminate\\View\\Middleware\\ShareErrorsFromSession->handle(Object(Illuminate\\Http\\Request), Object(Closure))
#35 C:\\Users\\ana.abrantes\\Desktop\\projetos\\estagiarios\\estagiarios\\vendor\\laravel\\framework\\src\\Illuminate\\Session\\Middleware\\StartSession.php(121): Illuminate\\Pipeline\\Pipeline->Illuminate\\Pipeline\\{closure}(Object(Illuminate\\Http\\Request))
#36 C:\\Users\\ana.abrantes\\Desktop\\projetos\\estagiarios\\estagiarios\\vendor\\laravel\\framework\\src\\Illuminate\\Session\\Middleware\\StartSession.php(64): Illuminate\\Session\\Middleware\\StartSession->handleStatefulRequest(Object(Illuminate\\Http\\Request), Object(Illuminate\\Session\\Store), Object(Closure))
#37 C:\\Users\\ana.abrantes\\Desktop\\projetos\\estagiarios\\estagiarios\\vendor\\laravel\\framework\\src\\Illuminate\\Pipeline\\Pipeline.php(180): Illuminate\\Session\\Middleware\\StartSession->handle(Object(Illuminate\\Http\\Request), Object(Closure))
#38 C:\\Users\\ana.abrantes\\Desktop\\projetos\\estagiarios\\estagiarios\\vendor\\laravel\\framework\\src\\Illuminate\\Cookie\\Middleware\\AddQueuedCookiesToResponse.php(37): Illuminate\\Pipeline\\Pipeline->Illuminate\\Pipeline\\{closure}(Object(Illuminate\\Http\\Request))
#39 C:\\Users\\ana.abrantes\\Desktop\\projetos\\estagiarios\\estagiarios\\vendor\\laravel\\framework\\src\\Illuminate\\Pipeline\\Pipeline.php(180): Illuminate\\Cookie\\Middleware\\AddQueuedCookiesToResponse->handle(Object(Illuminate\\Http\\Request), Object(Closure))
#40 C:\\Users\\ana.abrantes\\Desktop\\projetos\\estagiarios\\estagiarios\\vendor\\laravel\\framework\\src\\Illuminate\\Cookie\\Middleware\\EncryptCookies.php(67): Illuminate\\Pipeline\\Pipeline->Illuminate\\Pipeline\\{closure}(Object(Illuminate\\Http\\Request))
#41 C:\\Users\\ana.abrantes\\Desktop\\projetos\\estagiarios\\estagiarios\\vendor\\laravel\\framework\\src\\Illuminate\\Pipeline\\Pipeline.php(180): Illuminate\\Cookie\\Middleware\\EncryptCookies->handle(Object(Illuminate\\Http\\Request), Object(Closure))
#42 C:\\Users\\ana.abrantes\\Desktop\\projetos\\estagiarios\\estagiarios\\vendor\\laravel\\framework\\src\\Illuminate\\Pipeline\\Pipeline.php(116): Illuminate\\Pipeline\\Pipeline->Illuminate\\Pipeline\\{closure}(Object(Illuminate\\Http\\Request))
#43 C:\\Users\\ana.abrantes\\Desktop\\projetos\\estagiarios\\estagiarios\\vendor\\laravel\\framework\\src\\Illuminate\\Routing\\Router.php(797): Illuminate\\Pipeline\\Pipeline->then(Object(Closure))
#44 C:\\Users\\ana.abrantes\\Desktop\\projetos\\estagiarios\\estagiarios\\vendor\\laravel\\framework\\src\\Illuminate\\Routing\\Router.php(776): Illuminate\\Routing\\Router->runRouteWithinStack(Object(Illuminate\\Routing\\Route), Object(Illuminate\\Http\\Request))
#45 C:\\Users\\ana.abrantes\\Desktop\\projetos\\estagiarios\\estagiarios\\vendor\\laravel\\framework\\src\\Illuminate\\Routing\\Router.php(740): Illuminate\\Routing\\Router->runRoute(Object(Illuminate\\Http\\Request), Object(Illuminate\\Routing\\Route))
#46 C:\\Users\\ana.abrantes\\Desktop\\projetos\\estagiarios\\estagiarios\\vendor\\laravel\\framework\\src\\Illuminate\\Routing\\Router.php(729): Illuminate\\Routing\\Router->dispatchToRoute(Object(Illuminate\\Http\\Request))
#47 C:\\Users\\ana.abrantes\\Desktop\\projetos\\estagiarios\\estagiarios\\vendor\\laravel\\framework\\src\\Illuminate\\Foundation\\Http\\Kernel.php(200): Illuminate\\Routing\\Router->dispatch(Object(Illuminate\\Http\\Request))
#48 C:\\Users\\ana.abrantes\\Desktop\\projetos\\estagiarios\\estagiarios\\vendor\\laravel\\framework\\src\\Illuminate\\Pipeline\\Pipeline.php(141): Illuminate\\Foundation\\Http\\Kernel->Illuminate\\Foundation\\Http\\{closure}(Object(Illuminate\\Http\\Request))
#49 C:\\Users\\ana.abrantes\\Desktop\\projetos\\estagiarios\\estagiarios\\vendor\\laravel\\framework\\src\\Illuminate\\Foundation\\Http\\Middleware\\TransformsRequest.php(21): Illuminate\\Pipeline\\Pipeline->Illuminate\\Pipeline\\{closure}(Object(Illuminate\\Http\\Request))
#50 C:\\Users\\ana.abrantes\\Desktop\\projetos\\estagiarios\\estagiarios\\vendor\\laravel\\framework\\src\\Illuminate\\Foundation\\Http\\Middleware\\ConvertEmptyStringsToNull.php(31): Illuminate\\Foundation\\Http\\Middleware\\TransformsRequest->handle(Object(Illuminate\\Http\\Request), Object(Closure))
#51 C:\\Users\\ana.abrantes\\Desktop\\projetos\\estagiarios\\estagiarios\\vendor\\laravel\\framework\\src\\Illuminate\\Pipeline\\Pipeline.php(180): Illuminate\\Foundation\\Http\\Middleware\\ConvertEmptyStringsToNull->handle(Object(Illuminate\\Http\\Request), Object(Closure))
#52 C:\\Users\\ana.abrantes\\Desktop\\projetos\\estagiarios\\estagiarios\\vendor\\laravel\\framework\\src\\Illuminate\\Foundation\\Http\\Middleware\\TransformsRequest.php(21): Illuminate\\Pipeline\\Pipeline->Illuminate\\Pipeline\\{closure}(Object(Illuminate\\Http\\Request))
#53 C:\\Users\\ana.abrantes\\Desktop\\projetos\\estagiarios\\estagiarios\\vendor\\laravel\\framework\\src\\Illuminate\\Foundation\\Http\\Middleware\\TrimStrings.php(40): Illuminate\\Foundation\\Http\\Middleware\\TransformsRequest->handle(Object(Illuminate\\Http\\Request), Object(Closure))
#54 C:\\Users\\ana.abrantes\\Desktop\\projetos\\estagiarios\\estagiarios\\vendor\\laravel\\framework\\src\\Illuminate\\Pipeline\\Pipeline.php(180): Illuminate\\Foundation\\Http\\Middleware\\TrimStrings->handle(Object(Illuminate\\Http\\Request), Object(Closure))
#55 C:\\Users\\ana.abrantes\\Desktop\\projetos\\estagiarios\\estagiarios\\vendor\\laravel\\framework\\src\\Illuminate\\Foundation\\Http\\Middleware\\ValidatePostSize.php(27): Illuminate\\Pipeline\\Pipeline->Illuminate\\Pipeline\\{closure}(Object(Illuminate\\Http\\Request))
#56 C:\\Users\\ana.abrantes\\Desktop\\projetos\\estagiarios\\estagiarios\\vendor\\laravel\\framework\\src\\Illuminate\\Pipeline\\Pipeline.php(180): Illuminate\\Foundation\\Http\\Middleware\\ValidatePostSize->handle(Object(Illuminate\\Http\\Request), Object(Closure))
#57 C:\\Users\\ana.abrantes\\Desktop\\projetos\\estagiarios\\estagiarios\\vendor\\laravel\\framework\\src\\Illuminate\\Foundation\\Http\\Middleware\\PreventRequestsDuringMaintenance.php(86): Illuminate\\Pipeline\\Pipeline->Illuminate\\Pipeline\\{closure}(Object(Illuminate\\Http\\Request))
#58 C:\\Users\\ana.abrantes\\Desktop\\projetos\\estagiarios\\estagiarios\\vendor\\laravel\\framework\\src\\Illuminate\\Pipeline\\Pipeline.php(180): Illuminate\\Foundation\\Http\\Middleware\\PreventRequestsDuringMaintenance->handle(Object(Illuminate\\Http\\Request), Object(Closure))
#59 C:\\Users\\ana.abrantes\\Desktop\\projetos\\estagiarios\\estagiarios\\vendor\\laravel\\framework\\src\\Illuminate\\Http\\Middleware\\HandleCors.php(49): Illuminate\\Pipeline\\Pipeline->Illuminate\\Pipeline\\{closure}(Object(Illuminate\\Http\\Request))
#60 C:\\Users\\ana.abrantes\\Desktop\\projetos\\estagiarios\\estagiarios\\vendor\\laravel\\framework\\src\\Illuminate\\Pipeline\\Pipeline.php(180): Illuminate\\Http\\Middleware\\HandleCors->handle(Object(Illuminate\\Http\\Request), Object(Closure))
#61 C:\\Users\\ana.abrantes\\Desktop\\projetos\\estagiarios\\estagiarios\\vendor\\laravel\\framework\\src\\Illuminate\\Http\\Middleware\\TrustProxies.php(39): Illuminate\\Pipeline\\Pipeline->Illuminate\\Pipeline\\{closure}(Object(Illuminate\\Http\\Request))
#62 C:\\Users\\ana.abrantes\\Desktop\\projetos\\estagiarios\\estagiarios\\vendor\\laravel\\framework\\src\\Illuminate\\Pipeline\\Pipeline.php(180): Illuminate\\Http\\Middleware\\TrustProxies->handle(Object(Illuminate\\Http\\Request), Object(Closure))
#63 C:\\Users\\ana.abrantes\\Desktop\\projetos\\estagiarios\\estagiarios\\vendor\\laravel\\framework\\src\\Illuminate\\Pipeline\\Pipeline.php(116): Illuminate\\Pipeline\\Pipeline->Illuminate\\Pipeline\\{closure}(Object(Illuminate\\Http\\Request))
#64 C:\\Users\\ana.abrantes\\Desktop\\projetos\\estagiarios\\estagiarios\\vendor\\laravel\\framework\\src\\Illuminate\\Foundation\\Http\\Kernel.php(175): Illuminate\\Pipeline\\Pipeline->then(Object(Closure))
#65 C:\\Users\\ana.abrantes\\Desktop\\projetos\\estagiarios\\estagiarios\\vendor\\laravel\\framework\\src\\Illuminate\\Foundation\\Http\\Kernel.php(144): Illuminate\\Foundation\\Http\\Kernel->sendRequestThroughRouter(Object(Illuminate\\Http\\Request))
#66 C:\\Users\\ana.abrantes\\Desktop\\projetos\\estagiarios\\estagiarios\\public\\index.php(51): Illuminate\\Foundation\\Http\\Kernel->handle(Object(Illuminate\\Http\\Request))
#67 C:\\Users\\ana.abrantes\\Desktop\\projetos\\estagiarios\\estagiarios\\vendor\\laravel\\framework\\src\\Illuminate\\Foundation\\resources\\server.php(16): require_once('C:\\\\Users\\\\ana.ab...')
#68 {main}
"} 
[2023-06-16 15:12:08] local.ERROR: Database file at path [estagiarios] does not exist. Ensure this is an absolute path to the database. (Connection: sqlite, SQL: PRAGMA foreign_keys = ON;) {"exception":"[object] (Illuminate\\Database\\QueryException(code: 0): Database file at path [estagiarios] does not exist. Ensure this is an absolute path to the database. (Connection: sqlite, SQL: PRAGMA foreign_keys = ON;) at C:\\Users\\ana.abrantes\\Desktop\\projetos\\estagiarios\\estagiarios\\vendor\\laravel\\framework\\src\\Illuminate\\Database\\Connection.php:793)
[stacktrace]
#0 C:\\Users\\ana.abrantes\\Desktop\\projetos\\estagiarios\\estagiarios\\vendor\\laravel\\framework\\src\\Illuminate\\Database\\Connection.php(753): Illuminate\\Database\\Connection->runQueryCallback('PRAGMA foreign_...', Array, Object(Closure))
#1 C:\\Users\\ana.abrantes\\Desktop\\projetos\\estagiarios\\estagiarios\\vendor\\laravel\\framework\\src\\Illuminate\\Database\\Connection.php(567): Illuminate\\Database\\Connection->run('PRAGMA foreign_...', Array, Object(Closure))
#2 C:\\Users\\ana.abrantes\\Desktop\\projetos\\estagiarios\\estagiarios\\vendor\\laravel\\framework\\src\\Illuminate\\Database\\Schema\\Builder.php(397): Illuminate\\Database\\Connection->statement('PRAGMA foreign_...')
#3 C:\\Users\\ana.abrantes\\Desktop\\projetos\\estagiarios\\estagiarios\\vendor\\laravel\\framework\\src\\Illuminate\\Database\\SQLiteConnection.php(35): Illuminate\\Database\\Schema\\Builder->enableForeignKeyConstraints()
#4 C:\\Users\\ana.abrantes\\Desktop\\projetos\\estagiarios\\estagiarios\\vendor\\laravel\\framework\\src\\Illuminate\\Database\\Connectors\\ConnectionFactory.php(272): Illuminate\\Database\\SQLiteConnection->__construct(Object(Closure), 'estagiarios', '', Array)
#5 C:\\Users\\ana.abrantes\\Desktop\\projetos\\estagiarios\\estagiarios\\vendor\\laravel\\framework\\src\\Illuminate\\Database\\Connectors\\ConnectionFactory.php(75): Illuminate\\Database\\Connectors\\ConnectionFactory->createConnection('sqlite', Object(Closure), 'estagiarios', '', Array)
#6 C:\\Users\\ana.abrantes\\Desktop\\projetos\\estagiarios\\estagiarios\\vendor\\laravel\\framework\\src\\Illuminate\\Database\\Connectors\\ConnectionFactory.php(50): Illuminate\\Database\\Connectors\\ConnectionFactory->createSingleConnection(Array)
#7 C:\\Users\\ana.abrantes\\Desktop\\projetos\\estagiarios\\estagiarios\\vendor\\laravel\\framework\\src\\Illuminate\\Database\\DatabaseManager.php(152): Illuminate\\Database\\Connectors\\ConnectionFactory->make(Array, 'sqlite')
#8 C:\\Users\\ana.abrantes\\Desktop\\projetos\\estagiarios\\estagiarios\\vendor\\laravel\\framework\\src\\Illuminate\\Database\\DatabaseManager.php(101): Illuminate\\Database\\DatabaseManager->makeConnection('sqlite')
#9 C:\\Users\\ana.abrantes\\Desktop\\projetos\\estagiarios\\estagiarios\\vendor\\laravel\\framework\\src\\Illuminate\\Database\\Eloquent\\Model.php(1820): Illuminate\\Database\\DatabaseManager->connection('sqlite')
#10 C:\\Users\\ana.abrantes\\Desktop\\projetos\\estagiarios\\estagiarios\\vendor\\laravel\\framework\\src\\Illuminate\\Database\\Eloquent\\Model.php(1786): Illuminate\\Database\\Eloquent\\Model::resolveConnection(NULL)
#11 C:\\Users\\ana.abrantes\\Desktop\\projetos\\estagiarios\\estagiarios\\vendor\\laravel\\framework\\src\\Illuminate\\Database\\Eloquent\\Model.php(1578): Illuminate\\Database\\Eloquent\\Model->getConnection()
#12 C:\\Users\\ana.abrantes\\Desktop\\projetos\\estagiarios\\estagiarios\\vendor\\laravel\\framework\\src\\Illuminate\\Database\\Eloquent\\Model.php(1497): Illuminate\\Database\\Eloquent\\Model->newBaseQueryBuilder()
#13 C:\\Users\\ana.abrantes\\Desktop\\projetos\\estagiarios\\estagiarios\\vendor\\laravel\\framework\\src\\Illuminate\\Database\\Eloquent\\Model.php(1533): Illuminate\\Database\\Eloquent\\Model->newModelQuery()
#14 C:\\Users\\ana.abrantes\\Desktop\\projetos\\estagiarios\\estagiarios\\vendor\\laravel\\framework\\src\\Illuminate\\Database\\Eloquent\\Model.php(1486): Illuminate\\Database\\Eloquent\\Model->newQueryWithoutScopes()
#15 C:\\Users\\ana.abrantes\\Desktop\\projetos\\estagiarios\\estagiarios\\vendor\\laravel\\framework\\src\\Illuminate\\Database\\Eloquent\\Model.php(1476): Illuminate\\Database\\Eloquent\\Model->newQuery()
#16 C:\\Users\\ana.abrantes\\Desktop\\projetos\\estagiarios\\estagiarios\\vendor\\laravel\\framework\\src\\Illuminate\\Database\\Eloquent\\Model.php(674): Illuminate\\Database\\Eloquent\\Model::query()
#17 C:\\Users\\ana.abrantes\\Desktop\\projetos\\estagiarios\\estagiarios\\app\\Http\\Controllers\\EstagiarioController.php(14): Illuminate\\Database\\Eloquent\\Model::all()
#18 C:\\Users\\ana.abrantes\\Desktop\\projetos\\estagiarios\\estagiarios\\vendor\\laravel\\framework\\src\\Illuminate\\Routing\\Controller.php(54): App\\Http\\Controllers\\EstagiarioController->index()
#19 C:\\Users\\ana.abrantes\\Desktop\\projetos\\estagiarios\\estagiarios\\vendor\\laravel\\framework\\src\\Illuminate\\Routing\\ControllerDispatcher.php(43): Illuminate\\Routing\\Controller->callAction('index', Array)
#20 C:\\Users\\ana.abrantes\\Desktop\\projetos\\estagiarios\\estagiarios\\vendor\\laravel\\framework\\src\\Illuminate\\Routing\\Route.php(259): Illuminate\\Routing\\ControllerDispatcher->dispatch(Object(Illuminate\\Routing\\Route), Object(App\\Http\\Controllers\\EstagiarioController), 'index')
#21 C:\\Users\\ana.abrantes\\Desktop\\projetos\\estagiarios\\estagiarios\\vendor\\laravel\\framework\\src\\Illuminate\\Routing\\Route.php(205): Illuminate\\Routing\\Route->runController()
#22 C:\\Users\\ana.abrantes\\Desktop\\projetos\\estagiarios\\estagiarios\\vendor\\laravel\\framework\\src\\Illuminate\\Routing\\Router.php(798): Illuminate\\Routing\\Route->run()
#23 C:\\Users\\ana.abrantes\\Desktop\\projetos\\estagiarios\\estagiarios\\vendor\\laravel\\framework\\src\\Illuminate\\Pipeline\\Pipeline.php(141): Illuminate\\Routing\\Router->Illuminate\\Routing\\{closure}(Object(Illuminate\\Http\\Request))
#24 C:\\Users\\ana.abrantes\\Desktop\\projetos\\estagiarios\\estagiarios\\vendor\\laravel\\framework\\src\\Illuminate\\Routing\\Middleware\\SubstituteBindings.php(50): Illuminate\\Pipeline\\Pipeline->Illuminate\\Pipeline\\{closure}(Object(Illuminate\\Http\\Request))
#25 C:\\Users\\ana.abrantes\\Desktop\\projetos\\estagiarios\\estagiarios\\vendor\\laravel\\framework\\src\\Illuminate\\Pipeline\\Pipeline.php(180): Illuminate\\Routing\\Middleware\\SubstituteBindings->handle(Object(Illuminate\\Http\\Request), Object(Closure))
#26 C:\\Users\\ana.abrantes\\Desktop\\projetos\\estagiarios\\estagiarios\\vendor\\laravel\\framework\\src\\Illuminate\\Foundation\\Http\\Middleware\\VerifyCsrfToken.php(78): Illuminate\\Pipeline\\Pipeline->Illuminate\\Pipeline\\{closure}(Object(Illuminate\\Http\\Request))
#27 C:\\Users\\ana.abrantes\\Desktop\\projetos\\estagiarios\\estagiarios\\vendor\\laravel\\framework\\src\\Illuminate\\Pipeline\\Pipeline.php(180): Illuminate\\Foundation\\Http\\Middleware\\VerifyCsrfToken->handle(Object(Illuminate\\Http\\Request), Object(Closure))
#28 C:\\Users\\ana.abrantes\\Desktop\\projetos\\estagiarios\\estagiarios\\vendor\\laravel\\framework\\src\\Illuminate\\View\\Middleware\\ShareErrorsFromSession.php(49): Illuminate\\Pipeline\\Pipeline->Illuminate\\Pipeline\\{closure}(Object(Illuminate\\Http\\Request))
#29 C:\\Users\\ana.abrantes\\Desktop\\projetos\\estagiarios\\estagiarios\\vendor\\laravel\\framework\\src\\Illuminate\\Pipeline\\Pipeline.php(180): Illuminate\\View\\Middleware\\ShareErrorsFromSession->handle(Object(Illuminate\\Http\\Request), Object(Closure))
#30 C:\\Users\\ana.abrantes\\Desktop\\projetos\\estagiarios\\estagiarios\\vendor\\laravel\\framework\\src\\Illuminate\\Session\\Middleware\\StartSession.php(121): Illuminate\\Pipeline\\Pipeline->Illuminate\\Pipeline\\{closure}(Object(Illuminate\\Http\\Request))
#31 C:\\Users\\ana.abrantes\\Desktop\\projetos\\estagiarios\\estagiarios\\vendor\\laravel\\framework\\src\\Illuminate\\Session\\Middleware\\StartSession.php(64): Illuminate\\Session\\Middleware\\StartSession->handleStatefulRequest(Object(Illuminate\\Http\\Request), Object(Illuminate\\Session\\Store), Object(Closure))
#32 C:\\Users\\ana.abrantes\\Desktop\\projetos\\estagiarios\\estagiarios\\vendor\\laravel\\framework\\src\\Illuminate\\Pipeline\\Pipeline.php(180): Illuminate\\Session\\Middleware\\StartSession->handle(Object(Illuminate\\Http\\Request), Object(Closure))
#33 C:\\Users\\ana.abrantes\\Desktop\\projetos\\estagiarios\\estagiarios\\vendor\\laravel\\framework\\src\\Illuminate\\Cookie\\Middleware\\AddQueuedCookiesToResponse.php(37): Illuminate\\Pipeline\\Pipeline->Illuminate\\Pipeline\\{closure}(Object(Illuminate\\Http\\Request))
#34 C:\\Users\\ana.abrantes\\Desktop\\projetos\\estagiarios\\estagiarios\\vendor\\laravel\\framework\\src\\Illuminate\\Pipeline\\Pipeline.php(180): Illuminate\\Cookie\\Middleware\\AddQueuedCookiesToResponse->handle(Object(Illuminate\\Http\\Request), Object(Closure))
#35 C:\\Users\\ana.abrantes\\Desktop\\projetos\\estagiarios\\estagiarios\\vendor\\laravel\\framework\\src\\Illuminate\\Cookie\\Middleware\\EncryptCookies.php(67): Illuminate\\Pipeline\\Pipeline->Illuminate\\Pipeline\\{closure}(Object(Illuminate\\Http\\Request))
#36 C:\\Users\\ana.abrantes\\Desktop\\projetos\\estagiarios\\estagiarios\\vendor\\laravel\\framework\\src\\Illuminate\\Pipeline\\Pipeline.php(180): Illuminate\\Cookie\\Middleware\\EncryptCookies->handle(Object(Illuminate\\Http\\Request), Object(Closure))
#37 C:\\Users\\ana.abrantes\\Desktop\\projetos\\estagiarios\\estagiarios\\vendor\\laravel\\framework\\src\\Illuminate\\Pipeline\\Pipeline.php(116): Illuminate\\Pipeline\\Pipeline->Illuminate\\Pipeline\\{closure}(Object(Illuminate\\Http\\Request))
#38 C:\\Users\\ana.abrantes\\Desktop\\projetos\\estagiarios\\estagiarios\\vendor\\laravel\\framework\\src\\Illuminate\\Routing\\Router.php(797): Illuminate\\Pipeline\\Pipeline->then(Object(Closure))
#39 C:\\Users\\ana.abrantes\\Desktop\\projetos\\estagiarios\\estagiarios\\vendor\\laravel\\framework\\src\\Illuminate\\Routing\\Router.php(776): Illuminate\\Routing\\Router->runRouteWithinStack(Object(Illuminate\\Routing\\Route), Object(Illuminate\\Http\\Request))
#40 C:\\Users\\ana.abrantes\\Desktop\\projetos\\estagiarios\\estagiarios\\vendor\\laravel\\framework\\src\\Illuminate\\Routing\\Router.php(740): Illuminate\\Routing\\Router->runRoute(Object(Illuminate\\Http\\Request), Object(Illuminate\\Routing\\Route))
#41 C:\\Users\\ana.abrantes\\Desktop\\projetos\\estagiarios\\estagiarios\\vendor\\laravel\\framework\\src\\Illuminate\\Routing\\Router.php(729): Illuminate\\Routing\\Router->dispatchToRoute(Object(Illuminate\\Http\\Request))
#42 C:\\Users\\ana.abrantes\\Desktop\\projetos\\estagiarios\\estagiarios\\vendor\\laravel\\framework\\src\\Illuminate\\Foundation\\Http\\Kernel.php(200): Illuminate\\Routing\\Router->dispatch(Object(Illuminate\\Http\\Request))
#43 C:\\Users\\ana.abrantes\\Desktop\\projetos\\estagiarios\\estagiarios\\vendor\\laravel\\framework\\src\\Illuminate\\Pipeline\\Pipeline.php(141): Illuminate\\Foundation\\Http\\Kernel->Illuminate\\Foundation\\Http\\{closure}(Object(Illuminate\\Http\\Request))
#44 C:\\Users\\ana.abrantes\\Desktop\\projetos\\estagiarios\\estagiarios\\vendor\\laravel\\framework\\src\\Illuminate\\Foundation\\Http\\Middleware\\TransformsRequest.php(21): Illuminate\\Pipeline\\Pipeline->Illuminate\\Pipeline\\{closure}(Object(Illuminate\\Http\\Request))
#45 C:\\Users\\ana.abrantes\\Desktop\\projetos\\estagiarios\\estagiarios\\vendor\\laravel\\framework\\src\\Illuminate\\Foundation\\Http\\Middleware\\ConvertEmptyStringsToNull.php(31): Illuminate\\Foundation\\Http\\Middleware\\TransformsRequest->handle(Object(Illuminate\\Http\\Request), Object(Closure))
#46 C:\\Users\\ana.abrantes\\Desktop\\projetos\\estagiarios\\estagiarios\\vendor\\laravel\\framework\\src\\Illuminate\\Pipeline\\Pipeline.php(180): Illuminate\\Foundation\\Http\\Middleware\\ConvertEmptyStringsToNull->handle(Object(Illuminate\\Http\\Request), Object(Closure))
#47 C:\\Users\\ana.abrantes\\Desktop\\projetos\\estagiarios\\estagiarios\\vendor\\laravel\\framework\\src\\Illuminate\\Foundation\\Http\\Middleware\\TransformsRequest.php(21): Illuminate\\Pipeline\\Pipeline->Illuminate\\Pipeline\\{closure}(Object(Illuminate\\Http\\Request))
#48 C:\\Users\\ana.abrantes\\Desktop\\projetos\\estagiarios\\estagiarios\\vendor\\laravel\\framework\\src\\Illuminate\\Foundation\\Http\\Middleware\\TrimStrings.php(40): Illuminate\\Foundation\\Http\\Middleware\\TransformsRequest->handle(Object(Illuminate\\Http\\Request), Object(Closure))
#49 C:\\Users\\ana.abrantes\\Desktop\\projetos\\estagiarios\\estagiarios\\vendor\\laravel\\framework\\src\\Illuminate\\Pipeline\\Pipeline.php(180): Illuminate\\Foundation\\Http\\Middleware\\TrimStrings->handle(Object(Illuminate\\Http\\Request), Object(Closure))
#50 C:\\Users\\ana.abrantes\\Desktop\\projetos\\estagiarios\\estagiarios\\vendor\\laravel\\framework\\src\\Illuminate\\Foundation\\Http\\Middleware\\ValidatePostSize.php(27): Illuminate\\Pipeline\\Pipeline->Illuminate\\Pipeline\\{closure}(Object(Illuminate\\Http\\Request))
#51 C:\\Users\\ana.abrantes\\Desktop\\projetos\\estagiarios\\estagiarios\\vendor\\laravel\\framework\\src\\Illuminate\\Pipeline\\Pipeline.php(180): Illuminate\\Foundation\\Http\\Middleware\\ValidatePostSize->handle(Object(Illuminate\\Http\\Request), Object(Closure))
#52 C:\\Users\\ana.abrantes\\Desktop\\projetos\\estagiarios\\estagiarios\\vendor\\laravel\\framework\\src\\Illuminate\\Foundation\\Http\\Middleware\\PreventRequestsDuringMaintenance.php(86): Illuminate\\Pipeline\\Pipeline->Illuminate\\Pipeline\\{closure}(Object(Illuminate\\Http\\Request))
#53 C:\\Users\\ana.abrantes\\Desktop\\projetos\\estagiarios\\estagiarios\\vendor\\laravel\\framework\\src\\Illuminate\\Pipeline\\Pipeline.php(180): Illuminate\\Foundation\\Http\\Middleware\\PreventRequestsDuringMaintenance->handle(Object(Illuminate\\Http\\Request), Object(Closure))
#54 C:\\Users\\ana.abrantes\\Desktop\\projetos\\estagiarios\\estagiarios\\vendor\\laravel\\framework\\src\\Illuminate\\Http\\Middleware\\HandleCors.php(49): Illuminate\\Pipeline\\Pipeline->Illuminate\\Pipeline\\{closure}(Object(Illuminate\\Http\\Request))
#55 C:\\Users\\ana.abrantes\\Desktop\\projetos\\estagiarios\\estagiarios\\vendor\\laravel\\framework\\src\\Illuminate\\Pipeline\\Pipeline.php(180): Illuminate\\Http\\Middleware\\HandleCors->handle(Object(Illuminate\\Http\\Request), Object(Closure))
#56 C:\\Users\\ana.abrantes\\Desktop\\projetos\\estagiarios\\estagiarios\\vendor\\laravel\\framework\\src\\Illuminate\\Http\\Middleware\\TrustProxies.php(39): Illuminate\\Pipeline\\Pipeline->Illuminate\\Pipeline\\{closure}(Object(Illuminate\\Http\\Request))
#57 C:\\Users\\ana.abrantes\\Desktop\\projetos\\estagiarios\\estagiarios\\vendor\\laravel\\framework\\src\\Illuminate\\Pipeline\\Pipeline.php(180): Illuminate\\Http\\Middleware\\TrustProxies->handle(Object(Illuminate\\Http\\Request), Object(Closure))
#58 C:\\Users\\ana.abrantes\\Desktop\\projetos\\estagiarios\\estagiarios\\vendor\\laravel\\framework\\src\\Illuminate\\Pipeline\\Pipeline.php(116): Illuminate\\Pipeline\\Pipeline->Illuminate\\Pipeline\\{closure}(Object(Illuminate\\Http\\Request))
#59 C:\\Users\\ana.abrantes\\Desktop\\projetos\\estagiarios\\estagiarios\\vendor\\laravel\\framework\\src\\Illuminate\\Foundation\\Http\\Kernel.php(175): Illuminate\\Pipeline\\Pipeline->then(Object(Closure))
#60 C:\\Users\\ana.abrantes\\Desktop\\projetos\\estagiarios\\estagiarios\\vendor\\laravel\\framework\\src\\Illuminate\\Foundation\\Http\\Kernel.php(144): Illuminate\\Foundation\\Http\\Kernel->sendRequestThroughRouter(Object(Illuminate\\Http\\Request))
#61 C:\\Users\\ana.abrantes\\Desktop\\projetos\\estagiarios\\estagiarios\\public\\index.php(51): Illuminate\\Foundation\\Http\\Kernel->handle(Object(Illuminate\\Http\\Request))
#62 C:\\Users\\ana.abrantes\\Desktop\\projetos\\estagiarios\\estagiarios\\vendor\\laravel\\framework\\src\\Illuminate\\Foundation\\resources\\server.php(16): require_once('C:\\\\Users\\\\ana.ab...')
#63 {main}

[previous exception] [object] (Illuminate\\Database\\SQLiteDatabaseDoesNotExistException(code: 0): Database file at path [estagiarios] does not exist. Ensure this is an absolute path to the database. at C:\\Users\\ana.abrantes\\Desktop\\projetos\\estagiarios\\estagiarios\\vendor\\laravel\\framework\\src\\Illuminate\\Database\\Connectors\\SQLiteConnector.php:34)
[stacktrace]
#0 C:\\Users\\ana.abrantes\\Desktop\\projetos\\estagiarios\\estagiarios\\vendor\\laravel\\framework\\src\\Illuminate\\Database\\Connectors\\ConnectionFactory.php(221): Illuminate\\Database\\Connectors\\SQLiteConnector->connect(Array)
#1 [internal function]: Illuminate\\Database\\Connectors\\ConnectionFactory->Illuminate\\Database\\Connectors\\{closure}()
#2 C:\\Users\\ana.abrantes\\Desktop\\projetos\\estagiarios\\estagiarios\\vendor\\laravel\\framework\\src\\Illuminate\\Database\\Connection.php(1210): call_user_func(Object(Closure))
#3 C:\\Users\\ana.abrantes\\Desktop\\projetos\\estagiarios\\estagiarios\\vendor\\laravel\\framework\\src\\Illuminate\\Database\\Connection.php(572): Illuminate\\Database\\Connection->getPdo()
#4 C:\\Users\\ana.abrantes\\Desktop\\projetos\\estagiarios\\estagiarios\\vendor\\laravel\\framework\\src\\Illuminate\\Database\\Connection.php(786): Illuminate\\Database\\Connection->Illuminate\\Database\\{closure}('PRAGMA foreign_...', Array)
#5 C:\\Users\\ana.abrantes\\Desktop\\projetos\\estagiarios\\estagiarios\\vendor\\laravel\\framework\\src\\Illuminate\\Database\\Connection.php(753): Illuminate\\Database\\Connection->runQueryCallback('PRAGMA foreign_...', Array, Object(Closure))
#6 C:\\Users\\ana.abrantes\\Desktop\\projetos\\estagiarios\\estagiarios\\vendor\\laravel\\framework\\src\\Illuminate\\Database\\Connection.php(567): Illuminate\\Database\\Connection->run('PRAGMA foreign_...', Array, Object(Closure))
#7 C:\\Users\\ana.abrantes\\Desktop\\projetos\\estagiarios\\estagiarios\\vendor\\laravel\\framework\\src\\Illuminate\\Database\\Schema\\Builder.php(397): Illuminate\\Database\\Connection->statement('PRAGMA foreign_...')
#8 C:\\Users\\ana.abrantes\\Desktop\\projetos\\estagiarios\\estagiarios\\vendor\\laravel\\framework\\src\\Illuminate\\Database\\SQLiteConnection.php(35): Illuminate\\Database\\Schema\\Builder->enableForeignKeyConstraints()
#9 C:\\Users\\ana.abrantes\\Desktop\\projetos\\estagiarios\\estagiarios\\vendor\\laravel\\framework\\src\\Illuminate\\Database\\Connectors\\ConnectionFactory.php(272): Illuminate\\Database\\SQLiteConnection->__construct(Object(Closure), 'estagiarios', '', Array)
#10 C:\\Users\\ana.abrantes\\Desktop\\projetos\\estagiarios\\estagiarios\\vendor\\laravel\\framework\\src\\Illuminate\\Database\\Connectors\\ConnectionFactory.php(75): Illuminate\\Database\\Connectors\\ConnectionFactory->createConnection('sqlite', Object(Closure), 'estagiarios', '', Array)
#11 C:\\Users\\ana.abrantes\\Desktop\\projetos\\estagiarios\\estagiarios\\vendor\\laravel\\framework\\src\\Illuminate\\Database\\Connectors\\ConnectionFactory.php(50): Illuminate\\Database\\Connectors\\ConnectionFactory->createSingleConnection(Array)
#12 C:\\Users\\ana.abrantes\\Desktop\\projetos\\estagiarios\\estagiarios\\vendor\\laravel\\framework\\src\\Illuminate\\Database\\DatabaseManager.php(152): Illuminate\\Database\\Connectors\\ConnectionFactory->make(Array, 'sqlite')
#13 C:\\Users\\ana.abrantes\\Desktop\\projetos\\estagiarios\\estagiarios\\vendor\\laravel\\framework\\src\\Illuminate\\Database\\DatabaseManager.php(101): Illuminate\\Database\\DatabaseManager->makeConnection('sqlite')
#14 C:\\Users\\ana.abrantes\\Desktop\\projetos\\estagiarios\\estagiarios\\vendor\\laravel\\framework\\src\\Illuminate\\Database\\Eloquent\\Model.php(1820): Illuminate\\Database\\DatabaseManager->connection('sqlite')
#15 C:\\Users\\ana.abrantes\\Desktop\\projetos\\estagiarios\\estagiarios\\vendor\\laravel\\framework\\src\\Illuminate\\Database\\Eloquent\\Model.php(1786): Illuminate\\Database\\Eloquent\\Model::resolveConnection(NULL)
#16 C:\\Users\\ana.abrantes\\Desktop\\projetos\\estagiarios\\estagiarios\\vendor\\laravel\\framework\\src\\Illuminate\\Database\\Eloquent\\Model.php(1578): Illuminate\\Database\\Eloquent\\Model->getConnection()
#17 C:\\Users\\ana.abrantes\\Desktop\\projetos\\estagiarios\\estagiarios\\vendor\\laravel\\framework\\src\\Illuminate\\Database\\Eloquent\\Model.php(1497): Illuminate\\Database\\Eloquent\\Model->newBaseQueryBuilder()
#18 C:\\Users\\ana.abrantes\\Desktop\\projetos\\estagiarios\\estagiarios\\vendor\\laravel\\framework\\src\\Illuminate\\Database\\Eloquent\\Model.php(1533): Illuminate\\Database\\Eloquent\\Model->newModelQuery()
#19 C:\\Users\\ana.abrantes\\Desktop\\projetos\\estagiarios\\estagiarios\\vendor\\laravel\\framework\\src\\Illuminate\\Database\\Eloquent\\Model.php(1486): Illuminate\\Database\\Eloquent\\Model->newQueryWithoutScopes()
#20 C:\\Users\\ana.abrantes\\Desktop\\projetos\\estagiarios\\estagiarios\\vendor\\laravel\\framework\\src\\Illuminate\\Database\\Eloquent\\Model.php(1476): Illuminate\\Database\\Eloquent\\Model->newQuery()
#21 C:\\Users\\ana.abrantes\\Desktop\\projetos\\estagiarios\\estagiarios\\vendor\\laravel\\framework\\src\\Illuminate\\Database\\Eloquent\\Model.php(674): Illuminate\\Database\\Eloquent\\Model::query()
#22 C:\\Users\\ana.abrantes\\Desktop\\projetos\\estagiarios\\estagiarios\\app\\Http\\Controllers\\EstagiarioController.php(14): Illuminate\\Database\\Eloquent\\Model::all()
#23 C:\\Users\\ana.abrantes\\Desktop\\projetos\\estagiarios\\estagiarios\\vendor\\laravel\\framework\\src\\Illuminate\\Routing\\Controller.php(54): App\\Http\\Controllers\\EstagiarioController->index()
#24 C:\\Users\\ana.abrantes\\Desktop\\projetos\\estagiarios\\estagiarios\\vendor\\laravel\\framework\\src\\Illuminate\\Routing\\ControllerDispatcher.php(43): Illuminate\\Routing\\Controller->callAction('index', Array)
#25 C:\\Users\\ana.abrantes\\Desktop\\projetos\\estagiarios\\estagiarios\\vendor\\laravel\\framework\\src\\Illuminate\\Routing\\Route.php(259): Illuminate\\Routing\\ControllerDispatcher->dispatch(Object(Illuminate\\Routing\\Route), Object(App\\Http\\Controllers\\EstagiarioController), 'index')
#26 C:\\Users\\ana.abrantes\\Desktop\\projetos\\estagiarios\\estagiarios\\vendor\\laravel\\framework\\src\\Illuminate\\Routing\\Route.php(205): Illuminate\\Routing\\Route->runController()
#27 C:\\Users\\ana.abrantes\\Desktop\\projetos\\estagiarios\\estagiarios\\vendor\\laravel\\framework\\src\\Illuminate\\Routing\\Router.php(798): Illuminate\\Routing\\Route->run()
#28 C:\\Users\\ana.abrantes\\Desktop\\projetos\\estagiarios\\estagiarios\\vendor\\laravel\\framework\\src\\Illuminate\\Pipeline\\Pipeline.php(141): Illuminate\\Routing\\Router->Illuminate\\Routing\\{closure}(Object(Illuminate\\Http\\Request))
#29 C:\\Users\\ana.abrantes\\Desktop\\projetos\\estagiarios\\estagiarios\\vendor\\laravel\\framework\\src\\Illuminate\\Routing\\Middleware\\SubstituteBindings.php(50): Illuminate\\Pipeline\\Pipeline->Illuminate\\Pipeline\\{closure}(Object(Illuminate\\Http\\Request))
#30 C:\\Users\\ana.abrantes\\Desktop\\projetos\\estagiarios\\estagiarios\\vendor\\laravel\\framework\\src\\Illuminate\\Pipeline\\Pipeline.php(180): Illuminate\\Routing\\Middleware\\SubstituteBindings->handle(Object(Illuminate\\Http\\Request), Object(Closure))
#31 C:\\Users\\ana.abrantes\\Desktop\\projetos\\estagiarios\\estagiarios\\vendor\\laravel\\framework\\src\\Illuminate\\Foundation\\Http\\Middleware\\VerifyCsrfToken.php(78): Illuminate\\Pipeline\\Pipeline->Illuminate\\Pipeline\\{closure}(Object(Illuminate\\Http\\Request))
#32 C:\\Users\\ana.abrantes\\Desktop\\projetos\\estagiarios\\estagiarios\\vendor\\laravel\\framework\\src\\Illuminate\\Pipeline\\Pipeline.php(180): Illuminate\\Foundation\\Http\\Middleware\\VerifyCsrfToken->handle(Object(Illuminate\\Http\\Request), Object(Closure))
#33 C:\\Users\\ana.abrantes\\Desktop\\projetos\\estagiarios\\estagiarios\\vendor\\laravel\\framework\\src\\Illuminate\\View\\Middleware\\ShareErrorsFromSession.php(49): Illuminate\\Pipeline\\Pipeline->Illuminate\\Pipeline\\{closure}(Object(Illuminate\\Http\\Request))
#34 C:\\Users\\ana.abrantes\\Desktop\\projetos\\estagiarios\\estagiarios\\vendor\\laravel\\framework\\src\\Illuminate\\Pipeline\\Pipeline.php(180): Illuminate\\View\\Middleware\\ShareErrorsFromSession->handle(Object(Illuminate\\Http\\Request), Object(Closure))
#35 C:\\Users\\ana.abrantes\\Desktop\\projetos\\estagiarios\\estagiarios\\vendor\\laravel\\framework\\src\\Illuminate\\Session\\Middleware\\StartSession.php(121): Illuminate\\Pipeline\\Pipeline->Illuminate\\Pipeline\\{closure}(Object(Illuminate\\Http\\Request))
#36 C:\\Users\\ana.abrantes\\Desktop\\projetos\\estagiarios\\estagiarios\\vendor\\laravel\\framework\\src\\Illuminate\\Session\\Middleware\\StartSession.php(64): Illuminate\\Session\\Middleware\\StartSession->handleStatefulRequest(Object(Illuminate\\Http\\Request), Object(Illuminate\\Session\\Store), Object(Closure))
#37 C:\\Users\\ana.abrantes\\Desktop\\projetos\\estagiarios\\estagiarios\\vendor\\laravel\\framework\\src\\Illuminate\\Pipeline\\Pipeline.php(180): Illuminate\\Session\\Middleware\\StartSession->handle(Object(Illuminate\\Http\\Request), Object(Closure))
#38 C:\\Users\\ana.abrantes\\Desktop\\projetos\\estagiarios\\estagiarios\\vendor\\laravel\\framework\\src\\Illuminate\\Cookie\\Middleware\\AddQueuedCookiesToResponse.php(37): Illuminate\\Pipeline\\Pipeline->Illuminate\\Pipeline\\{closure}(Object(Illuminate\\Http\\Request))
#39 C:\\Users\\ana.abrantes\\Desktop\\projetos\\estagiarios\\estagiarios\\vendor\\laravel\\framework\\src\\Illuminate\\Pipeline\\Pipeline.php(180): Illuminate\\Cookie\\Middleware\\AddQueuedCookiesToResponse->handle(Object(Illuminate\\Http\\Request), Object(Closure))
#40 C:\\Users\\ana.abrantes\\Desktop\\projetos\\estagiarios\\estagiarios\\vendor\\laravel\\framework\\src\\Illuminate\\Cookie\\Middleware\\EncryptCookies.php(67): Illuminate\\Pipeline\\Pipeline->Illuminate\\Pipeline\\{closure}(Object(Illuminate\\Http\\Request))
#41 C:\\Users\\ana.abrantes\\Desktop\\projetos\\estagiarios\\estagiarios\\vendor\\laravel\\framework\\src\\Illuminate\\Pipeline\\Pipeline.php(180): Illuminate\\Cookie\\Middleware\\EncryptCookies->handle(Object(Illuminate\\Http\\Request), Object(Closure))
#42 C:\\Users\\ana.abrantes\\Desktop\\projetos\\estagiarios\\estagiarios\\vendor\\laravel\\framework\\src\\Illuminate\\Pipeline\\Pipeline.php(116): Illuminate\\Pipeline\\Pipeline->Illuminate\\Pipeline\\{closure}(Object(Illuminate\\Http\\Request))
#43 C:\\Users\\ana.abrantes\\Desktop\\projetos\\estagiarios\\estagiarios\\vendor\\laravel\\framework\\src\\Illuminate\\Routing\\Router.php(797): Illuminate\\Pipeline\\Pipeline->then(Object(Closure))
#44 C:\\Users\\ana.abrantes\\Desktop\\projetos\\estagiarios\\estagiarios\\vendor\\laravel\\framework\\src\\Illuminate\\Routing\\Router.php(776): Illuminate\\Routing\\Router->runRouteWithinStack(Object(Illuminate\\Routing\\Route), Object(Illuminate\\Http\\Request))
#45 C:\\Users\\ana.abrantes\\Desktop\\projetos\\estagiarios\\estagiarios\\vendor\\laravel\\framework\\src\\Illuminate\\Routing\\Router.php(740): Illuminate\\Routing\\Router->runRoute(Object(Illuminate\\Http\\Request), Object(Illuminate\\Routing\\Route))
#46 C:\\Users\\ana.abrantes\\Desktop\\projetos\\estagiarios\\estagiarios\\vendor\\laravel\\framework\\src\\Illuminate\\Routing\\Router.php(729): Illuminate\\Routing\\Router->dispatchToRoute(Object(Illuminate\\Http\\Request))
#47 C:\\Users\\ana.abrantes\\Desktop\\projetos\\estagiarios\\estagiarios\\vendor\\laravel\\framework\\src\\Illuminate\\Foundation\\Http\\Kernel.php(200): Illuminate\\Routing\\Router->dispatch(Object(Illuminate\\Http\\Request))
#48 C:\\Users\\ana.abrantes\\Desktop\\projetos\\estagiarios\\estagiarios\\vendor\\laravel\\framework\\src\\Illuminate\\Pipeline\\Pipeline.php(141): Illuminate\\Foundation\\Http\\Kernel->Illuminate\\Foundation\\Http\\{closure}(Object(Illuminate\\Http\\Request))
#49 C:\\Users\\ana.abrantes\\Desktop\\projetos\\estagiarios\\estagiarios\\vendor\\laravel\\framework\\src\\Illuminate\\Foundation\\Http\\Middleware\\TransformsRequest.php(21): Illuminate\\Pipeline\\Pipeline->Illuminate\\Pipeline\\{closure}(Object(Illuminate\\Http\\Request))
#50 C:\\Users\\ana.abrantes\\Desktop\\projetos\\estagiarios\\estagiarios\\vendor\\laravel\\framework\\src\\Illuminate\\Foundation\\Http\\Middleware\\ConvertEmptyStringsToNull.php(31): Illuminate\\Foundation\\Http\\Middleware\\TransformsRequest->handle(Object(Illuminate\\Http\\Request), Object(Closure))
#51 C:\\Users\\ana.abrantes\\Desktop\\projetos\\estagiarios\\estagiarios\\vendor\\laravel\\framework\\src\\Illuminate\\Pipeline\\Pipeline.php(180): Illuminate\\Foundation\\Http\\Middleware\\ConvertEmptyStringsToNull->handle(Object(Illuminate\\Http\\Request), Object(Closure))
#52 C:\\Users\\ana.abrantes\\Desktop\\projetos\\estagiarios\\estagiarios\\vendor\\laravel\\framework\\src\\Illuminate\\Foundation\\Http\\Middleware\\TransformsRequest.php(21): Illuminate\\Pipeline\\Pipeline->Illuminate\\Pipeline\\{closure}(Object(Illuminate\\Http\\Request))
#53 C:\\Users\\ana.abrantes\\Desktop\\projetos\\estagiarios\\estagiarios\\vendor\\laravel\\framework\\src\\Illuminate\\Foundation\\Http\\Middleware\\TrimStrings.php(40): Illuminate\\Foundation\\Http\\Middleware\\TransformsRequest->handle(Object(Illuminate\\Http\\Request), Object(Closure))
#54 C:\\Users\\ana.abrantes\\Desktop\\projetos\\estagiarios\\estagiarios\\vendor\\laravel\\framework\\src\\Illuminate\\Pipeline\\Pipeline.php(180): Illuminate\\Foundation\\Http\\Middleware\\TrimStrings->handle(Object(Illuminate\\Http\\Request), Object(Closure))
#55 C:\\Users\\ana.abrantes\\Desktop\\projetos\\estagiarios\\estagiarios\\vendor\\laravel\\framework\\src\\Illuminate\\Foundation\\Http\\Middleware\\ValidatePostSize.php(27): Illuminate\\Pipeline\\Pipeline->Illuminate\\Pipeline\\{closure}(Object(Illuminate\\Http\\Request))
#56 C:\\Users\\ana.abrantes\\Desktop\\projetos\\estagiarios\\estagiarios\\vendor\\laravel\\framework\\src\\Illuminate\\Pipeline\\Pipeline.php(180): Illuminate\\Foundation\\Http\\Middleware\\ValidatePostSize->handle(Object(Illuminate\\Http\\Request), Object(Closure))
#57 C:\\Users\\ana.abrantes\\Desktop\\projetos\\estagiarios\\estagiarios\\vendor\\laravel\\framework\\src\\Illuminate\\Foundation\\Http\\Middleware\\PreventRequestsDuringMaintenance.php(86): Illuminate\\Pipeline\\Pipeline->Illuminate\\Pipeline\\{closure}(Object(Illuminate\\Http\\Request))
#58 C:\\Users\\ana.abrantes\\Desktop\\projetos\\estagiarios\\estagiarios\\vendor\\laravel\\framework\\src\\Illuminate\\Pipeline\\Pipeline.php(180): Illuminate\\Foundation\\Http\\Middleware\\PreventRequestsDuringMaintenance->handle(Object(Illuminate\\Http\\Request), Object(Closure))
#59 C:\\Users\\ana.abrantes\\Desktop\\projetos\\estagiarios\\estagiarios\\vendor\\laravel\\framework\\src\\Illuminate\\Http\\Middleware\\HandleCors.php(49): Illuminate\\Pipeline\\Pipeline->Illuminate\\Pipeline\\{closure}(Object(Illuminate\\Http\\Request))
#60 C:\\Users\\ana.abrantes\\Desktop\\projetos\\estagiarios\\estagiarios\\vendor\\laravel\\framework\\src\\Illuminate\\Pipeline\\Pipeline.php(180): Illuminate\\Http\\Middleware\\HandleCors->handle(Object(Illuminate\\Http\\Request), Object(Closure))
#61 C:\\Users\\ana.abrantes\\Desktop\\projetos\\estagiarios\\estagiarios\\vendor\\laravel\\framework\\src\\Illuminate\\Http\\Middleware\\TrustProxies.php(39): Illuminate\\Pipeline\\Pipeline->Illuminate\\Pipeline\\{closure}(Object(Illuminate\\Http\\Request))
#62 C:\\Users\\ana.abrantes\\Desktop\\projetos\\estagiarios\\estagiarios\\vendor\\laravel\\framework\\src\\Illuminate\\Pipeline\\Pipeline.php(180): Illuminate\\Http\\Middleware\\TrustProxies->handle(Object(Illuminate\\Http\\Request), Object(Closure))
#63 C:\\Users\\ana.abrantes\\Desktop\\projetos\\estagiarios\\estagiarios\\vendor\\laravel\\framework\\src\\Illuminate\\Pipeline\\Pipeline.php(116): Illuminate\\Pipeline\\Pipeline->Illuminate\\Pipeline\\{closure}(Object(Illuminate\\Http\\Request))
#64 C:\\Users\\ana.abrantes\\Desktop\\projetos\\estagiarios\\estagiarios\\vendor\\laravel\\framework\\src\\Illuminate\\Foundation\\Http\\Kernel.php(175): Illuminate\\Pipeline\\Pipeline->then(Object(Closure))
#65 C:\\Users\\ana.abrantes\\Desktop\\projetos\\estagiarios\\estagiarios\\vendor\\laravel\\framework\\src\\Illuminate\\Foundation\\Http\\Kernel.php(144): Illuminate\\Foundation\\Http\\Kernel->sendRequestThroughRouter(Object(Illuminate\\Http\\Request))
#66 C:\\Users\\ana.abrantes\\Desktop\\projetos\\estagiarios\\estagiarios\\public\\index.php(51): Illuminate\\Foundation\\Http\\Kernel->handle(Object(Illuminate\\Http\\Request))
#67 C:\\Users\\ana.abrantes\\Desktop\\projetos\\estagiarios\\estagiarios\\vendor\\laravel\\framework\\src\\Illuminate\\Foundation\\resources\\server.php(16): require_once('C:\\\\Users\\\\ana.ab...')
#68 {main}
"} 
[2023-06-19 12:43:45] local.ERROR: Database file at path [estagiarios] does not exist. Ensure this is an absolute path to the database. (Connection: sqlite, SQL: PRAGMA foreign_keys = ON;) {"exception":"[object] (Illuminate\\Database\\QueryException(code: 0): Database file at path [estagiarios] does not exist. Ensure this is an absolute path to the database. (Connection: sqlite, SQL: PRAGMA foreign_keys = ON;) at C:\\Users\\ana.abrantes\\Desktop\\projetos\\estagiarios\\estagiarios\\vendor\\laravel\\framework\\src\\Illuminate\\Database\\Connection.php:793)
[stacktrace]
#0 C:\\Users\\ana.abrantes\\Desktop\\projetos\\estagiarios\\estagiarios\\vendor\\laravel\\framework\\src\\Illuminate\\Database\\Connection.php(753): Illuminate\\Database\\Connection->runQueryCallback('PRAGMA foreign_...', Array, Object(Closure))
#1 C:\\Users\\ana.abrantes\\Desktop\\projetos\\estagiarios\\estagiarios\\vendor\\laravel\\framework\\src\\Illuminate\\Database\\Connection.php(567): Illuminate\\Database\\Connection->run('PRAGMA foreign_...', Array, Object(Closure))
#2 C:\\Users\\ana.abrantes\\Desktop\\projetos\\estagiarios\\estagiarios\\vendor\\laravel\\framework\\src\\Illuminate\\Database\\Schema\\Builder.php(397): Illuminate\\Database\\Connection->statement('PRAGMA foreign_...')
#3 C:\\Users\\ana.abrantes\\Desktop\\projetos\\estagiarios\\estagiarios\\vendor\\laravel\\framework\\src\\Illuminate\\Database\\SQLiteConnection.php(35): Illuminate\\Database\\Schema\\Builder->enableForeignKeyConstraints()
#4 C:\\Users\\ana.abrantes\\Desktop\\projetos\\estagiarios\\estagiarios\\vendor\\laravel\\framework\\src\\Illuminate\\Database\\Connectors\\ConnectionFactory.php(272): Illuminate\\Database\\SQLiteConnection->__construct(Object(Closure), 'estagiarios', '', Array)
#5 C:\\Users\\ana.abrantes\\Desktop\\projetos\\estagiarios\\estagiarios\\vendor\\laravel\\framework\\src\\Illuminate\\Database\\Connectors\\ConnectionFactory.php(75): Illuminate\\Database\\Connectors\\ConnectionFactory->createConnection('sqlite', Object(Closure), 'estagiarios', '', Array)
#6 C:\\Users\\ana.abrantes\\Desktop\\projetos\\estagiarios\\estagiarios\\vendor\\laravel\\framework\\src\\Illuminate\\Database\\Connectors\\ConnectionFactory.php(50): Illuminate\\Database\\Connectors\\ConnectionFactory->createSingleConnection(Array)
#7 C:\\Users\\ana.abrantes\\Desktop\\projetos\\estagiarios\\estagiarios\\vendor\\laravel\\framework\\src\\Illuminate\\Database\\DatabaseManager.php(152): Illuminate\\Database\\Connectors\\ConnectionFactory->make(Array, 'sqlite')
#8 C:\\Users\\ana.abrantes\\Desktop\\projetos\\estagiarios\\estagiarios\\vendor\\laravel\\framework\\src\\Illuminate\\Database\\DatabaseManager.php(101): Illuminate\\Database\\DatabaseManager->makeConnection('sqlite')
#9 C:\\Users\\ana.abrantes\\Desktop\\projetos\\estagiarios\\estagiarios\\vendor\\laravel\\framework\\src\\Illuminate\\Database\\Eloquent\\Model.php(1820): Illuminate\\Database\\DatabaseManager->connection('sqlite')
#10 C:\\Users\\ana.abrantes\\Desktop\\projetos\\estagiarios\\estagiarios\\vendor\\laravel\\framework\\src\\Illuminate\\Database\\Eloquent\\Model.php(1786): Illuminate\\Database\\Eloquent\\Model::resolveConnection(NULL)
#11 C:\\Users\\ana.abrantes\\Desktop\\projetos\\estagiarios\\estagiarios\\vendor\\laravel\\framework\\src\\Illuminate\\Database\\Eloquent\\Model.php(1578): Illuminate\\Database\\Eloquent\\Model->getConnection()
#12 C:\\Users\\ana.abrantes\\Desktop\\projetos\\estagiarios\\estagiarios\\vendor\\laravel\\framework\\src\\Illuminate\\Database\\Eloquent\\Model.php(1497): Illuminate\\Database\\Eloquent\\Model->newBaseQueryBuilder()
#13 C:\\Users\\ana.abrantes\\Desktop\\projetos\\estagiarios\\estagiarios\\vendor\\laravel\\framework\\src\\Illuminate\\Database\\Eloquent\\Model.php(1533): Illuminate\\Database\\Eloquent\\Model->newModelQuery()
#14 C:\\Users\\ana.abrantes\\Desktop\\projetos\\estagiarios\\estagiarios\\vendor\\laravel\\framework\\src\\Illuminate\\Database\\Eloquent\\Model.php(1486): Illuminate\\Database\\Eloquent\\Model->newQueryWithoutScopes()
#15 C:\\Users\\ana.abrantes\\Desktop\\projetos\\estagiarios\\estagiarios\\vendor\\laravel\\framework\\src\\Illuminate\\Database\\Eloquent\\Model.php(1476): Illuminate\\Database\\Eloquent\\Model->newQuery()
#16 C:\\Users\\ana.abrantes\\Desktop\\projetos\\estagiarios\\estagiarios\\vendor\\laravel\\framework\\src\\Illuminate\\Database\\Eloquent\\Model.php(674): Illuminate\\Database\\Eloquent\\Model::query()
#17 C:\\Users\\ana.abrantes\\Desktop\\projetos\\estagiarios\\estagiarios\\app\\Http\\Controllers\\EstagiarioController.php(14): Illuminate\\Database\\Eloquent\\Model::all()
#18 C:\\Users\\ana.abrantes\\Desktop\\projetos\\estagiarios\\estagiarios\\vendor\\laravel\\framework\\src\\Illuminate\\Routing\\Controller.php(54): App\\Http\\Controllers\\EstagiarioController->index()
#19 C:\\Users\\ana.abrantes\\Desktop\\projetos\\estagiarios\\estagiarios\\vendor\\laravel\\framework\\src\\Illuminate\\Routing\\ControllerDispatcher.php(43): Illuminate\\Routing\\Controller->callAction('index', Array)
#20 C:\\Users\\ana.abrantes\\Desktop\\projetos\\estagiarios\\estagiarios\\vendor\\laravel\\framework\\src\\Illuminate\\Routing\\Route.php(259): Illuminate\\Routing\\ControllerDispatcher->dispatch(Object(Illuminate\\Routing\\Route), Object(App\\Http\\Controllers\\EstagiarioController), 'index')
#21 C:\\Users\\ana.abrantes\\Desktop\\projetos\\estagiarios\\estagiarios\\vendor\\laravel\\framework\\src\\Illuminate\\Routing\\Route.php(205): Illuminate\\Routing\\Route->runController()
#22 C:\\Users\\ana.abrantes\\Desktop\\projetos\\estagiarios\\estagiarios\\vendor\\laravel\\framework\\src\\Illuminate\\Routing\\Router.php(798): Illuminate\\Routing\\Route->run()
#23 C:\\Users\\ana.abrantes\\Desktop\\projetos\\estagiarios\\estagiarios\\vendor\\laravel\\framework\\src\\Illuminate\\Pipeline\\Pipeline.php(141): Illuminate\\Routing\\Router->Illuminate\\Routing\\{closure}(Object(Illuminate\\Http\\Request))
#24 C:\\Users\\ana.abrantes\\Desktop\\projetos\\estagiarios\\estagiarios\\vendor\\laravel\\framework\\src\\Illuminate\\Routing\\Middleware\\SubstituteBindings.php(50): Illuminate\\Pipeline\\Pipeline->Illuminate\\Pipeline\\{closure}(Object(Illuminate\\Http\\Request))
#25 C:\\Users\\ana.abrantes\\Desktop\\projetos\\estagiarios\\estagiarios\\vendor\\laravel\\framework\\src\\Illuminate\\Pipeline\\Pipeline.php(180): Illuminate\\Routing\\Middleware\\SubstituteBindings->handle(Object(Illuminate\\Http\\Request), Object(Closure))
#26 C:\\Users\\ana.abrantes\\Desktop\\projetos\\estagiarios\\estagiarios\\vendor\\laravel\\framework\\src\\Illuminate\\Foundation\\Http\\Middleware\\VerifyCsrfToken.php(78): Illuminate\\Pipeline\\Pipeline->Illuminate\\Pipeline\\{closure}(Object(Illuminate\\Http\\Request))
#27 C:\\Users\\ana.abrantes\\Desktop\\projetos\\estagiarios\\estagiarios\\vendor\\laravel\\framework\\src\\Illuminate\\Pipeline\\Pipeline.php(180): Illuminate\\Foundation\\Http\\Middleware\\VerifyCsrfToken->handle(Object(Illuminate\\Http\\Request), Object(Closure))
#28 C:\\Users\\ana.abrantes\\Desktop\\projetos\\estagiarios\\estagiarios\\vendor\\laravel\\framework\\src\\Illuminate\\View\\Middleware\\ShareErrorsFromSession.php(49): Illuminate\\Pipeline\\Pipeline->Illuminate\\Pipeline\\{closure}(Object(Illuminate\\Http\\Request))
#29 C:\\Users\\ana.abrantes\\Desktop\\projetos\\estagiarios\\estagiarios\\vendor\\laravel\\framework\\src\\Illuminate\\Pipeline\\Pipeline.php(180): Illuminate\\View\\Middleware\\ShareErrorsFromSession->handle(Object(Illuminate\\Http\\Request), Object(Closure))
#30 C:\\Users\\ana.abrantes\\Desktop\\projetos\\estagiarios\\estagiarios\\vendor\\laravel\\framework\\src\\Illuminate\\Session\\Middleware\\StartSession.php(121): Illuminate\\Pipeline\\Pipeline->Illuminate\\Pipeline\\{closure}(Object(Illuminate\\Http\\Request))
#31 C:\\Users\\ana.abrantes\\Desktop\\projetos\\estagiarios\\estagiarios\\vendor\\laravel\\framework\\src\\Illuminate\\Session\\Middleware\\StartSession.php(64): Illuminate\\Session\\Middleware\\StartSession->handleStatefulRequest(Object(Illuminate\\Http\\Request), Object(Illuminate\\Session\\Store), Object(Closure))
#32 C:\\Users\\ana.abrantes\\Desktop\\projetos\\estagiarios\\estagiarios\\vendor\\laravel\\framework\\src\\Illuminate\\Pipeline\\Pipeline.php(180): Illuminate\\Session\\Middleware\\StartSession->handle(Object(Illuminate\\Http\\Request), Object(Closure))
#33 C:\\Users\\ana.abrantes\\Desktop\\projetos\\estagiarios\\estagiarios\\vendor\\laravel\\framework\\src\\Illuminate\\Cookie\\Middleware\\AddQueuedCookiesToResponse.php(37): Illuminate\\Pipeline\\Pipeline->Illuminate\\Pipeline\\{closure}(Object(Illuminate\\Http\\Request))
#34 C:\\Users\\ana.abrantes\\Desktop\\projetos\\estagiarios\\estagiarios\\vendor\\laravel\\framework\\src\\Illuminate\\Pipeline\\Pipeline.php(180): Illuminate\\Cookie\\Middleware\\AddQueuedCookiesToResponse->handle(Object(Illuminate\\Http\\Request), Object(Closure))
#35 C:\\Users\\ana.abrantes\\Desktop\\projetos\\estagiarios\\estagiarios\\vendor\\laravel\\framework\\src\\Illuminate\\Cookie\\Middleware\\EncryptCookies.php(67): Illuminate\\Pipeline\\Pipeline->Illuminate\\Pipeline\\{closure}(Object(Illuminate\\Http\\Request))
#36 C:\\Users\\ana.abrantes\\Desktop\\projetos\\estagiarios\\estagiarios\\vendor\\laravel\\framework\\src\\Illuminate\\Pipeline\\Pipeline.php(180): Illuminate\\Cookie\\Middleware\\EncryptCookies->handle(Object(Illuminate\\Http\\Request), Object(Closure))
#37 C:\\Users\\ana.abrantes\\Desktop\\projetos\\estagiarios\\estagiarios\\vendor\\laravel\\framework\\src\\Illuminate\\Pipeline\\Pipeline.php(116): Illuminate\\Pipeline\\Pipeline->Illuminate\\Pipeline\\{closure}(Object(Illuminate\\Http\\Request))
#38 C:\\Users\\ana.abrantes\\Desktop\\projetos\\estagiarios\\estagiarios\\vendor\\laravel\\framework\\src\\Illuminate\\Routing\\Router.php(797): Illuminate\\Pipeline\\Pipeline->then(Object(Closure))
#39 C:\\Users\\ana.abrantes\\Desktop\\projetos\\estagiarios\\estagiarios\\vendor\\laravel\\framework\\src\\Illuminate\\Routing\\Router.php(776): Illuminate\\Routing\\Router->runRouteWithinStack(Object(Illuminate\\Routing\\Route), Object(Illuminate\\Http\\Request))
#40 C:\\Users\\ana.abrantes\\Desktop\\projetos\\estagiarios\\estagiarios\\vendor\\laravel\\framework\\src\\Illuminate\\Routing\\Router.php(740): Illuminate\\Routing\\Router->runRoute(Object(Illuminate\\Http\\Request), Object(Illuminate\\Routing\\Route))
#41 C:\\Users\\ana.abrantes\\Desktop\\projetos\\estagiarios\\estagiarios\\vendor\\laravel\\framework\\src\\Illuminate\\Routing\\Router.php(729): Illuminate\\Routing\\Router->dispatchToRoute(Object(Illuminate\\Http\\Request))
#42 C:\\Users\\ana.abrantes\\Desktop\\projetos\\estagiarios\\estagiarios\\vendor\\laravel\\framework\\src\\Illuminate\\Foundation\\Http\\Kernel.php(200): Illuminate\\Routing\\Router->dispatch(Object(Illuminate\\Http\\Request))
#43 C:\\Users\\ana.abrantes\\Desktop\\projetos\\estagiarios\\estagiarios\\vendor\\laravel\\framework\\src\\Illuminate\\Pipeline\\Pipeline.php(141): Illuminate\\Foundation\\Http\\Kernel->Illuminate\\Foundation\\Http\\{closure}(Object(Illuminate\\Http\\Request))
#44 C:\\Users\\ana.abrantes\\Desktop\\projetos\\estagiarios\\estagiarios\\vendor\\laravel\\framework\\src\\Illuminate\\Foundation\\Http\\Middleware\\TransformsRequest.php(21): Illuminate\\Pipeline\\Pipeline->Illuminate\\Pipeline\\{closure}(Object(Illuminate\\Http\\Request))
#45 C:\\Users\\ana.abrantes\\Desktop\\projetos\\estagiarios\\estagiarios\\vendor\\laravel\\framework\\src\\Illuminate\\Foundation\\Http\\Middleware\\ConvertEmptyStringsToNull.php(31): Illuminate\\Foundation\\Http\\Middleware\\TransformsRequest->handle(Object(Illuminate\\Http\\Request), Object(Closure))
#46 C:\\Users\\ana.abrantes\\Desktop\\projetos\\estagiarios\\estagiarios\\vendor\\laravel\\framework\\src\\Illuminate\\Pipeline\\Pipeline.php(180): Illuminate\\Foundation\\Http\\Middleware\\ConvertEmptyStringsToNull->handle(Object(Illuminate\\Http\\Request), Object(Closure))
#47 C:\\Users\\ana.abrantes\\Desktop\\projetos\\estagiarios\\estagiarios\\vendor\\laravel\\framework\\src\\Illuminate\\Foundation\\Http\\Middleware\\TransformsRequest.php(21): Illuminate\\Pipeline\\Pipeline->Illuminate\\Pipeline\\{closure}(Object(Illuminate\\Http\\Request))
#48 C:\\Users\\ana.abrantes\\Desktop\\projetos\\estagiarios\\estagiarios\\vendor\\laravel\\framework\\src\\Illuminate\\Foundation\\Http\\Middleware\\TrimStrings.php(40): Illuminate\\Foundation\\Http\\Middleware\\TransformsRequest->handle(Object(Illuminate\\Http\\Request), Object(Closure))
#49 C:\\Users\\ana.abrantes\\Desktop\\projetos\\estagiarios\\estagiarios\\vendor\\laravel\\framework\\src\\Illuminate\\Pipeline\\Pipeline.php(180): Illuminate\\Foundation\\Http\\Middleware\\TrimStrings->handle(Object(Illuminate\\Http\\Request), Object(Closure))
#50 C:\\Users\\ana.abrantes\\Desktop\\projetos\\estagiarios\\estagiarios\\vendor\\laravel\\framework\\src\\Illuminate\\Foundation\\Http\\Middleware\\ValidatePostSize.php(27): Illuminate\\Pipeline\\Pipeline->Illuminate\\Pipeline\\{closure}(Object(Illuminate\\Http\\Request))
#51 C:\\Users\\ana.abrantes\\Desktop\\projetos\\estagiarios\\estagiarios\\vendor\\laravel\\framework\\src\\Illuminate\\Pipeline\\Pipeline.php(180): Illuminate\\Foundation\\Http\\Middleware\\ValidatePostSize->handle(Object(Illuminate\\Http\\Request), Object(Closure))
#52 C:\\Users\\ana.abrantes\\Desktop\\projetos\\estagiarios\\estagiarios\\vendor\\laravel\\framework\\src\\Illuminate\\Foundation\\Http\\Middleware\\PreventRequestsDuringMaintenance.php(86): Illuminate\\Pipeline\\Pipeline->Illuminate\\Pipeline\\{closure}(Object(Illuminate\\Http\\Request))
#53 C:\\Users\\ana.abrantes\\Desktop\\projetos\\estagiarios\\estagiarios\\vendor\\laravel\\framework\\src\\Illuminate\\Pipeline\\Pipeline.php(180): Illuminate\\Foundation\\Http\\Middleware\\PreventRequestsDuringMaintenance->handle(Object(Illuminate\\Http\\Request), Object(Closure))
#54 C:\\Users\\ana.abrantes\\Desktop\\projetos\\estagiarios\\estagiarios\\vendor\\laravel\\framework\\src\\Illuminate\\Http\\Middleware\\HandleCors.php(49): Illuminate\\Pipeline\\Pipeline->Illuminate\\Pipeline\\{closure}(Object(Illuminate\\Http\\Request))
#55 C:\\Users\\ana.abrantes\\Desktop\\projetos\\estagiarios\\estagiarios\\vendor\\laravel\\framework\\src\\Illuminate\\Pipeline\\Pipeline.php(180): Illuminate\\Http\\Middleware\\HandleCors->handle(Object(Illuminate\\Http\\Request), Object(Closure))
#56 C:\\Users\\ana.abrantes\\Desktop\\projetos\\estagiarios\\estagiarios\\vendor\\laravel\\framework\\src\\Illuminate\\Http\\Middleware\\TrustProxies.php(39): Illuminate\\Pipeline\\Pipeline->Illuminate\\Pipeline\\{closure}(Object(Illuminate\\Http\\Request))
#57 C:\\Users\\ana.abrantes\\Desktop\\projetos\\estagiarios\\estagiarios\\vendor\\laravel\\framework\\src\\Illuminate\\Pipeline\\Pipeline.php(180): Illuminate\\Http\\Middleware\\TrustProxies->handle(Object(Illuminate\\Http\\Request), Object(Closure))
#58 C:\\Users\\ana.abrantes\\Desktop\\projetos\\estagiarios\\estagiarios\\vendor\\laravel\\framework\\src\\Illuminate\\Pipeline\\Pipeline.php(116): Illuminate\\Pipeline\\Pipeline->Illuminate\\Pipeline\\{closure}(Object(Illuminate\\Http\\Request))
#59 C:\\Users\\ana.abrantes\\Desktop\\projetos\\estagiarios\\estagiarios\\vendor\\laravel\\framework\\src\\Illuminate\\Foundation\\Http\\Kernel.php(175): Illuminate\\Pipeline\\Pipeline->then(Object(Closure))
#60 C:\\Users\\ana.abrantes\\Desktop\\projetos\\estagiarios\\estagiarios\\vendor\\laravel\\framework\\src\\Illuminate\\Foundation\\Http\\Kernel.php(144): Illuminate\\Foundation\\Http\\Kernel->sendRequestThroughRouter(Object(Illuminate\\Http\\Request))
#61 C:\\Users\\ana.abrantes\\Desktop\\projetos\\estagiarios\\estagiarios\\public\\index.php(51): Illuminate\\Foundation\\Http\\Kernel->handle(Object(Illuminate\\Http\\Request))
#62 C:\\Users\\ana.abrantes\\Desktop\\projetos\\estagiarios\\estagiarios\\vendor\\laravel\\framework\\src\\Illuminate\\Foundation\\resources\\server.php(16): require_once('C:\\\\Users\\\\ana.ab...')
#63 {main}

[previous exception] [object] (Illuminate\\Database\\SQLiteDatabaseDoesNotExistException(code: 0): Database file at path [estagiarios] does not exist. Ensure this is an absolute path to the database. at C:\\Users\\ana.abrantes\\Desktop\\projetos\\estagiarios\\estagiarios\\vendor\\laravel\\framework\\src\\Illuminate\\Database\\Connectors\\SQLiteConnector.php:34)
[stacktrace]
#0 C:\\Users\\ana.abrantes\\Desktop\\projetos\\estagiarios\\estagiarios\\vendor\\laravel\\framework\\src\\Illuminate\\Database\\Connectors\\ConnectionFactory.php(221): Illuminate\\Database\\Connectors\\SQLiteConnector->connect(Array)
#1 [internal function]: Illuminate\\Database\\Connectors\\ConnectionFactory->Illuminate\\Database\\Connectors\\{closure}()
#2 C:\\Users\\ana.abrantes\\Desktop\\projetos\\estagiarios\\estagiarios\\vendor\\laravel\\framework\\src\\Illuminate\\Database\\Connection.php(1210): call_user_func(Object(Closure))
#3 C:\\Users\\ana.abrantes\\Desktop\\projetos\\estagiarios\\estagiarios\\vendor\\laravel\\framework\\src\\Illuminate\\Database\\Connection.php(572): Illuminate\\Database\\Connection->getPdo()
#4 C:\\Users\\ana.abrantes\\Desktop\\projetos\\estagiarios\\estagiarios\\vendor\\laravel\\framework\\src\\Illuminate\\Database\\Connection.php(786): Illuminate\\Database\\Connection->Illuminate\\Database\\{closure}('PRAGMA foreign_...', Array)
#5 C:\\Users\\ana.abrantes\\Desktop\\projetos\\estagiarios\\estagiarios\\vendor\\laravel\\framework\\src\\Illuminate\\Database\\Connection.php(753): Illuminate\\Database\\Connection->runQueryCallback('PRAGMA foreign_...', Array, Object(Closure))
#6 C:\\Users\\ana.abrantes\\Desktop\\projetos\\estagiarios\\estagiarios\\vendor\\laravel\\framework\\src\\Illuminate\\Database\\Connection.php(567): Illuminate\\Database\\Connection->run('PRAGMA foreign_...', Array, Object(Closure))
#7 C:\\Users\\ana.abrantes\\Desktop\\projetos\\estagiarios\\estagiarios\\vendor\\laravel\\framework\\src\\Illuminate\\Database\\Schema\\Builder.php(397): Illuminate\\Database\\Connection->statement('PRAGMA foreign_...')
#8 C:\\Users\\ana.abrantes\\Desktop\\projetos\\estagiarios\\estagiarios\\vendor\\laravel\\framework\\src\\Illuminate\\Database\\SQLiteConnection.php(35): Illuminate\\Database\\Schema\\Builder->enableForeignKeyConstraints()
#9 C:\\Users\\ana.abrantes\\Desktop\\projetos\\estagiarios\\estagiarios\\vendor\\laravel\\framework\\src\\Illuminate\\Database\\Connectors\\ConnectionFactory.php(272): Illuminate\\Database\\SQLiteConnection->__construct(Object(Closure), 'estagiarios', '', Array)
#10 C:\\Users\\ana.abrantes\\Desktop\\projetos\\estagiarios\\estagiarios\\vendor\\laravel\\framework\\src\\Illuminate\\Database\\Connectors\\ConnectionFactory.php(75): Illuminate\\Database\\Connectors\\ConnectionFactory->createConnection('sqlite', Object(Closure), 'estagiarios', '', Array)
#11 C:\\Users\\ana.abrantes\\Desktop\\projetos\\estagiarios\\estagiarios\\vendor\\laravel\\framework\\src\\Illuminate\\Database\\Connectors\\ConnectionFactory.php(50): Illuminate\\Database\\Connectors\\ConnectionFactory->createSingleConnection(Array)
#12 C:\\Users\\ana.abrantes\\Desktop\\projetos\\estagiarios\\estagiarios\\vendor\\laravel\\framework\\src\\Illuminate\\Database\\DatabaseManager.php(152): Illuminate\\Database\\Connectors\\ConnectionFactory->make(Array, 'sqlite')
#13 C:\\Users\\ana.abrantes\\Desktop\\projetos\\estagiarios\\estagiarios\\vendor\\laravel\\framework\\src\\Illuminate\\Database\\DatabaseManager.php(101): Illuminate\\Database\\DatabaseManager->makeConnection('sqlite')
#14 C:\\Users\\ana.abrantes\\Desktop\\projetos\\estagiarios\\estagiarios\\vendor\\laravel\\framework\\src\\Illuminate\\Database\\Eloquent\\Model.php(1820): Illuminate\\Database\\DatabaseManager->connection('sqlite')
#15 C:\\Users\\ana.abrantes\\Desktop\\projetos\\estagiarios\\estagiarios\\vendor\\laravel\\framework\\src\\Illuminate\\Database\\Eloquent\\Model.php(1786): Illuminate\\Database\\Eloquent\\Model::resolveConnection(NULL)
#16 C:\\Users\\ana.abrantes\\Desktop\\projetos\\estagiarios\\estagiarios\\vendor\\laravel\\framework\\src\\Illuminate\\Database\\Eloquent\\Model.php(1578): Illuminate\\Database\\Eloquent\\Model->getConnection()
#17 C:\\Users\\ana.abrantes\\Desktop\\projetos\\estagiarios\\estagiarios\\vendor\\laravel\\framework\\src\\Illuminate\\Database\\Eloquent\\Model.php(1497): Illuminate\\Database\\Eloquent\\Model->newBaseQueryBuilder()
#18 C:\\Users\\ana.abrantes\\Desktop\\projetos\\estagiarios\\estagiarios\\vendor\\laravel\\framework\\src\\Illuminate\\Database\\Eloquent\\Model.php(1533): Illuminate\\Database\\Eloquent\\Model->newModelQuery()
#19 C:\\Users\\ana.abrantes\\Desktop\\projetos\\estagiarios\\estagiarios\\vendor\\laravel\\framework\\src\\Illuminate\\Database\\Eloquent\\Model.php(1486): Illuminate\\Database\\Eloquent\\Model->newQueryWithoutScopes()
#20 C:\\Users\\ana.abrantes\\Desktop\\projetos\\estagiarios\\estagiarios\\vendor\\laravel\\framework\\src\\Illuminate\\Database\\Eloquent\\Model.php(1476): Illuminate\\Database\\Eloquent\\Model->newQuery()
#21 C:\\Users\\ana.abrantes\\Desktop\\projetos\\estagiarios\\estagiarios\\vendor\\laravel\\framework\\src\\Illuminate\\Database\\Eloquent\\Model.php(674): Illuminate\\Database\\Eloquent\\Model::query()
#22 C:\\Users\\ana.abrantes\\Desktop\\projetos\\estagiarios\\estagiarios\\app\\Http\\Controllers\\EstagiarioController.php(14): Illuminate\\Database\\Eloquent\\Model::all()
#23 C:\\Users\\ana.abrantes\\Desktop\\projetos\\estagiarios\\estagiarios\\vendor\\laravel\\framework\\src\\Illuminate\\Routing\\Controller.php(54): App\\Http\\Controllers\\EstagiarioController->index()
#24 C:\\Users\\ana.abrantes\\Desktop\\projetos\\estagiarios\\estagiarios\\vendor\\laravel\\framework\\src\\Illuminate\\Routing\\ControllerDispatcher.php(43): Illuminate\\Routing\\Controller->callAction('index', Array)
#25 C:\\Users\\ana.abrantes\\Desktop\\projetos\\estagiarios\\estagiarios\\vendor\\laravel\\framework\\src\\Illuminate\\Routing\\Route.php(259): Illuminate\\Routing\\ControllerDispatcher->dispatch(Object(Illuminate\\Routing\\Route), Object(App\\Http\\Controllers\\EstagiarioController), 'index')
#26 C:\\Users\\ana.abrantes\\Desktop\\projetos\\estagiarios\\estagiarios\\vendor\\laravel\\framework\\src\\Illuminate\\Routing\\Route.php(205): Illuminate\\Routing\\Route->runController()
#27 C:\\Users\\ana.abrantes\\Desktop\\projetos\\estagiarios\\estagiarios\\vendor\\laravel\\framework\\src\\Illuminate\\Routing\\Router.php(798): Illuminate\\Routing\\Route->run()
#28 C:\\Users\\ana.abrantes\\Desktop\\projetos\\estagiarios\\estagiarios\\vendor\\laravel\\framework\\src\\Illuminate\\Pipeline\\Pipeline.php(141): Illuminate\\Routing\\Router->Illuminate\\Routing\\{closure}(Object(Illuminate\\Http\\Request))
#29 C:\\Users\\ana.abrantes\\Desktop\\projetos\\estagiarios\\estagiarios\\vendor\\laravel\\framework\\src\\Illuminate\\Routing\\Middleware\\SubstituteBindings.php(50): Illuminate\\Pipeline\\Pipeline->Illuminate\\Pipeline\\{closure}(Object(Illuminate\\Http\\Request))
#30 C:\\Users\\ana.abrantes\\Desktop\\projetos\\estagiarios\\estagiarios\\vendor\\laravel\\framework\\src\\Illuminate\\Pipeline\\Pipeline.php(180): Illuminate\\Routing\\Middleware\\SubstituteBindings->handle(Object(Illuminate\\Http\\Request), Object(Closure))
#31 C:\\Users\\ana.abrantes\\Desktop\\projetos\\estagiarios\\estagiarios\\vendor\\laravel\\framework\\src\\Illuminate\\Foundation\\Http\\Middleware\\VerifyCsrfToken.php(78): Illuminate\\Pipeline\\Pipeline->Illuminate\\Pipeline\\{closure}(Object(Illuminate\\Http\\Request))
#32 C:\\Users\\ana.abrantes\\Desktop\\projetos\\estagiarios\\estagiarios\\vendor\\laravel\\framework\\src\\Illuminate\\Pipeline\\Pipeline.php(180): Illuminate\\Foundation\\Http\\Middleware\\VerifyCsrfToken->handle(Object(Illuminate\\Http\\Request), Object(Closure))
#33 C:\\Users\\ana.abrantes\\Desktop\\projetos\\estagiarios\\estagiarios\\vendor\\laravel\\framework\\src\\Illuminate\\View\\Middleware\\ShareErrorsFromSession.php(49): Illuminate\\Pipeline\\Pipeline->Illuminate\\Pipeline\\{closure}(Object(Illuminate\\Http\\Request))
#34 C:\\Users\\ana.abrantes\\Desktop\\projetos\\estagiarios\\estagiarios\\vendor\\laravel\\framework\\src\\Illuminate\\Pipeline\\Pipeline.php(180): Illuminate\\View\\Middleware\\ShareErrorsFromSession->handle(Object(Illuminate\\Http\\Request), Object(Closure))
#35 C:\\Users\\ana.abrantes\\Desktop\\projetos\\estagiarios\\estagiarios\\vendor\\laravel\\framework\\src\\Illuminate\\Session\\Middleware\\StartSession.php(121): Illuminate\\Pipeline\\Pipeline->Illuminate\\Pipeline\\{closure}(Object(Illuminate\\Http\\Request))
#36 C:\\Users\\ana.abrantes\\Desktop\\projetos\\estagiarios\\estagiarios\\vendor\\laravel\\framework\\src\\Illuminate\\Session\\Middleware\\StartSession.php(64): Illuminate\\Session\\Middleware\\StartSession->handleStatefulRequest(Object(Illuminate\\Http\\Request), Object(Illuminate\\Session\\Store), Object(Closure))
#37 C:\\Users\\ana.abrantes\\Desktop\\projetos\\estagiarios\\estagiarios\\vendor\\laravel\\framework\\src\\Illuminate\\Pipeline\\Pipeline.php(180): Illuminate\\Session\\Middleware\\StartSession->handle(Object(Illuminate\\Http\\Request), Object(Closure))
#38 C:\\Users\\ana.abrantes\\Desktop\\projetos\\estagiarios\\estagiarios\\vendor\\laravel\\framework\\src\\Illuminate\\Cookie\\Middleware\\AddQueuedCookiesToResponse.php(37): Illuminate\\Pipeline\\Pipeline->Illuminate\\Pipeline\\{closure}(Object(Illuminate\\Http\\Request))
#39 C:\\Users\\ana.abrantes\\Desktop\\projetos\\estagiarios\\estagiarios\\vendor\\laravel\\framework\\src\\Illuminate\\Pipeline\\Pipeline.php(180): Illuminate\\Cookie\\Middleware\\AddQueuedCookiesToResponse->handle(Object(Illuminate\\Http\\Request), Object(Closure))
#40 C:\\Users\\ana.abrantes\\Desktop\\projetos\\estagiarios\\estagiarios\\vendor\\laravel\\framework\\src\\Illuminate\\Cookie\\Middleware\\EncryptCookies.php(67): Illuminate\\Pipeline\\Pipeline->Illuminate\\Pipeline\\{closure}(Object(Illuminate\\Http\\Request))
#41 C:\\Users\\ana.abrantes\\Desktop\\projetos\\estagiarios\\estagiarios\\vendor\\laravel\\framework\\src\\Illuminate\\Pipeline\\Pipeline.php(180): Illuminate\\Cookie\\Middleware\\EncryptCookies->handle(Object(Illuminate\\Http\\Request), Object(Closure))
#42 C:\\Users\\ana.abrantes\\Desktop\\projetos\\estagiarios\\estagiarios\\vendor\\laravel\\framework\\src\\Illuminate\\Pipeline\\Pipeline.php(116): Illuminate\\Pipeline\\Pipeline->Illuminate\\Pipeline\\{closure}(Object(Illuminate\\Http\\Request))
#43 C:\\Users\\ana.abrantes\\Desktop\\projetos\\estagiarios\\estagiarios\\vendor\\laravel\\framework\\src\\Illuminate\\Routing\\Router.php(797): Illuminate\\Pipeline\\Pipeline->then(Object(Closure))
#44 C:\\Users\\ana.abrantes\\Desktop\\projetos\\estagiarios\\estagiarios\\vendor\\laravel\\framework\\src\\Illuminate\\Routing\\Router.php(776): Illuminate\\Routing\\Router->runRouteWithinStack(Object(Illuminate\\Routing\\Route), Object(Illuminate\\Http\\Request))
#45 C:\\Users\\ana.abrantes\\Desktop\\projetos\\estagiarios\\estagiarios\\vendor\\laravel\\framework\\src\\Illuminate\\Routing\\Router.php(740): Illuminate\\Routing\\Router->runRoute(Object(Illuminate\\Http\\Request), Object(Illuminate\\Routing\\Route))
#46 C:\\Users\\ana.abrantes\\Desktop\\projetos\\estagiarios\\estagiarios\\vendor\\laravel\\framework\\src\\Illuminate\\Routing\\Router.php(729): Illuminate\\Routing\\Router->dispatchToRoute(Object(Illuminate\\Http\\Request))
#47 C:\\Users\\ana.abrantes\\Desktop\\projetos\\estagiarios\\estagiarios\\vendor\\laravel\\framework\\src\\Illuminate\\Foundation\\Http\\Kernel.php(200): Illuminate\\Routing\\Router->dispatch(Object(Illuminate\\Http\\Request))
#48 C:\\Users\\ana.abrantes\\Desktop\\projetos\\estagiarios\\estagiarios\\vendor\\laravel\\framework\\src\\Illuminate\\Pipeline\\Pipeline.php(141): Illuminate\\Foundation\\Http\\Kernel->Illuminate\\Foundation\\Http\\{closure}(Object(Illuminate\\Http\\Request))
#49 C:\\Users\\ana.abrantes\\Desktop\\projetos\\estagiarios\\estagiarios\\vendor\\laravel\\framework\\src\\Illuminate\\Foundation\\Http\\Middleware\\TransformsRequest.php(21): Illuminate\\Pipeline\\Pipeline->Illuminate\\Pipeline\\{closure}(Object(Illuminate\\Http\\Request))
#50 C:\\Users\\ana.abrantes\\Desktop\\projetos\\estagiarios\\estagiarios\\vendor\\laravel\\framework\\src\\Illuminate\\Foundation\\Http\\Middleware\\ConvertEmptyStringsToNull.php(31): Illuminate\\Foundation\\Http\\Middleware\\TransformsRequest->handle(Object(Illuminate\\Http\\Request), Object(Closure))
#51 C:\\Users\\ana.abrantes\\Desktop\\projetos\\estagiarios\\estagiarios\\vendor\\laravel\\framework\\src\\Illuminate\\Pipeline\\Pipeline.php(180): Illuminate\\Foundation\\Http\\Middleware\\ConvertEmptyStringsToNull->handle(Object(Illuminate\\Http\\Request), Object(Closure))
#52 C:\\Users\\ana.abrantes\\Desktop\\projetos\\estagiarios\\estagiarios\\vendor\\laravel\\framework\\src\\Illuminate\\Foundation\\Http\\Middleware\\TransformsRequest.php(21): Illuminate\\Pipeline\\Pipeline->Illuminate\\Pipeline\\{closure}(Object(Illuminate\\Http\\Request))
#53 C:\\Users\\ana.abrantes\\Desktop\\projetos\\estagiarios\\estagiarios\\vendor\\laravel\\framework\\src\\Illuminate\\Foundation\\Http\\Middleware\\TrimStrings.php(40): Illuminate\\Foundation\\Http\\Middleware\\TransformsRequest->handle(Object(Illuminate\\Http\\Request), Object(Closure))
#54 C:\\Users\\ana.abrantes\\Desktop\\projetos\\estagiarios\\estagiarios\\vendor\\laravel\\framework\\src\\Illuminate\\Pipeline\\Pipeline.php(180): Illuminate\\Foundation\\Http\\Middleware\\TrimStrings->handle(Object(Illuminate\\Http\\Request), Object(Closure))
#55 C:\\Users\\ana.abrantes\\Desktop\\projetos\\estagiarios\\estagiarios\\vendor\\laravel\\framework\\src\\Illuminate\\Foundation\\Http\\Middleware\\ValidatePostSize.php(27): Illuminate\\Pipeline\\Pipeline->Illuminate\\Pipeline\\{closure}(Object(Illuminate\\Http\\Request))
#56 C:\\Users\\ana.abrantes\\Desktop\\projetos\\estagiarios\\estagiarios\\vendor\\laravel\\framework\\src\\Illuminate\\Pipeline\\Pipeline.php(180): Illuminate\\Foundation\\Http\\Middleware\\ValidatePostSize->handle(Object(Illuminate\\Http\\Request), Object(Closure))
#57 C:\\Users\\ana.abrantes\\Desktop\\projetos\\estagiarios\\estagiarios\\vendor\\laravel\\framework\\src\\Illuminate\\Foundation\\Http\\Middleware\\PreventRequestsDuringMaintenance.php(86): Illuminate\\Pipeline\\Pipeline->Illuminate\\Pipeline\\{closure}(Object(Illuminate\\Http\\Request))
#58 C:\\Users\\ana.abrantes\\Desktop\\projetos\\estagiarios\\estagiarios\\vendor\\laravel\\framework\\src\\Illuminate\\Pipeline\\Pipeline.php(180): Illuminate\\Foundation\\Http\\Middleware\\PreventRequestsDuringMaintenance->handle(Object(Illuminate\\Http\\Request), Object(Closure))
#59 C:\\Users\\ana.abrantes\\Desktop\\projetos\\estagiarios\\estagiarios\\vendor\\laravel\\framework\\src\\Illuminate\\Http\\Middleware\\HandleCors.php(49): Illuminate\\Pipeline\\Pipeline->Illuminate\\Pipeline\\{closure}(Object(Illuminate\\Http\\Request))
#60 C:\\Users\\ana.abrantes\\Desktop\\projetos\\estagiarios\\estagiarios\\vendor\\laravel\\framework\\src\\Illuminate\\Pipeline\\Pipeline.php(180): Illuminate\\Http\\Middleware\\HandleCors->handle(Object(Illuminate\\Http\\Request), Object(Closure))
#61 C:\\Users\\ana.abrantes\\Desktop\\projetos\\estagiarios\\estagiarios\\vendor\\laravel\\framework\\src\\Illuminate\\Http\\Middleware\\TrustProxies.php(39): Illuminate\\Pipeline\\Pipeline->Illuminate\\Pipeline\\{closure}(Object(Illuminate\\Http\\Request))
#62 C:\\Users\\ana.abrantes\\Desktop\\projetos\\estagiarios\\estagiarios\\vendor\\laravel\\framework\\src\\Illuminate\\Pipeline\\Pipeline.php(180): Illuminate\\Http\\Middleware\\TrustProxies->handle(Object(Illuminate\\Http\\Request), Object(Closure))
#63 C:\\Users\\ana.abrantes\\Desktop\\projetos\\estagiarios\\estagiarios\\vendor\\laravel\\framework\\src\\Illuminate\\Pipeline\\Pipeline.php(116): Illuminate\\Pipeline\\Pipeline->Illuminate\\Pipeline\\{closure}(Object(Illuminate\\Http\\Request))
#64 C:\\Users\\ana.abrantes\\Desktop\\projetos\\estagiarios\\estagiarios\\vendor\\laravel\\framework\\src\\Illuminate\\Foundation\\Http\\Kernel.php(175): Illuminate\\Pipeline\\Pipeline->then(Object(Closure))
#65 C:\\Users\\ana.abrantes\\Desktop\\projetos\\estagiarios\\estagiarios\\vendor\\laravel\\framework\\src\\Illuminate\\Foundation\\Http\\Kernel.php(144): Illuminate\\Foundation\\Http\\Kernel->sendRequestThroughRouter(Object(Illuminate\\Http\\Request))
#66 C:\\Users\\ana.abrantes\\Desktop\\projetos\\estagiarios\\estagiarios\\public\\index.php(51): Illuminate\\Foundation\\Http\\Kernel->handle(Object(Illuminate\\Http\\Request))
#67 C:\\Users\\ana.abrantes\\Desktop\\projetos\\estagiarios\\estagiarios\\vendor\\laravel\\framework\\src\\Illuminate\\Foundation\\resources\\server.php(16): require_once('C:\\\\Users\\\\ana.ab...')
#68 {main}
"} 
[2023-06-19 12:44:12] local.ERROR: Database file at path [estagiarios] does not exist. Ensure this is an absolute path to the database. (Connection: sqlite, SQL: PRAGMA foreign_keys = ON;) {"exception":"[object] (Illuminate\\Database\\QueryException(code: 0): Database file at path [estagiarios] does not exist. Ensure this is an absolute path to the database. (Connection: sqlite, SQL: PRAGMA foreign_keys = ON;) at C:\\Users\\ana.abrantes\\Desktop\\projetos\\estagiarios\\estagiarios\\vendor\\laravel\\framework\\src\\Illuminate\\Database\\Connection.php:793)
[stacktrace]
#0 C:\\Users\\ana.abrantes\\Desktop\\projetos\\estagiarios\\estagiarios\\vendor\\laravel\\framework\\src\\Illuminate\\Database\\Connection.php(753): Illuminate\\Database\\Connection->runQueryCallback('PRAGMA foreign_...', Array, Object(Closure))
#1 C:\\Users\\ana.abrantes\\Desktop\\projetos\\estagiarios\\estagiarios\\vendor\\laravel\\framework\\src\\Illuminate\\Database\\Connection.php(567): Illuminate\\Database\\Connection->run('PRAGMA foreign_...', Array, Object(Closure))
#2 C:\\Users\\ana.abrantes\\Desktop\\projetos\\estagiarios\\estagiarios\\vendor\\laravel\\framework\\src\\Illuminate\\Database\\Schema\\Builder.php(397): Illuminate\\Database\\Connection->statement('PRAGMA foreign_...')
#3 C:\\Users\\ana.abrantes\\Desktop\\projetos\\estagiarios\\estagiarios\\vendor\\laravel\\framework\\src\\Illuminate\\Database\\SQLiteConnection.php(35): Illuminate\\Database\\Schema\\Builder->enableForeignKeyConstraints()
#4 C:\\Users\\ana.abrantes\\Desktop\\projetos\\estagiarios\\estagiarios\\vendor\\laravel\\framework\\src\\Illuminate\\Database\\Connectors\\ConnectionFactory.php(272): Illuminate\\Database\\SQLiteConnection->__construct(Object(Closure), 'estagiarios', '', Array)
#5 C:\\Users\\ana.abrantes\\Desktop\\projetos\\estagiarios\\estagiarios\\vendor\\laravel\\framework\\src\\Illuminate\\Database\\Connectors\\ConnectionFactory.php(75): Illuminate\\Database\\Connectors\\ConnectionFactory->createConnection('sqlite', Object(Closure), 'estagiarios', '', Array)
#6 C:\\Users\\ana.abrantes\\Desktop\\projetos\\estagiarios\\estagiarios\\vendor\\laravel\\framework\\src\\Illuminate\\Database\\Connectors\\ConnectionFactory.php(50): Illuminate\\Database\\Connectors\\ConnectionFactory->createSingleConnection(Array)
#7 C:\\Users\\ana.abrantes\\Desktop\\projetos\\estagiarios\\estagiarios\\vendor\\laravel\\framework\\src\\Illuminate\\Database\\DatabaseManager.php(152): Illuminate\\Database\\Connectors\\ConnectionFactory->make(Array, 'sqlite')
#8 C:\\Users\\ana.abrantes\\Desktop\\projetos\\estagiarios\\estagiarios\\vendor\\laravel\\framework\\src\\Illuminate\\Database\\DatabaseManager.php(101): Illuminate\\Database\\DatabaseManager->makeConnection('sqlite')
#9 C:\\Users\\ana.abrantes\\Desktop\\projetos\\estagiarios\\estagiarios\\vendor\\laravel\\framework\\src\\Illuminate\\Database\\Eloquent\\Model.php(1820): Illuminate\\Database\\DatabaseManager->connection('sqlite')
#10 C:\\Users\\ana.abrantes\\Desktop\\projetos\\estagiarios\\estagiarios\\vendor\\laravel\\framework\\src\\Illuminate\\Database\\Eloquent\\Model.php(1786): Illuminate\\Database\\Eloquent\\Model::resolveConnection(NULL)
#11 C:\\Users\\ana.abrantes\\Desktop\\projetos\\estagiarios\\estagiarios\\vendor\\laravel\\framework\\src\\Illuminate\\Database\\Eloquent\\Model.php(1578): Illuminate\\Database\\Eloquent\\Model->getConnection()
#12 C:\\Users\\ana.abrantes\\Desktop\\projetos\\estagiarios\\estagiarios\\vendor\\laravel\\framework\\src\\Illuminate\\Database\\Eloquent\\Model.php(1497): Illuminate\\Database\\Eloquent\\Model->newBaseQueryBuilder()
#13 C:\\Users\\ana.abrantes\\Desktop\\projetos\\estagiarios\\estagiarios\\vendor\\laravel\\framework\\src\\Illuminate\\Database\\Eloquent\\Model.php(1533): Illuminate\\Database\\Eloquent\\Model->newModelQuery()
#14 C:\\Users\\ana.abrantes\\Desktop\\projetos\\estagiarios\\estagiarios\\vendor\\laravel\\framework\\src\\Illuminate\\Database\\Eloquent\\Model.php(1486): Illuminate\\Database\\Eloquent\\Model->newQueryWithoutScopes()
#15 C:\\Users\\ana.abrantes\\Desktop\\projetos\\estagiarios\\estagiarios\\vendor\\laravel\\framework\\src\\Illuminate\\Database\\Eloquent\\Model.php(1476): Illuminate\\Database\\Eloquent\\Model->newQuery()
#16 C:\\Users\\ana.abrantes\\Desktop\\projetos\\estagiarios\\estagiarios\\vendor\\laravel\\framework\\src\\Illuminate\\Database\\Eloquent\\Model.php(674): Illuminate\\Database\\Eloquent\\Model::query()
#17 C:\\Users\\ana.abrantes\\Desktop\\projetos\\estagiarios\\estagiarios\\app\\Http\\Controllers\\EstagiarioController.php(14): Illuminate\\Database\\Eloquent\\Model::all()
#18 C:\\Users\\ana.abrantes\\Desktop\\projetos\\estagiarios\\estagiarios\\vendor\\laravel\\framework\\src\\Illuminate\\Routing\\Controller.php(54): App\\Http\\Controllers\\EstagiarioController->index()
#19 C:\\Users\\ana.abrantes\\Desktop\\projetos\\estagiarios\\estagiarios\\vendor\\laravel\\framework\\src\\Illuminate\\Routing\\ControllerDispatcher.php(43): Illuminate\\Routing\\Controller->callAction('index', Array)
#20 C:\\Users\\ana.abrantes\\Desktop\\projetos\\estagiarios\\estagiarios\\vendor\\laravel\\framework\\src\\Illuminate\\Routing\\Route.php(259): Illuminate\\Routing\\ControllerDispatcher->dispatch(Object(Illuminate\\Routing\\Route), Object(App\\Http\\Controllers\\EstagiarioController), 'index')
#21 C:\\Users\\ana.abrantes\\Desktop\\projetos\\estagiarios\\estagiarios\\vendor\\laravel\\framework\\src\\Illuminate\\Routing\\Route.php(205): Illuminate\\Routing\\Route->runController()
#22 C:\\Users\\ana.abrantes\\Desktop\\projetos\\estagiarios\\estagiarios\\vendor\\laravel\\framework\\src\\Illuminate\\Routing\\Router.php(798): Illuminate\\Routing\\Route->run()
#23 C:\\Users\\ana.abrantes\\Desktop\\projetos\\estagiarios\\estagiarios\\vendor\\laravel\\framework\\src\\Illuminate\\Pipeline\\Pipeline.php(141): Illuminate\\Routing\\Router->Illuminate\\Routing\\{closure}(Object(Illuminate\\Http\\Request))
#24 C:\\Users\\ana.abrantes\\Desktop\\projetos\\estagiarios\\estagiarios\\vendor\\laravel\\framework\\src\\Illuminate\\Routing\\Middleware\\SubstituteBindings.php(50): Illuminate\\Pipeline\\Pipeline->Illuminate\\Pipeline\\{closure}(Object(Illuminate\\Http\\Request))
#25 C:\\Users\\ana.abrantes\\Desktop\\projetos\\estagiarios\\estagiarios\\vendor\\laravel\\framework\\src\\Illuminate\\Pipeline\\Pipeline.php(180): Illuminate\\Routing\\Middleware\\SubstituteBindings->handle(Object(Illuminate\\Http\\Request), Object(Closure))
#26 C:\\Users\\ana.abrantes\\Desktop\\projetos\\estagiarios\\estagiarios\\vendor\\laravel\\framework\\src\\Illuminate\\Foundation\\Http\\Middleware\\VerifyCsrfToken.php(78): Illuminate\\Pipeline\\Pipeline->Illuminate\\Pipeline\\{closure}(Object(Illuminate\\Http\\Request))
#27 C:\\Users\\ana.abrantes\\Desktop\\projetos\\estagiarios\\estagiarios\\vendor\\laravel\\framework\\src\\Illuminate\\Pipeline\\Pipeline.php(180): Illuminate\\Foundation\\Http\\Middleware\\VerifyCsrfToken->handle(Object(Illuminate\\Http\\Request), Object(Closure))
#28 C:\\Users\\ana.abrantes\\Desktop\\projetos\\estagiarios\\estagiarios\\vendor\\laravel\\framework\\src\\Illuminate\\View\\Middleware\\ShareErrorsFromSession.php(49): Illuminate\\Pipeline\\Pipeline->Illuminate\\Pipeline\\{closure}(Object(Illuminate\\Http\\Request))
#29 C:\\Users\\ana.abrantes\\Desktop\\projetos\\estagiarios\\estagiarios\\vendor\\laravel\\framework\\src\\Illuminate\\Pipeline\\Pipeline.php(180): Illuminate\\View\\Middleware\\ShareErrorsFromSession->handle(Object(Illuminate\\Http\\Request), Object(Closure))
#30 C:\\Users\\ana.abrantes\\Desktop\\projetos\\estagiarios\\estagiarios\\vendor\\laravel\\framework\\src\\Illuminate\\Session\\Middleware\\StartSession.php(121): Illuminate\\Pipeline\\Pipeline->Illuminate\\Pipeline\\{closure}(Object(Illuminate\\Http\\Request))
#31 C:\\Users\\ana.abrantes\\Desktop\\projetos\\estagiarios\\estagiarios\\vendor\\laravel\\framework\\src\\Illuminate\\Session\\Middleware\\StartSession.php(64): Illuminate\\Session\\Middleware\\StartSession->handleStatefulRequest(Object(Illuminate\\Http\\Request), Object(Illuminate\\Session\\Store), Object(Closure))
#32 C:\\Users\\ana.abrantes\\Desktop\\projetos\\estagiarios\\estagiarios\\vendor\\laravel\\framework\\src\\Illuminate\\Pipeline\\Pipeline.php(180): Illuminate\\Session\\Middleware\\StartSession->handle(Object(Illuminate\\Http\\Request), Object(Closure))
#33 C:\\Users\\ana.abrantes\\Desktop\\projetos\\estagiarios\\estagiarios\\vendor\\laravel\\framework\\src\\Illuminate\\Cookie\\Middleware\\AddQueuedCookiesToResponse.php(37): Illuminate\\Pipeline\\Pipeline->Illuminate\\Pipeline\\{closure}(Object(Illuminate\\Http\\Request))
#34 C:\\Users\\ana.abrantes\\Desktop\\projetos\\estagiarios\\estagiarios\\vendor\\laravel\\framework\\src\\Illuminate\\Pipeline\\Pipeline.php(180): Illuminate\\Cookie\\Middleware\\AddQueuedCookiesToResponse->handle(Object(Illuminate\\Http\\Request), Object(Closure))
#35 C:\\Users\\ana.abrantes\\Desktop\\projetos\\estagiarios\\estagiarios\\vendor\\laravel\\framework\\src\\Illuminate\\Cookie\\Middleware\\EncryptCookies.php(67): Illuminate\\Pipeline\\Pipeline->Illuminate\\Pipeline\\{closure}(Object(Illuminate\\Http\\Request))
#36 C:\\Users\\ana.abrantes\\Desktop\\projetos\\estagiarios\\estagiarios\\vendor\\laravel\\framework\\src\\Illuminate\\Pipeline\\Pipeline.php(180): Illuminate\\Cookie\\Middleware\\EncryptCookies->handle(Object(Illuminate\\Http\\Request), Object(Closure))
#37 C:\\Users\\ana.abrantes\\Desktop\\projetos\\estagiarios\\estagiarios\\vendor\\laravel\\framework\\src\\Illuminate\\Pipeline\\Pipeline.php(116): Illuminate\\Pipeline\\Pipeline->Illuminate\\Pipeline\\{closure}(Object(Illuminate\\Http\\Request))
#38 C:\\Users\\ana.abrantes\\Desktop\\projetos\\estagiarios\\estagiarios\\vendor\\laravel\\framework\\src\\Illuminate\\Routing\\Router.php(797): Illuminate\\Pipeline\\Pipeline->then(Object(Closure))
#39 C:\\Users\\ana.abrantes\\Desktop\\projetos\\estagiarios\\estagiarios\\vendor\\laravel\\framework\\src\\Illuminate\\Routing\\Router.php(776): Illuminate\\Routing\\Router->runRouteWithinStack(Object(Illuminate\\Routing\\Route), Object(Illuminate\\Http\\Request))
#40 C:\\Users\\ana.abrantes\\Desktop\\projetos\\estagiarios\\estagiarios\\vendor\\laravel\\framework\\src\\Illuminate\\Routing\\Router.php(740): Illuminate\\Routing\\Router->runRoute(Object(Illuminate\\Http\\Request), Object(Illuminate\\Routing\\Route))
#41 C:\\Users\\ana.abrantes\\Desktop\\projetos\\estagiarios\\estagiarios\\vendor\\laravel\\framework\\src\\Illuminate\\Routing\\Router.php(729): Illuminate\\Routing\\Router->dispatchToRoute(Object(Illuminate\\Http\\Request))
#42 C:\\Users\\ana.abrantes\\Desktop\\projetos\\estagiarios\\estagiarios\\vendor\\laravel\\framework\\src\\Illuminate\\Foundation\\Http\\Kernel.php(200): Illuminate\\Routing\\Router->dispatch(Object(Illuminate\\Http\\Request))
#43 C:\\Users\\ana.abrantes\\Desktop\\projetos\\estagiarios\\estagiarios\\vendor\\laravel\\framework\\src\\Illuminate\\Pipeline\\Pipeline.php(141): Illuminate\\Foundation\\Http\\Kernel->Illuminate\\Foundation\\Http\\{closure}(Object(Illuminate\\Http\\Request))
#44 C:\\Users\\ana.abrantes\\Desktop\\projetos\\estagiarios\\estagiarios\\vendor\\laravel\\framework\\src\\Illuminate\\Foundation\\Http\\Middleware\\TransformsRequest.php(21): Illuminate\\Pipeline\\Pipeline->Illuminate\\Pipeline\\{closure}(Object(Illuminate\\Http\\Request))
#45 C:\\Users\\ana.abrantes\\Desktop\\projetos\\estagiarios\\estagiarios\\vendor\\laravel\\framework\\src\\Illuminate\\Foundation\\Http\\Middleware\\ConvertEmptyStringsToNull.php(31): Illuminate\\Foundation\\Http\\Middleware\\TransformsRequest->handle(Object(Illuminate\\Http\\Request), Object(Closure))
#46 C:\\Users\\ana.abrantes\\Desktop\\projetos\\estagiarios\\estagiarios\\vendor\\laravel\\framework\\src\\Illuminate\\Pipeline\\Pipeline.php(180): Illuminate\\Foundation\\Http\\Middleware\\ConvertEmptyStringsToNull->handle(Object(Illuminate\\Http\\Request), Object(Closure))
#47 C:\\Users\\ana.abrantes\\Desktop\\projetos\\estagiarios\\estagiarios\\vendor\\laravel\\framework\\src\\Illuminate\\Foundation\\Http\\Middleware\\TransformsRequest.php(21): Illuminate\\Pipeline\\Pipeline->Illuminate\\Pipeline\\{closure}(Object(Illuminate\\Http\\Request))
#48 C:\\Users\\ana.abrantes\\Desktop\\projetos\\estagiarios\\estagiarios\\vendor\\laravel\\framework\\src\\Illuminate\\Foundation\\Http\\Middleware\\TrimStrings.php(40): Illuminate\\Foundation\\Http\\Middleware\\TransformsRequest->handle(Object(Illuminate\\Http\\Request), Object(Closure))
#49 C:\\Users\\ana.abrantes\\Desktop\\projetos\\estagiarios\\estagiarios\\vendor\\laravel\\framework\\src\\Illuminate\\Pipeline\\Pipeline.php(180): Illuminate\\Foundation\\Http\\Middleware\\TrimStrings->handle(Object(Illuminate\\Http\\Request), Object(Closure))
#50 C:\\Users\\ana.abrantes\\Desktop\\projetos\\estagiarios\\estagiarios\\vendor\\laravel\\framework\\src\\Illuminate\\Foundation\\Http\\Middleware\\ValidatePostSize.php(27): Illuminate\\Pipeline\\Pipeline->Illuminate\\Pipeline\\{closure}(Object(Illuminate\\Http\\Request))
#51 C:\\Users\\ana.abrantes\\Desktop\\projetos\\estagiarios\\estagiarios\\vendor\\laravel\\framework\\src\\Illuminate\\Pipeline\\Pipeline.php(180): Illuminate\\Foundation\\Http\\Middleware\\ValidatePostSize->handle(Object(Illuminate\\Http\\Request), Object(Closure))
#52 C:\\Users\\ana.abrantes\\Desktop\\projetos\\estagiarios\\estagiarios\\vendor\\laravel\\framework\\src\\Illuminate\\Foundation\\Http\\Middleware\\PreventRequestsDuringMaintenance.php(86): Illuminate\\Pipeline\\Pipeline->Illuminate\\Pipeline\\{closure}(Object(Illuminate\\Http\\Request))
#53 C:\\Users\\ana.abrantes\\Desktop\\projetos\\estagiarios\\estagiarios\\vendor\\laravel\\framework\\src\\Illuminate\\Pipeline\\Pipeline.php(180): Illuminate\\Foundation\\Http\\Middleware\\PreventRequestsDuringMaintenance->handle(Object(Illuminate\\Http\\Request), Object(Closure))
#54 C:\\Users\\ana.abrantes\\Desktop\\projetos\\estagiarios\\estagiarios\\vendor\\laravel\\framework\\src\\Illuminate\\Http\\Middleware\\HandleCors.php(49): Illuminate\\Pipeline\\Pipeline->Illuminate\\Pipeline\\{closure}(Object(Illuminate\\Http\\Request))
#55 C:\\Users\\ana.abrantes\\Desktop\\projetos\\estagiarios\\estagiarios\\vendor\\laravel\\framework\\src\\Illuminate\\Pipeline\\Pipeline.php(180): Illuminate\\Http\\Middleware\\HandleCors->handle(Object(Illuminate\\Http\\Request), Object(Closure))
#56 C:\\Users\\ana.abrantes\\Desktop\\projetos\\estagiarios\\estagiarios\\vendor\\laravel\\framework\\src\\Illuminate\\Http\\Middleware\\TrustProxies.php(39): Illuminate\\Pipeline\\Pipeline->Illuminate\\Pipeline\\{closure}(Object(Illuminate\\Http\\Request))
#57 C:\\Users\\ana.abrantes\\Desktop\\projetos\\estagiarios\\estagiarios\\vendor\\laravel\\framework\\src\\Illuminate\\Pipeline\\Pipeline.php(180): Illuminate\\Http\\Middleware\\TrustProxies->handle(Object(Illuminate\\Http\\Request), Object(Closure))
#58 C:\\Users\\ana.abrantes\\Desktop\\projetos\\estagiarios\\estagiarios\\vendor\\laravel\\framework\\src\\Illuminate\\Pipeline\\Pipeline.php(116): Illuminate\\Pipeline\\Pipeline->Illuminate\\Pipeline\\{closure}(Object(Illuminate\\Http\\Request))
#59 C:\\Users\\ana.abrantes\\Desktop\\projetos\\estagiarios\\estagiarios\\vendor\\laravel\\framework\\src\\Illuminate\\Foundation\\Http\\Kernel.php(175): Illuminate\\Pipeline\\Pipeline->then(Object(Closure))
#60 C:\\Users\\ana.abrantes\\Desktop\\projetos\\estagiarios\\estagiarios\\vendor\\laravel\\framework\\src\\Illuminate\\Foundation\\Http\\Kernel.php(144): Illuminate\\Foundation\\Http\\Kernel->sendRequestThroughRouter(Object(Illuminate\\Http\\Request))
#61 C:\\Users\\ana.abrantes\\Desktop\\projetos\\estagiarios\\estagiarios\\public\\index.php(51): Illuminate\\Foundation\\Http\\Kernel->handle(Object(Illuminate\\Http\\Request))
#62 C:\\Users\\ana.abrantes\\Desktop\\projetos\\estagiarios\\estagiarios\\vendor\\laravel\\framework\\src\\Illuminate\\Foundation\\resources\\server.php(16): require_once('C:\\\\Users\\\\ana.ab...')
#63 {main}

[previous exception] [object] (Illuminate\\Database\\SQLiteDatabaseDoesNotExistException(code: 0): Database file at path [estagiarios] does not exist. Ensure this is an absolute path to the database. at C:\\Users\\ana.abrantes\\Desktop\\projetos\\estagiarios\\estagiarios\\vendor\\laravel\\framework\\src\\Illuminate\\Database\\Connectors\\SQLiteConnector.php:34)
[stacktrace]
#0 C:\\Users\\ana.abrantes\\Desktop\\projetos\\estagiarios\\estagiarios\\vendor\\laravel\\framework\\src\\Illuminate\\Database\\Connectors\\ConnectionFactory.php(221): Illuminate\\Database\\Connectors\\SQLiteConnector->connect(Array)
#1 [internal function]: Illuminate\\Database\\Connectors\\ConnectionFactory->Illuminate\\Database\\Connectors\\{closure}()
#2 C:\\Users\\ana.abrantes\\Desktop\\projetos\\estagiarios\\estagiarios\\vendor\\laravel\\framework\\src\\Illuminate\\Database\\Connection.php(1210): call_user_func(Object(Closure))
#3 C:\\Users\\ana.abrantes\\Desktop\\projetos\\estagiarios\\estagiarios\\vendor\\laravel\\framework\\src\\Illuminate\\Database\\Connection.php(572): Illuminate\\Database\\Connection->getPdo()
#4 C:\\Users\\ana.abrantes\\Desktop\\projetos\\estagiarios\\estagiarios\\vendor\\laravel\\framework\\src\\Illuminate\\Database\\Connection.php(786): Illuminate\\Database\\Connection->Illuminate\\Database\\{closure}('PRAGMA foreign_...', Array)
#5 C:\\Users\\ana.abrantes\\Desktop\\projetos\\estagiarios\\estagiarios\\vendor\\laravel\\framework\\src\\Illuminate\\Database\\Connection.php(753): Illuminate\\Database\\Connection->runQueryCallback('PRAGMA foreign_...', Array, Object(Closure))
#6 C:\\Users\\ana.abrantes\\Desktop\\projetos\\estagiarios\\estagiarios\\vendor\\laravel\\framework\\src\\Illuminate\\Database\\Connection.php(567): Illuminate\\Database\\Connection->run('PRAGMA foreign_...', Array, Object(Closure))
#7 C:\\Users\\ana.abrantes\\Desktop\\projetos\\estagiarios\\estagiarios\\vendor\\laravel\\framework\\src\\Illuminate\\Database\\Schema\\Builder.php(397): Illuminate\\Database\\Connection->statement('PRAGMA foreign_...')
#8 C:\\Users\\ana.abrantes\\Desktop\\projetos\\estagiarios\\estagiarios\\vendor\\laravel\\framework\\src\\Illuminate\\Database\\SQLiteConnection.php(35): Illuminate\\Database\\Schema\\Builder->enableForeignKeyConstraints()
#9 C:\\Users\\ana.abrantes\\Desktop\\projetos\\estagiarios\\estagiarios\\vendor\\laravel\\framework\\src\\Illuminate\\Database\\Connectors\\ConnectionFactory.php(272): Illuminate\\Database\\SQLiteConnection->__construct(Object(Closure), 'estagiarios', '', Array)
#10 C:\\Users\\ana.abrantes\\Desktop\\projetos\\estagiarios\\estagiarios\\vendor\\laravel\\framework\\src\\Illuminate\\Database\\Connectors\\ConnectionFactory.php(75): Illuminate\\Database\\Connectors\\ConnectionFactory->createConnection('sqlite', Object(Closure), 'estagiarios', '', Array)
#11 C:\\Users\\ana.abrantes\\Desktop\\projetos\\estagiarios\\estagiarios\\vendor\\laravel\\framework\\src\\Illuminate\\Database\\Connectors\\ConnectionFactory.php(50): Illuminate\\Database\\Connectors\\ConnectionFactory->createSingleConnection(Array)
#12 C:\\Users\\ana.abrantes\\Desktop\\projetos\\estagiarios\\estagiarios\\vendor\\laravel\\framework\\src\\Illuminate\\Database\\DatabaseManager.php(152): Illuminate\\Database\\Connectors\\ConnectionFactory->make(Array, 'sqlite')
#13 C:\\Users\\ana.abrantes\\Desktop\\projetos\\estagiarios\\estagiarios\\vendor\\laravel\\framework\\src\\Illuminate\\Database\\DatabaseManager.php(101): Illuminate\\Database\\DatabaseManager->makeConnection('sqlite')
#14 C:\\Users\\ana.abrantes\\Desktop\\projetos\\estagiarios\\estagiarios\\vendor\\laravel\\framework\\src\\Illuminate\\Database\\Eloquent\\Model.php(1820): Illuminate\\Database\\DatabaseManager->connection('sqlite')
#15 C:\\Users\\ana.abrantes\\Desktop\\projetos\\estagiarios\\estagiarios\\vendor\\laravel\\framework\\src\\Illuminate\\Database\\Eloquent\\Model.php(1786): Illuminate\\Database\\Eloquent\\Model::resolveConnection(NULL)
#16 C:\\Users\\ana.abrantes\\Desktop\\projetos\\estagiarios\\estagiarios\\vendor\\laravel\\framework\\src\\Illuminate\\Database\\Eloquent\\Model.php(1578): Illuminate\\Database\\Eloquent\\Model->getConnection()
#17 C:\\Users\\ana.abrantes\\Desktop\\projetos\\estagiarios\\estagiarios\\vendor\\laravel\\framework\\src\\Illuminate\\Database\\Eloquent\\Model.php(1497): Illuminate\\Database\\Eloquent\\Model->newBaseQueryBuilder()
#18 C:\\Users\\ana.abrantes\\Desktop\\projetos\\estagiarios\\estagiarios\\vendor\\laravel\\framework\\src\\Illuminate\\Database\\Eloquent\\Model.php(1533): Illuminate\\Database\\Eloquent\\Model->newModelQuery()
#19 C:\\Users\\ana.abrantes\\Desktop\\projetos\\estagiarios\\estagiarios\\vendor\\laravel\\framework\\src\\Illuminate\\Database\\Eloquent\\Model.php(1486): Illuminate\\Database\\Eloquent\\Model->newQueryWithoutScopes()
#20 C:\\Users\\ana.abrantes\\Desktop\\projetos\\estagiarios\\estagiarios\\vendor\\laravel\\framework\\src\\Illuminate\\Database\\Eloquent\\Model.php(1476): Illuminate\\Database\\Eloquent\\Model->newQuery()
#21 C:\\Users\\ana.abrantes\\Desktop\\projetos\\estagiarios\\estagiarios\\vendor\\laravel\\framework\\src\\Illuminate\\Database\\Eloquent\\Model.php(674): Illuminate\\Database\\Eloquent\\Model::query()
#22 C:\\Users\\ana.abrantes\\Desktop\\projetos\\estagiarios\\estagiarios\\app\\Http\\Controllers\\EstagiarioController.php(14): Illuminate\\Database\\Eloquent\\Model::all()
#23 C:\\Users\\ana.abrantes\\Desktop\\projetos\\estagiarios\\estagiarios\\vendor\\laravel\\framework\\src\\Illuminate\\Routing\\Controller.php(54): App\\Http\\Controllers\\EstagiarioController->index()
#24 C:\\Users\\ana.abrantes\\Desktop\\projetos\\estagiarios\\estagiarios\\vendor\\laravel\\framework\\src\\Illuminate\\Routing\\ControllerDispatcher.php(43): Illuminate\\Routing\\Controller->callAction('index', Array)
#25 C:\\Users\\ana.abrantes\\Desktop\\projetos\\estagiarios\\estagiarios\\vendor\\laravel\\framework\\src\\Illuminate\\Routing\\Route.php(259): Illuminate\\Routing\\ControllerDispatcher->dispatch(Object(Illuminate\\Routing\\Route), Object(App\\Http\\Controllers\\EstagiarioController), 'index')
#26 C:\\Users\\ana.abrantes\\Desktop\\projetos\\estagiarios\\estagiarios\\vendor\\laravel\\framework\\src\\Illuminate\\Routing\\Route.php(205): Illuminate\\Routing\\Route->runController()
#27 C:\\Users\\ana.abrantes\\Desktop\\projetos\\estagiarios\\estagiarios\\vendor\\laravel\\framework\\src\\Illuminate\\Routing\\Router.php(798): Illuminate\\Routing\\Route->run()
#28 C:\\Users\\ana.abrantes\\Desktop\\projetos\\estagiarios\\estagiarios\\vendor\\laravel\\framework\\src\\Illuminate\\Pipeline\\Pipeline.php(141): Illuminate\\Routing\\Router->Illuminate\\Routing\\{closure}(Object(Illuminate\\Http\\Request))
#29 C:\\Users\\ana.abrantes\\Desktop\\projetos\\estagiarios\\estagiarios\\vendor\\laravel\\framework\\src\\Illuminate\\Routing\\Middleware\\SubstituteBindings.php(50): Illuminate\\Pipeline\\Pipeline->Illuminate\\Pipeline\\{closure}(Object(Illuminate\\Http\\Request))
#30 C:\\Users\\ana.abrantes\\Desktop\\projetos\\estagiarios\\estagiarios\\vendor\\laravel\\framework\\src\\Illuminate\\Pipeline\\Pipeline.php(180): Illuminate\\Routing\\Middleware\\SubstituteBindings->handle(Object(Illuminate\\Http\\Request), Object(Closure))
#31 C:\\Users\\ana.abrantes\\Desktop\\projetos\\estagiarios\\estagiarios\\vendor\\laravel\\framework\\src\\Illuminate\\Foundation\\Http\\Middleware\\VerifyCsrfToken.php(78): Illuminate\\Pipeline\\Pipeline->Illuminate\\Pipeline\\{closure}(Object(Illuminate\\Http\\Request))
#32 C:\\Users\\ana.abrantes\\Desktop\\projetos\\estagiarios\\estagiarios\\vendor\\laravel\\framework\\src\\Illuminate\\Pipeline\\Pipeline.php(180): Illuminate\\Foundation\\Http\\Middleware\\VerifyCsrfToken->handle(Object(Illuminate\\Http\\Request), Object(Closure))
#33 C:\\Users\\ana.abrantes\\Desktop\\projetos\\estagiarios\\estagiarios\\vendor\\laravel\\framework\\src\\Illuminate\\View\\Middleware\\ShareErrorsFromSession.php(49): Illuminate\\Pipeline\\Pipeline->Illuminate\\Pipeline\\{closure}(Object(Illuminate\\Http\\Request))
#34 C:\\Users\\ana.abrantes\\Desktop\\projetos\\estagiarios\\estagiarios\\vendor\\laravel\\framework\\src\\Illuminate\\Pipeline\\Pipeline.php(180): Illuminate\\View\\Middleware\\ShareErrorsFromSession->handle(Object(Illuminate\\Http\\Request), Object(Closure))
#35 C:\\Users\\ana.abrantes\\Desktop\\projetos\\estagiarios\\estagiarios\\vendor\\laravel\\framework\\src\\Illuminate\\Session\\Middleware\\StartSession.php(121): Illuminate\\Pipeline\\Pipeline->Illuminate\\Pipeline\\{closure}(Object(Illuminate\\Http\\Request))
#36 C:\\Users\\ana.abrantes\\Desktop\\projetos\\estagiarios\\estagiarios\\vendor\\laravel\\framework\\src\\Illuminate\\Session\\Middleware\\StartSession.php(64): Illuminate\\Session\\Middleware\\StartSession->handleStatefulRequest(Object(Illuminate\\Http\\Request), Object(Illuminate\\Session\\Store), Object(Closure))
#37 C:\\Users\\ana.abrantes\\Desktop\\projetos\\estagiarios\\estagiarios\\vendor\\laravel\\framework\\src\\Illuminate\\Pipeline\\Pipeline.php(180): Illuminate\\Session\\Middleware\\StartSession->handle(Object(Illuminate\\Http\\Request), Object(Closure))
#38 C:\\Users\\ana.abrantes\\Desktop\\projetos\\estagiarios\\estagiarios\\vendor\\laravel\\framework\\src\\Illuminate\\Cookie\\Middleware\\AddQueuedCookiesToResponse.php(37): Illuminate\\Pipeline\\Pipeline->Illuminate\\Pipeline\\{closure}(Object(Illuminate\\Http\\Request))
#39 C:\\Users\\ana.abrantes\\Desktop\\projetos\\estagiarios\\estagiarios\\vendor\\laravel\\framework\\src\\Illuminate\\Pipeline\\Pipeline.php(180): Illuminate\\Cookie\\Middleware\\AddQueuedCookiesToResponse->handle(Object(Illuminate\\Http\\Request), Object(Closure))
#40 C:\\Users\\ana.abrantes\\Desktop\\projetos\\estagiarios\\estagiarios\\vendor\\laravel\\framework\\src\\Illuminate\\Cookie\\Middleware\\EncryptCookies.php(67): Illuminate\\Pipeline\\Pipeline->Illuminate\\Pipeline\\{closure}(Object(Illuminate\\Http\\Request))
#41 C:\\Users\\ana.abrantes\\Desktop\\projetos\\estagiarios\\estagiarios\\vendor\\laravel\\framework\\src\\Illuminate\\Pipeline\\Pipeline.php(180): Illuminate\\Cookie\\Middleware\\EncryptCookies->handle(Object(Illuminate\\Http\\Request), Object(Closure))
#42 C:\\Users\\ana.abrantes\\Desktop\\projetos\\estagiarios\\estagiarios\\vendor\\laravel\\framework\\src\\Illuminate\\Pipeline\\Pipeline.php(116): Illuminate\\Pipeline\\Pipeline->Illuminate\\Pipeline\\{closure}(Object(Illuminate\\Http\\Request))
#43 C:\\Users\\ana.abrantes\\Desktop\\projetos\\estagiarios\\estagiarios\\vendor\\laravel\\framework\\src\\Illuminate\\Routing\\Router.php(797): Illuminate\\Pipeline\\Pipeline->then(Object(Closure))
#44 C:\\Users\\ana.abrantes\\Desktop\\projetos\\estagiarios\\estagiarios\\vendor\\laravel\\framework\\src\\Illuminate\\Routing\\Router.php(776): Illuminate\\Routing\\Router->runRouteWithinStack(Object(Illuminate\\Routing\\Route), Object(Illuminate\\Http\\Request))
#45 C:\\Users\\ana.abrantes\\Desktop\\projetos\\estagiarios\\estagiarios\\vendor\\laravel\\framework\\src\\Illuminate\\Routing\\Router.php(740): Illuminate\\Routing\\Router->runRoute(Object(Illuminate\\Http\\Request), Object(Illuminate\\Routing\\Route))
#46 C:\\Users\\ana.abrantes\\Desktop\\projetos\\estagiarios\\estagiarios\\vendor\\laravel\\framework\\src\\Illuminate\\Routing\\Router.php(729): Illuminate\\Routing\\Router->dispatchToRoute(Object(Illuminate\\Http\\Request))
#47 C:\\Users\\ana.abrantes\\Desktop\\projetos\\estagiarios\\estagiarios\\vendor\\laravel\\framework\\src\\Illuminate\\Foundation\\Http\\Kernel.php(200): Illuminate\\Routing\\Router->dispatch(Object(Illuminate\\Http\\Request))
#48 C:\\Users\\ana.abrantes\\Desktop\\projetos\\estagiarios\\estagiarios\\vendor\\laravel\\framework\\src\\Illuminate\\Pipeline\\Pipeline.php(141): Illuminate\\Foundation\\Http\\Kernel->Illuminate\\Foundation\\Http\\{closure}(Object(Illuminate\\Http\\Request))
#49 C:\\Users\\ana.abrantes\\Desktop\\projetos\\estagiarios\\estagiarios\\vendor\\laravel\\framework\\src\\Illuminate\\Foundation\\Http\\Middleware\\TransformsRequest.php(21): Illuminate\\Pipeline\\Pipeline->Illuminate\\Pipeline\\{closure}(Object(Illuminate\\Http\\Request))
#50 C:\\Users\\ana.abrantes\\Desktop\\projetos\\estagiarios\\estagiarios\\vendor\\laravel\\framework\\src\\Illuminate\\Foundation\\Http\\Middleware\\ConvertEmptyStringsToNull.php(31): Illuminate\\Foundation\\Http\\Middleware\\TransformsRequest->handle(Object(Illuminate\\Http\\Request), Object(Closure))
#51 C:\\Users\\ana.abrantes\\Desktop\\projetos\\estagiarios\\estagiarios\\vendor\\laravel\\framework\\src\\Illuminate\\Pipeline\\Pipeline.php(180): Illuminate\\Foundation\\Http\\Middleware\\ConvertEmptyStringsToNull->handle(Object(Illuminate\\Http\\Request), Object(Closure))
#52 C:\\Users\\ana.abrantes\\Desktop\\projetos\\estagiarios\\estagiarios\\vendor\\laravel\\framework\\src\\Illuminate\\Foundation\\Http\\Middleware\\TransformsRequest.php(21): Illuminate\\Pipeline\\Pipeline->Illuminate\\Pipeline\\{closure}(Object(Illuminate\\Http\\Request))
#53 C:\\Users\\ana.abrantes\\Desktop\\projetos\\estagiarios\\estagiarios\\vendor\\laravel\\framework\\src\\Illuminate\\Foundation\\Http\\Middleware\\TrimStrings.php(40): Illuminate\\Foundation\\Http\\Middleware\\TransformsRequest->handle(Object(Illuminate\\Http\\Request), Object(Closure))
#54 C:\\Users\\ana.abrantes\\Desktop\\projetos\\estagiarios\\estagiarios\\vendor\\laravel\\framework\\src\\Illuminate\\Pipeline\\Pipeline.php(180): Illuminate\\Foundation\\Http\\Middleware\\TrimStrings->handle(Object(Illuminate\\Http\\Request), Object(Closure))
#55 C:\\Users\\ana.abrantes\\Desktop\\projetos\\estagiarios\\estagiarios\\vendor\\laravel\\framework\\src\\Illuminate\\Foundation\\Http\\Middleware\\ValidatePostSize.php(27): Illuminate\\Pipeline\\Pipeline->Illuminate\\Pipeline\\{closure}(Object(Illuminate\\Http\\Request))
#56 C:\\Users\\ana.abrantes\\Desktop\\projetos\\estagiarios\\estagiarios\\vendor\\laravel\\framework\\src\\Illuminate\\Pipeline\\Pipeline.php(180): Illuminate\\Foundation\\Http\\Middleware\\ValidatePostSize->handle(Object(Illuminate\\Http\\Request), Object(Closure))
#57 C:\\Users\\ana.abrantes\\Desktop\\projetos\\estagiarios\\estagiarios\\vendor\\laravel\\framework\\src\\Illuminate\\Foundation\\Http\\Middleware\\PreventRequestsDuringMaintenance.php(86): Illuminate\\Pipeline\\Pipeline->Illuminate\\Pipeline\\{closure}(Object(Illuminate\\Http\\Request))
#58 C:\\Users\\ana.abrantes\\Desktop\\projetos\\estagiarios\\estagiarios\\vendor\\laravel\\framework\\src\\Illuminate\\Pipeline\\Pipeline.php(180): Illuminate\\Foundation\\Http\\Middleware\\PreventRequestsDuringMaintenance->handle(Object(Illuminate\\Http\\Request), Object(Closure))
#59 C:\\Users\\ana.abrantes\\Desktop\\projetos\\estagiarios\\estagiarios\\vendor\\laravel\\framework\\src\\Illuminate\\Http\\Middleware\\HandleCors.php(49): Illuminate\\Pipeline\\Pipeline->Illuminate\\Pipeline\\{closure}(Object(Illuminate\\Http\\Request))
#60 C:\\Users\\ana.abrantes\\Desktop\\projetos\\estagiarios\\estagiarios\\vendor\\laravel\\framework\\src\\Illuminate\\Pipeline\\Pipeline.php(180): Illuminate\\Http\\Middleware\\HandleCors->handle(Object(Illuminate\\Http\\Request), Object(Closure))
#61 C:\\Users\\ana.abrantes\\Desktop\\projetos\\estagiarios\\estagiarios\\vendor\\laravel\\framework\\src\\Illuminate\\Http\\Middleware\\TrustProxies.php(39): Illuminate\\Pipeline\\Pipeline->Illuminate\\Pipeline\\{closure}(Object(Illuminate\\Http\\Request))
#62 C:\\Users\\ana.abrantes\\Desktop\\projetos\\estagiarios\\estagiarios\\vendor\\laravel\\framework\\src\\Illuminate\\Pipeline\\Pipeline.php(180): Illuminate\\Http\\Middleware\\TrustProxies->handle(Object(Illuminate\\Http\\Request), Object(Closure))
#63 C:\\Users\\ana.abrantes\\Desktop\\projetos\\estagiarios\\estagiarios\\vendor\\laravel\\framework\\src\\Illuminate\\Pipeline\\Pipeline.php(116): Illuminate\\Pipeline\\Pipeline->Illuminate\\Pipeline\\{closure}(Object(Illuminate\\Http\\Request))
#64 C:\\Users\\ana.abrantes\\Desktop\\projetos\\estagiarios\\estagiarios\\vendor\\laravel\\framework\\src\\Illuminate\\Foundation\\Http\\Kernel.php(175): Illuminate\\Pipeline\\Pipeline->then(Object(Closure))
#65 C:\\Users\\ana.abrantes\\Desktop\\projetos\\estagiarios\\estagiarios\\vendor\\laravel\\framework\\src\\Illuminate\\Foundation\\Http\\Kernel.php(144): Illuminate\\Foundation\\Http\\Kernel->sendRequestThroughRouter(Object(Illuminate\\Http\\Request))
#66 C:\\Users\\ana.abrantes\\Desktop\\projetos\\estagiarios\\estagiarios\\public\\index.php(51): Illuminate\\Foundation\\Http\\Kernel->handle(Object(Illuminate\\Http\\Request))
#67 C:\\Users\\ana.abrantes\\Desktop\\projetos\\estagiarios\\estagiarios\\vendor\\laravel\\framework\\src\\Illuminate\\Foundation\\resources\\server.php(16): require_once('C:\\\\Users\\\\ana.ab...')
#68 {main}
"} 
[2023-06-19 13:01:59] local.ERROR: Database file at path [estagiarios/database/estagiarios.sqlite] does not exist. Ensure this is an absolute path to the database. (Connection: sqlite, SQL: PRAGMA foreign_keys = ON;) {"exception":"[object] (Illuminate\\Database\\QueryException(code: 0): Database file at path [estagiarios/database/estagiarios.sqlite] does not exist. Ensure this is an absolute path to the database. (Connection: sqlite, SQL: PRAGMA foreign_keys = ON;) at C:\\Users\\ana.abrantes\\Desktop\\projetos\\estagiarios\\estagiarios\\vendor\\laravel\\framework\\src\\Illuminate\\Database\\Connection.php:793)
[stacktrace]
#0 C:\\Users\\ana.abrantes\\Desktop\\projetos\\estagiarios\\estagiarios\\vendor\\laravel\\framework\\src\\Illuminate\\Database\\Connection.php(753): Illuminate\\Database\\Connection->runQueryCallback('PRAGMA foreign_...', Array, Object(Closure))
#1 C:\\Users\\ana.abrantes\\Desktop\\projetos\\estagiarios\\estagiarios\\vendor\\laravel\\framework\\src\\Illuminate\\Database\\Connection.php(567): Illuminate\\Database\\Connection->run('PRAGMA foreign_...', Array, Object(Closure))
#2 C:\\Users\\ana.abrantes\\Desktop\\projetos\\estagiarios\\estagiarios\\vendor\\laravel\\framework\\src\\Illuminate\\Database\\Schema\\Builder.php(397): Illuminate\\Database\\Connection->statement('PRAGMA foreign_...')
#3 C:\\Users\\ana.abrantes\\Desktop\\projetos\\estagiarios\\estagiarios\\vendor\\laravel\\framework\\src\\Illuminate\\Database\\SQLiteConnection.php(35): Illuminate\\Database\\Schema\\Builder->enableForeignKeyConstraints()
#4 C:\\Users\\ana.abrantes\\Desktop\\projetos\\estagiarios\\estagiarios\\vendor\\laravel\\framework\\src\\Illuminate\\Database\\Connectors\\ConnectionFactory.php(272): Illuminate\\Database\\SQLiteConnection->__construct(Object(Closure), 'estagiarios/dat...', '', Array)
#5 C:\\Users\\ana.abrantes\\Desktop\\projetos\\estagiarios\\estagiarios\\vendor\\laravel\\framework\\src\\Illuminate\\Database\\Connectors\\ConnectionFactory.php(75): Illuminate\\Database\\Connectors\\ConnectionFactory->createConnection('sqlite', Object(Closure), 'estagiarios/dat...', '', Array)
#6 C:\\Users\\ana.abrantes\\Desktop\\projetos\\estagiarios\\estagiarios\\vendor\\laravel\\framework\\src\\Illuminate\\Database\\Connectors\\ConnectionFactory.php(50): Illuminate\\Database\\Connectors\\ConnectionFactory->createSingleConnection(Array)
#7 C:\\Users\\ana.abrantes\\Desktop\\projetos\\estagiarios\\estagiarios\\vendor\\laravel\\framework\\src\\Illuminate\\Database\\DatabaseManager.php(152): Illuminate\\Database\\Connectors\\ConnectionFactory->make(Array, 'sqlite')
#8 C:\\Users\\ana.abrantes\\Desktop\\projetos\\estagiarios\\estagiarios\\vendor\\laravel\\framework\\src\\Illuminate\\Database\\DatabaseManager.php(101): Illuminate\\Database\\DatabaseManager->makeConnection('sqlite')
#9 C:\\Users\\ana.abrantes\\Desktop\\projetos\\estagiarios\\estagiarios\\vendor\\laravel\\framework\\src\\Illuminate\\Database\\Eloquent\\Model.php(1820): Illuminate\\Database\\DatabaseManager->connection('sqlite')
#10 C:\\Users\\ana.abrantes\\Desktop\\projetos\\estagiarios\\estagiarios\\vendor\\laravel\\framework\\src\\Illuminate\\Database\\Eloquent\\Model.php(1786): Illuminate\\Database\\Eloquent\\Model::resolveConnection(NULL)
#11 C:\\Users\\ana.abrantes\\Desktop\\projetos\\estagiarios\\estagiarios\\vendor\\laravel\\framework\\src\\Illuminate\\Database\\Eloquent\\Model.php(1578): Illuminate\\Database\\Eloquent\\Model->getConnection()
#12 C:\\Users\\ana.abrantes\\Desktop\\projetos\\estagiarios\\estagiarios\\vendor\\laravel\\framework\\src\\Illuminate\\Database\\Eloquent\\Model.php(1497): Illuminate\\Database\\Eloquent\\Model->newBaseQueryBuilder()
#13 C:\\Users\\ana.abrantes\\Desktop\\projetos\\estagiarios\\estagiarios\\vendor\\laravel\\framework\\src\\Illuminate\\Database\\Eloquent\\Model.php(1533): Illuminate\\Database\\Eloquent\\Model->newModelQuery()
#14 C:\\Users\\ana.abrantes\\Desktop\\projetos\\estagiarios\\estagiarios\\vendor\\laravel\\framework\\src\\Illuminate\\Database\\Eloquent\\Model.php(1486): Illuminate\\Database\\Eloquent\\Model->newQueryWithoutScopes()
#15 C:\\Users\\ana.abrantes\\Desktop\\projetos\\estagiarios\\estagiarios\\vendor\\laravel\\framework\\src\\Illuminate\\Database\\Eloquent\\Model.php(1476): Illuminate\\Database\\Eloquent\\Model->newQuery()
#16 C:\\Users\\ana.abrantes\\Desktop\\projetos\\estagiarios\\estagiarios\\vendor\\laravel\\framework\\src\\Illuminate\\Database\\Eloquent\\Model.php(674): Illuminate\\Database\\Eloquent\\Model::query()
#17 C:\\Users\\ana.abrantes\\Desktop\\projetos\\estagiarios\\estagiarios\\app\\Http\\Controllers\\EstagiarioController.php(14): Illuminate\\Database\\Eloquent\\Model::all()
#18 C:\\Users\\ana.abrantes\\Desktop\\projetos\\estagiarios\\estagiarios\\vendor\\laravel\\framework\\src\\Illuminate\\Routing\\Controller.php(54): App\\Http\\Controllers\\EstagiarioController->index()
#19 C:\\Users\\ana.abrantes\\Desktop\\projetos\\estagiarios\\estagiarios\\vendor\\laravel\\framework\\src\\Illuminate\\Routing\\ControllerDispatcher.php(43): Illuminate\\Routing\\Controller->callAction('index', Array)
#20 C:\\Users\\ana.abrantes\\Desktop\\projetos\\estagiarios\\estagiarios\\vendor\\laravel\\framework\\src\\Illuminate\\Routing\\Route.php(259): Illuminate\\Routing\\ControllerDispatcher->dispatch(Object(Illuminate\\Routing\\Route), Object(App\\Http\\Controllers\\EstagiarioController), 'index')
#21 C:\\Users\\ana.abrantes\\Desktop\\projetos\\estagiarios\\estagiarios\\vendor\\laravel\\framework\\src\\Illuminate\\Routing\\Route.php(205): Illuminate\\Routing\\Route->runController()
#22 C:\\Users\\ana.abrantes\\Desktop\\projetos\\estagiarios\\estagiarios\\vendor\\laravel\\framework\\src\\Illuminate\\Routing\\Router.php(798): Illuminate\\Routing\\Route->run()
#23 C:\\Users\\ana.abrantes\\Desktop\\projetos\\estagiarios\\estagiarios\\vendor\\laravel\\framework\\src\\Illuminate\\Pipeline\\Pipeline.php(141): Illuminate\\Routing\\Router->Illuminate\\Routing\\{closure}(Object(Illuminate\\Http\\Request))
#24 C:\\Users\\ana.abrantes\\Desktop\\projetos\\estagiarios\\estagiarios\\vendor\\laravel\\framework\\src\\Illuminate\\Routing\\Middleware\\SubstituteBindings.php(50): Illuminate\\Pipeline\\Pipeline->Illuminate\\Pipeline\\{closure}(Object(Illuminate\\Http\\Request))
#25 C:\\Users\\ana.abrantes\\Desktop\\projetos\\estagiarios\\estagiarios\\vendor\\laravel\\framework\\src\\Illuminate\\Pipeline\\Pipeline.php(180): Illuminate\\Routing\\Middleware\\SubstituteBindings->handle(Object(Illuminate\\Http\\Request), Object(Closure))
#26 C:\\Users\\ana.abrantes\\Desktop\\projetos\\estagiarios\\estagiarios\\vendor\\laravel\\framework\\src\\Illuminate\\Foundation\\Http\\Middleware\\VerifyCsrfToken.php(78): Illuminate\\Pipeline\\Pipeline->Illuminate\\Pipeline\\{closure}(Object(Illuminate\\Http\\Request))
#27 C:\\Users\\ana.abrantes\\Desktop\\projetos\\estagiarios\\estagiarios\\vendor\\laravel\\framework\\src\\Illuminate\\Pipeline\\Pipeline.php(180): Illuminate\\Foundation\\Http\\Middleware\\VerifyCsrfToken->handle(Object(Illuminate\\Http\\Request), Object(Closure))
#28 C:\\Users\\ana.abrantes\\Desktop\\projetos\\estagiarios\\estagiarios\\vendor\\laravel\\framework\\src\\Illuminate\\View\\Middleware\\ShareErrorsFromSession.php(49): Illuminate\\Pipeline\\Pipeline->Illuminate\\Pipeline\\{closure}(Object(Illuminate\\Http\\Request))
#29 C:\\Users\\ana.abrantes\\Desktop\\projetos\\estagiarios\\estagiarios\\vendor\\laravel\\framework\\src\\Illuminate\\Pipeline\\Pipeline.php(180): Illuminate\\View\\Middleware\\ShareErrorsFromSession->handle(Object(Illuminate\\Http\\Request), Object(Closure))
#30 C:\\Users\\ana.abrantes\\Desktop\\projetos\\estagiarios\\estagiarios\\vendor\\laravel\\framework\\src\\Illuminate\\Session\\Middleware\\StartSession.php(121): Illuminate\\Pipeline\\Pipeline->Illuminate\\Pipeline\\{closure}(Object(Illuminate\\Http\\Request))
#31 C:\\Users\\ana.abrantes\\Desktop\\projetos\\estagiarios\\estagiarios\\vendor\\laravel\\framework\\src\\Illuminate\\Session\\Middleware\\StartSession.php(64): Illuminate\\Session\\Middleware\\StartSession->handleStatefulRequest(Object(Illuminate\\Http\\Request), Object(Illuminate\\Session\\Store), Object(Closure))
#32 C:\\Users\\ana.abrantes\\Desktop\\projetos\\estagiarios\\estagiarios\\vendor\\laravel\\framework\\src\\Illuminate\\Pipeline\\Pipeline.php(180): Illuminate\\Session\\Middleware\\StartSession->handle(Object(Illuminate\\Http\\Request), Object(Closure))
#33 C:\\Users\\ana.abrantes\\Desktop\\projetos\\estagiarios\\estagiarios\\vendor\\laravel\\framework\\src\\Illuminate\\Cookie\\Middleware\\AddQueuedCookiesToResponse.php(37): Illuminate\\Pipeline\\Pipeline->Illuminate\\Pipeline\\{closure}(Object(Illuminate\\Http\\Request))
#34 C:\\Users\\ana.abrantes\\Desktop\\projetos\\estagiarios\\estagiarios\\vendor\\laravel\\framework\\src\\Illuminate\\Pipeline\\Pipeline.php(180): Illuminate\\Cookie\\Middleware\\AddQueuedCookiesToResponse->handle(Object(Illuminate\\Http\\Request), Object(Closure))
#35 C:\\Users\\ana.abrantes\\Desktop\\projetos\\estagiarios\\estagiarios\\vendor\\laravel\\framework\\src\\Illuminate\\Cookie\\Middleware\\EncryptCookies.php(67): Illuminate\\Pipeline\\Pipeline->Illuminate\\Pipeline\\{closure}(Object(Illuminate\\Http\\Request))
#36 C:\\Users\\ana.abrantes\\Desktop\\projetos\\estagiarios\\estagiarios\\vendor\\laravel\\framework\\src\\Illuminate\\Pipeline\\Pipeline.php(180): Illuminate\\Cookie\\Middleware\\EncryptCookies->handle(Object(Illuminate\\Http\\Request), Object(Closure))
#37 C:\\Users\\ana.abrantes\\Desktop\\projetos\\estagiarios\\estagiarios\\vendor\\laravel\\framework\\src\\Illuminate\\Pipeline\\Pipeline.php(116): Illuminate\\Pipeline\\Pipeline->Illuminate\\Pipeline\\{closure}(Object(Illuminate\\Http\\Request))
#38 C:\\Users\\ana.abrantes\\Desktop\\projetos\\estagiarios\\estagiarios\\vendor\\laravel\\framework\\src\\Illuminate\\Routing\\Router.php(797): Illuminate\\Pipeline\\Pipeline->then(Object(Closure))
#39 C:\\Users\\ana.abrantes\\Desktop\\projetos\\estagiarios\\estagiarios\\vendor\\laravel\\framework\\src\\Illuminate\\Routing\\Router.php(776): Illuminate\\Routing\\Router->runRouteWithinStack(Object(Illuminate\\Routing\\Route), Object(Illuminate\\Http\\Request))
#40 C:\\Users\\ana.abrantes\\Desktop\\projetos\\estagiarios\\estagiarios\\vendor\\laravel\\framework\\src\\Illuminate\\Routing\\Router.php(740): Illuminate\\Routing\\Router->runRoute(Object(Illuminate\\Http\\Request), Object(Illuminate\\Routing\\Route))
#41 C:\\Users\\ana.abrantes\\Desktop\\projetos\\estagiarios\\estagiarios\\vendor\\laravel\\framework\\src\\Illuminate\\Routing\\Router.php(729): Illuminate\\Routing\\Router->dispatchToRoute(Object(Illuminate\\Http\\Request))
#42 C:\\Users\\ana.abrantes\\Desktop\\projetos\\estagiarios\\estagiarios\\vendor\\laravel\\framework\\src\\Illuminate\\Foundation\\Http\\Kernel.php(200): Illuminate\\Routing\\Router->dispatch(Object(Illuminate\\Http\\Request))
#43 C:\\Users\\ana.abrantes\\Desktop\\projetos\\estagiarios\\estagiarios\\vendor\\laravel\\framework\\src\\Illuminate\\Pipeline\\Pipeline.php(141): Illuminate\\Foundation\\Http\\Kernel->Illuminate\\Foundation\\Http\\{closure}(Object(Illuminate\\Http\\Request))
#44 C:\\Users\\ana.abrantes\\Desktop\\projetos\\estagiarios\\estagiarios\\vendor\\laravel\\framework\\src\\Illuminate\\Foundation\\Http\\Middleware\\TransformsRequest.php(21): Illuminate\\Pipeline\\Pipeline->Illuminate\\Pipeline\\{closure}(Object(Illuminate\\Http\\Request))
#45 C:\\Users\\ana.abrantes\\Desktop\\projetos\\estagiarios\\estagiarios\\vendor\\laravel\\framework\\src\\Illuminate\\Foundation\\Http\\Middleware\\ConvertEmptyStringsToNull.php(31): Illuminate\\Foundation\\Http\\Middleware\\TransformsRequest->handle(Object(Illuminate\\Http\\Request), Object(Closure))
#46 C:\\Users\\ana.abrantes\\Desktop\\projetos\\estagiarios\\estagiarios\\vendor\\laravel\\framework\\src\\Illuminate\\Pipeline\\Pipeline.php(180): Illuminate\\Foundation\\Http\\Middleware\\ConvertEmptyStringsToNull->handle(Object(Illuminate\\Http\\Request), Object(Closure))
#47 C:\\Users\\ana.abrantes\\Desktop\\projetos\\estagiarios\\estagiarios\\vendor\\laravel\\framework\\src\\Illuminate\\Foundation\\Http\\Middleware\\TransformsRequest.php(21): Illuminate\\Pipeline\\Pipeline->Illuminate\\Pipeline\\{closure}(Object(Illuminate\\Http\\Request))
#48 C:\\Users\\ana.abrantes\\Desktop\\projetos\\estagiarios\\estagiarios\\vendor\\laravel\\framework\\src\\Illuminate\\Foundation\\Http\\Middleware\\TrimStrings.php(40): Illuminate\\Foundation\\Http\\Middleware\\TransformsRequest->handle(Object(Illuminate\\Http\\Request), Object(Closure))
#49 C:\\Users\\ana.abrantes\\Desktop\\projetos\\estagiarios\\estagiarios\\vendor\\laravel\\framework\\src\\Illuminate\\Pipeline\\Pipeline.php(180): Illuminate\\Foundation\\Http\\Middleware\\TrimStrings->handle(Object(Illuminate\\Http\\Request), Object(Closure))
#50 C:\\Users\\ana.abrantes\\Desktop\\projetos\\estagiarios\\estagiarios\\vendor\\laravel\\framework\\src\\Illuminate\\Foundation\\Http\\Middleware\\ValidatePostSize.php(27): Illuminate\\Pipeline\\Pipeline->Illuminate\\Pipeline\\{closure}(Object(Illuminate\\Http\\Request))
#51 C:\\Users\\ana.abrantes\\Desktop\\projetos\\estagiarios\\estagiarios\\vendor\\laravel\\framework\\src\\Illuminate\\Pipeline\\Pipeline.php(180): Illuminate\\Foundation\\Http\\Middleware\\ValidatePostSize->handle(Object(Illuminate\\Http\\Request), Object(Closure))
#52 C:\\Users\\ana.abrantes\\Desktop\\projetos\\estagiarios\\estagiarios\\vendor\\laravel\\framework\\src\\Illuminate\\Foundation\\Http\\Middleware\\PreventRequestsDuringMaintenance.php(86): Illuminate\\Pipeline\\Pipeline->Illuminate\\Pipeline\\{closure}(Object(Illuminate\\Http\\Request))
#53 C:\\Users\\ana.abrantes\\Desktop\\projetos\\estagiarios\\estagiarios\\vendor\\laravel\\framework\\src\\Illuminate\\Pipeline\\Pipeline.php(180): Illuminate\\Foundation\\Http\\Middleware\\PreventRequestsDuringMaintenance->handle(Object(Illuminate\\Http\\Request), Object(Closure))
#54 C:\\Users\\ana.abrantes\\Desktop\\projetos\\estagiarios\\estagiarios\\vendor\\laravel\\framework\\src\\Illuminate\\Http\\Middleware\\HandleCors.php(49): Illuminate\\Pipeline\\Pipeline->Illuminate\\Pipeline\\{closure}(Object(Illuminate\\Http\\Request))
#55 C:\\Users\\ana.abrantes\\Desktop\\projetos\\estagiarios\\estagiarios\\vendor\\laravel\\framework\\src\\Illuminate\\Pipeline\\Pipeline.php(180): Illuminate\\Http\\Middleware\\HandleCors->handle(Object(Illuminate\\Http\\Request), Object(Closure))
#56 C:\\Users\\ana.abrantes\\Desktop\\projetos\\estagiarios\\estagiarios\\vendor\\laravel\\framework\\src\\Illuminate\\Http\\Middleware\\TrustProxies.php(39): Illuminate\\Pipeline\\Pipeline->Illuminate\\Pipeline\\{closure}(Object(Illuminate\\Http\\Request))
#57 C:\\Users\\ana.abrantes\\Desktop\\projetos\\estagiarios\\estagiarios\\vendor\\laravel\\framework\\src\\Illuminate\\Pipeline\\Pipeline.php(180): Illuminate\\Http\\Middleware\\TrustProxies->handle(Object(Illuminate\\Http\\Request), Object(Closure))
#58 C:\\Users\\ana.abrantes\\Desktop\\projetos\\estagiarios\\estagiarios\\vendor\\laravel\\framework\\src\\Illuminate\\Pipeline\\Pipeline.php(116): Illuminate\\Pipeline\\Pipeline->Illuminate\\Pipeline\\{closure}(Object(Illuminate\\Http\\Request))
#59 C:\\Users\\ana.abrantes\\Desktop\\projetos\\estagiarios\\estagiarios\\vendor\\laravel\\framework\\src\\Illuminate\\Foundation\\Http\\Kernel.php(175): Illuminate\\Pipeline\\Pipeline->then(Object(Closure))
#60 C:\\Users\\ana.abrantes\\Desktop\\projetos\\estagiarios\\estagiarios\\vendor\\laravel\\framework\\src\\Illuminate\\Foundation\\Http\\Kernel.php(144): Illuminate\\Foundation\\Http\\Kernel->sendRequestThroughRouter(Object(Illuminate\\Http\\Request))
#61 C:\\Users\\ana.abrantes\\Desktop\\projetos\\estagiarios\\estagiarios\\public\\index.php(51): Illuminate\\Foundation\\Http\\Kernel->handle(Object(Illuminate\\Http\\Request))
#62 C:\\Users\\ana.abrantes\\Desktop\\projetos\\estagiarios\\estagiarios\\vendor\\laravel\\framework\\src\\Illuminate\\Foundation\\resources\\server.php(16): require_once('C:\\\\Users\\\\ana.ab...')
#63 {main}

[previous exception] [object] (Illuminate\\Database\\SQLiteDatabaseDoesNotExistException(code: 0): Database file at path [estagiarios/database/estagiarios.sqlite] does not exist. Ensure this is an absolute path to the database. at C:\\Users\\ana.abrantes\\Desktop\\projetos\\estagiarios\\estagiarios\\vendor\\laravel\\framework\\src\\Illuminate\\Database\\Connectors\\SQLiteConnector.php:34)
[stacktrace]
#0 C:\\Users\\ana.abrantes\\Desktop\\projetos\\estagiarios\\estagiarios\\vendor\\laravel\\framework\\src\\Illuminate\\Database\\Connectors\\ConnectionFactory.php(221): Illuminate\\Database\\Connectors\\SQLiteConnector->connect(Array)
#1 [internal function]: Illuminate\\Database\\Connectors\\ConnectionFactory->Illuminate\\Database\\Connectors\\{closure}()
#2 C:\\Users\\ana.abrantes\\Desktop\\projetos\\estagiarios\\estagiarios\\vendor\\laravel\\framework\\src\\Illuminate\\Database\\Connection.php(1210): call_user_func(Object(Closure))
#3 C:\\Users\\ana.abrantes\\Desktop\\projetos\\estagiarios\\estagiarios\\vendor\\laravel\\framework\\src\\Illuminate\\Database\\Connection.php(572): Illuminate\\Database\\Connection->getPdo()
#4 C:\\Users\\ana.abrantes\\Desktop\\projetos\\estagiarios\\estagiarios\\vendor\\laravel\\framework\\src\\Illuminate\\Database\\Connection.php(786): Illuminate\\Database\\Connection->Illuminate\\Database\\{closure}('PRAGMA foreign_...', Array)
#5 C:\\Users\\ana.abrantes\\Desktop\\projetos\\estagiarios\\estagiarios\\vendor\\laravel\\framework\\src\\Illuminate\\Database\\Connection.php(753): Illuminate\\Database\\Connection->runQueryCallback('PRAGMA foreign_...', Array, Object(Closure))
#6 C:\\Users\\ana.abrantes\\Desktop\\projetos\\estagiarios\\estagiarios\\vendor\\laravel\\framework\\src\\Illuminate\\Database\\Connection.php(567): Illuminate\\Database\\Connection->run('PRAGMA foreign_...', Array, Object(Closure))
#7 C:\\Users\\ana.abrantes\\Desktop\\projetos\\estagiarios\\estagiarios\\vendor\\laravel\\framework\\src\\Illuminate\\Database\\Schema\\Builder.php(397): Illuminate\\Database\\Connection->statement('PRAGMA foreign_...')
#8 C:\\Users\\ana.abrantes\\Desktop\\projetos\\estagiarios\\estagiarios\\vendor\\laravel\\framework\\src\\Illuminate\\Database\\SQLiteConnection.php(35): Illuminate\\Database\\Schema\\Builder->enableForeignKeyConstraints()
#9 C:\\Users\\ana.abrantes\\Desktop\\projetos\\estagiarios\\estagiarios\\vendor\\laravel\\framework\\src\\Illuminate\\Database\\Connectors\\ConnectionFactory.php(272): Illuminate\\Database\\SQLiteConnection->__construct(Object(Closure), 'estagiarios/dat...', '', Array)
#10 C:\\Users\\ana.abrantes\\Desktop\\projetos\\estagiarios\\estagiarios\\vendor\\laravel\\framework\\src\\Illuminate\\Database\\Connectors\\ConnectionFactory.php(75): Illuminate\\Database\\Connectors\\ConnectionFactory->createConnection('sqlite', Object(Closure), 'estagiarios/dat...', '', Array)
#11 C:\\Users\\ana.abrantes\\Desktop\\projetos\\estagiarios\\estagiarios\\vendor\\laravel\\framework\\src\\Illuminate\\Database\\Connectors\\ConnectionFactory.php(50): Illuminate\\Database\\Connectors\\ConnectionFactory->createSingleConnection(Array)
#12 C:\\Users\\ana.abrantes\\Desktop\\projetos\\estagiarios\\estagiarios\\vendor\\laravel\\framework\\src\\Illuminate\\Database\\DatabaseManager.php(152): Illuminate\\Database\\Connectors\\ConnectionFactory->make(Array, 'sqlite')
#13 C:\\Users\\ana.abrantes\\Desktop\\projetos\\estagiarios\\estagiarios\\vendor\\laravel\\framework\\src\\Illuminate\\Database\\DatabaseManager.php(101): Illuminate\\Database\\DatabaseManager->makeConnection('sqlite')
#14 C:\\Users\\ana.abrantes\\Desktop\\projetos\\estagiarios\\estagiarios\\vendor\\laravel\\framework\\src\\Illuminate\\Database\\Eloquent\\Model.php(1820): Illuminate\\Database\\DatabaseManager->connection('sqlite')
#15 C:\\Users\\ana.abrantes\\Desktop\\projetos\\estagiarios\\estagiarios\\vendor\\laravel\\framework\\src\\Illuminate\\Database\\Eloquent\\Model.php(1786): Illuminate\\Database\\Eloquent\\Model::resolveConnection(NULL)
#16 C:\\Users\\ana.abrantes\\Desktop\\projetos\\estagiarios\\estagiarios\\vendor\\laravel\\framework\\src\\Illuminate\\Database\\Eloquent\\Model.php(1578): Illuminate\\Database\\Eloquent\\Model->getConnection()
#17 C:\\Users\\ana.abrantes\\Desktop\\projetos\\estagiarios\\estagiarios\\vendor\\laravel\\framework\\src\\Illuminate\\Database\\Eloquent\\Model.php(1497): Illuminate\\Database\\Eloquent\\Model->newBaseQueryBuilder()
#18 C:\\Users\\ana.abrantes\\Desktop\\projetos\\estagiarios\\estagiarios\\vendor\\laravel\\framework\\src\\Illuminate\\Database\\Eloquent\\Model.php(1533): Illuminate\\Database\\Eloquent\\Model->newModelQuery()
#19 C:\\Users\\ana.abrantes\\Desktop\\projetos\\estagiarios\\estagiarios\\vendor\\laravel\\framework\\src\\Illuminate\\Database\\Eloquent\\Model.php(1486): Illuminate\\Database\\Eloquent\\Model->newQueryWithoutScopes()
#20 C:\\Users\\ana.abrantes\\Desktop\\projetos\\estagiarios\\estagiarios\\vendor\\laravel\\framework\\src\\Illuminate\\Database\\Eloquent\\Model.php(1476): Illuminate\\Database\\Eloquent\\Model->newQuery()
#21 C:\\Users\\ana.abrantes\\Desktop\\projetos\\estagiarios\\estagiarios\\vendor\\laravel\\framework\\src\\Illuminate\\Database\\Eloquent\\Model.php(674): Illuminate\\Database\\Eloquent\\Model::query()
#22 C:\\Users\\ana.abrantes\\Desktop\\projetos\\estagiarios\\estagiarios\\app\\Http\\Controllers\\EstagiarioController.php(14): Illuminate\\Database\\Eloquent\\Model::all()
#23 C:\\Users\\ana.abrantes\\Desktop\\projetos\\estagiarios\\estagiarios\\vendor\\laravel\\framework\\src\\Illuminate\\Routing\\Controller.php(54): App\\Http\\Controllers\\EstagiarioController->index()
#24 C:\\Users\\ana.abrantes\\Desktop\\projetos\\estagiarios\\estagiarios\\vendor\\laravel\\framework\\src\\Illuminate\\Routing\\ControllerDispatcher.php(43): Illuminate\\Routing\\Controller->callAction('index', Array)
#25 C:\\Users\\ana.abrantes\\Desktop\\projetos\\estagiarios\\estagiarios\\vendor\\laravel\\framework\\src\\Illuminate\\Routing\\Route.php(259): Illuminate\\Routing\\ControllerDispatcher->dispatch(Object(Illuminate\\Routing\\Route), Object(App\\Http\\Controllers\\EstagiarioController), 'index')
#26 C:\\Users\\ana.abrantes\\Desktop\\projetos\\estagiarios\\estagiarios\\vendor\\laravel\\framework\\src\\Illuminate\\Routing\\Route.php(205): Illuminate\\Routing\\Route->runController()
#27 C:\\Users\\ana.abrantes\\Desktop\\projetos\\estagiarios\\estagiarios\\vendor\\laravel\\framework\\src\\Illuminate\\Routing\\Router.php(798): Illuminate\\Routing\\Route->run()
#28 C:\\Users\\ana.abrantes\\Desktop\\projetos\\estagiarios\\estagiarios\\vendor\\laravel\\framework\\src\\Illuminate\\Pipeline\\Pipeline.php(141): Illuminate\\Routing\\Router->Illuminate\\Routing\\{closure}(Object(Illuminate\\Http\\Request))
#29 C:\\Users\\ana.abrantes\\Desktop\\projetos\\estagiarios\\estagiarios\\vendor\\laravel\\framework\\src\\Illuminate\\Routing\\Middleware\\SubstituteBindings.php(50): Illuminate\\Pipeline\\Pipeline->Illuminate\\Pipeline\\{closure}(Object(Illuminate\\Http\\Request))
#30 C:\\Users\\ana.abrantes\\Desktop\\projetos\\estagiarios\\estagiarios\\vendor\\laravel\\framework\\src\\Illuminate\\Pipeline\\Pipeline.php(180): Illuminate\\Routing\\Middleware\\SubstituteBindings->handle(Object(Illuminate\\Http\\Request), Object(Closure))
#31 C:\\Users\\ana.abrantes\\Desktop\\projetos\\estagiarios\\estagiarios\\vendor\\laravel\\framework\\src\\Illuminate\\Foundation\\Http\\Middleware\\VerifyCsrfToken.php(78): Illuminate\\Pipeline\\Pipeline->Illuminate\\Pipeline\\{closure}(Object(Illuminate\\Http\\Request))
#32 C:\\Users\\ana.abrantes\\Desktop\\projetos\\estagiarios\\estagiarios\\vendor\\laravel\\framework\\src\\Illuminate\\Pipeline\\Pipeline.php(180): Illuminate\\Foundation\\Http\\Middleware\\VerifyCsrfToken->handle(Object(Illuminate\\Http\\Request), Object(Closure))
#33 C:\\Users\\ana.abrantes\\Desktop\\projetos\\estagiarios\\estagiarios\\vendor\\laravel\\framework\\src\\Illuminate\\View\\Middleware\\ShareErrorsFromSession.php(49): Illuminate\\Pipeline\\Pipeline->Illuminate\\Pipeline\\{closure}(Object(Illuminate\\Http\\Request))
#34 C:\\Users\\ana.abrantes\\Desktop\\projetos\\estagiarios\\estagiarios\\vendor\\laravel\\framework\\src\\Illuminate\\Pipeline\\Pipeline.php(180): Illuminate\\View\\Middleware\\ShareErrorsFromSession->handle(Object(Illuminate\\Http\\Request), Object(Closure))
#35 C:\\Users\\ana.abrantes\\Desktop\\projetos\\estagiarios\\estagiarios\\vendor\\laravel\\framework\\src\\Illuminate\\Session\\Middleware\\StartSession.php(121): Illuminate\\Pipeline\\Pipeline->Illuminate\\Pipeline\\{closure}(Object(Illuminate\\Http\\Request))
#36 C:\\Users\\ana.abrantes\\Desktop\\projetos\\estagiarios\\estagiarios\\vendor\\laravel\\framework\\src\\Illuminate\\Session\\Middleware\\StartSession.php(64): Illuminate\\Session\\Middleware\\StartSession->handleStatefulRequest(Object(Illuminate\\Http\\Request), Object(Illuminate\\Session\\Store), Object(Closure))
#37 C:\\Users\\ana.abrantes\\Desktop\\projetos\\estagiarios\\estagiarios\\vendor\\laravel\\framework\\src\\Illuminate\\Pipeline\\Pipeline.php(180): Illuminate\\Session\\Middleware\\StartSession->handle(Object(Illuminate\\Http\\Request), Object(Closure))
#38 C:\\Users\\ana.abrantes\\Desktop\\projetos\\estagiarios\\estagiarios\\vendor\\laravel\\framework\\src\\Illuminate\\Cookie\\Middleware\\AddQueuedCookiesToResponse.php(37): Illuminate\\Pipeline\\Pipeline->Illuminate\\Pipeline\\{closure}(Object(Illuminate\\Http\\Request))
#39 C:\\Users\\ana.abrantes\\Desktop\\projetos\\estagiarios\\estagiarios\\vendor\\laravel\\framework\\src\\Illuminate\\Pipeline\\Pipeline.php(180): Illuminate\\Cookie\\Middleware\\AddQueuedCookiesToResponse->handle(Object(Illuminate\\Http\\Request), Object(Closure))
#40 C:\\Users\\ana.abrantes\\Desktop\\projetos\\estagiarios\\estagiarios\\vendor\\laravel\\framework\\src\\Illuminate\\Cookie\\Middleware\\EncryptCookies.php(67): Illuminate\\Pipeline\\Pipeline->Illuminate\\Pipeline\\{closure}(Object(Illuminate\\Http\\Request))
#41 C:\\Users\\ana.abrantes\\Desktop\\projetos\\estagiarios\\estagiarios\\vendor\\laravel\\framework\\src\\Illuminate\\Pipeline\\Pipeline.php(180): Illuminate\\Cookie\\Middleware\\EncryptCookies->handle(Object(Illuminate\\Http\\Request), Object(Closure))
#42 C:\\Users\\ana.abrantes\\Desktop\\projetos\\estagiarios\\estagiarios\\vendor\\laravel\\framework\\src\\Illuminate\\Pipeline\\Pipeline.php(116): Illuminate\\Pipeline\\Pipeline->Illuminate\\Pipeline\\{closure}(Object(Illuminate\\Http\\Request))
#43 C:\\Users\\ana.abrantes\\Desktop\\projetos\\estagiarios\\estagiarios\\vendor\\laravel\\framework\\src\\Illuminate\\Routing\\Router.php(797): Illuminate\\Pipeline\\Pipeline->then(Object(Closure))
#44 C:\\Users\\ana.abrantes\\Desktop\\projetos\\estagiarios\\estagiarios\\vendor\\laravel\\framework\\src\\Illuminate\\Routing\\Router.php(776): Illuminate\\Routing\\Router->runRouteWithinStack(Object(Illuminate\\Routing\\Route), Object(Illuminate\\Http\\Request))
#45 C:\\Users\\ana.abrantes\\Desktop\\projetos\\estagiarios\\estagiarios\\vendor\\laravel\\framework\\src\\Illuminate\\Routing\\Router.php(740): Illuminate\\Routing\\Router->runRoute(Object(Illuminate\\Http\\Request), Object(Illuminate\\Routing\\Route))
#46 C:\\Users\\ana.abrantes\\Desktop\\projetos\\estagiarios\\estagiarios\\vendor\\laravel\\framework\\src\\Illuminate\\Routing\\Router.php(729): Illuminate\\Routing\\Router->dispatchToRoute(Object(Illuminate\\Http\\Request))
#47 C:\\Users\\ana.abrantes\\Desktop\\projetos\\estagiarios\\estagiarios\\vendor\\laravel\\framework\\src\\Illuminate\\Foundation\\Http\\Kernel.php(200): Illuminate\\Routing\\Router->dispatch(Object(Illuminate\\Http\\Request))
#48 C:\\Users\\ana.abrantes\\Desktop\\projetos\\estagiarios\\estagiarios\\vendor\\laravel\\framework\\src\\Illuminate\\Pipeline\\Pipeline.php(141): Illuminate\\Foundation\\Http\\Kernel->Illuminate\\Foundation\\Http\\{closure}(Object(Illuminate\\Http\\Request))
#49 C:\\Users\\ana.abrantes\\Desktop\\projetos\\estagiarios\\estagiarios\\vendor\\laravel\\framework\\src\\Illuminate\\Foundation\\Http\\Middleware\\TransformsRequest.php(21): Illuminate\\Pipeline\\Pipeline->Illuminate\\Pipeline\\{closure}(Object(Illuminate\\Http\\Request))
#50 C:\\Users\\ana.abrantes\\Desktop\\projetos\\estagiarios\\estagiarios\\vendor\\laravel\\framework\\src\\Illuminate\\Foundation\\Http\\Middleware\\ConvertEmptyStringsToNull.php(31): Illuminate\\Foundation\\Http\\Middleware\\TransformsRequest->handle(Object(Illuminate\\Http\\Request), Object(Closure))
#51 C:\\Users\\ana.abrantes\\Desktop\\projetos\\estagiarios\\estagiarios\\vendor\\laravel\\framework\\src\\Illuminate\\Pipeline\\Pipeline.php(180): Illuminate\\Foundation\\Http\\Middleware\\ConvertEmptyStringsToNull->handle(Object(Illuminate\\Http\\Request), Object(Closure))
#52 C:\\Users\\ana.abrantes\\Desktop\\projetos\\estagiarios\\estagiarios\\vendor\\laravel\\framework\\src\\Illuminate\\Foundation\\Http\\Middleware\\TransformsRequest.php(21): Illuminate\\Pipeline\\Pipeline->Illuminate\\Pipeline\\{closure}(Object(Illuminate\\Http\\Request))
#53 C:\\Users\\ana.abrantes\\Desktop\\projetos\\estagiarios\\estagiarios\\vendor\\laravel\\framework\\src\\Illuminate\\Foundation\\Http\\Middleware\\TrimStrings.php(40): Illuminate\\Foundation\\Http\\Middleware\\TransformsRequest->handle(Object(Illuminate\\Http\\Request), Object(Closure))
#54 C:\\Users\\ana.abrantes\\Desktop\\projetos\\estagiarios\\estagiarios\\vendor\\laravel\\framework\\src\\Illuminate\\Pipeline\\Pipeline.php(180): Illuminate\\Foundation\\Http\\Middleware\\TrimStrings->handle(Object(Illuminate\\Http\\Request), Object(Closure))
#55 C:\\Users\\ana.abrantes\\Desktop\\projetos\\estagiarios\\estagiarios\\vendor\\laravel\\framework\\src\\Illuminate\\Foundation\\Http\\Middleware\\ValidatePostSize.php(27): Illuminate\\Pipeline\\Pipeline->Illuminate\\Pipeline\\{closure}(Object(Illuminate\\Http\\Request))
#56 C:\\Users\\ana.abrantes\\Desktop\\projetos\\estagiarios\\estagiarios\\vendor\\laravel\\framework\\src\\Illuminate\\Pipeline\\Pipeline.php(180): Illuminate\\Foundation\\Http\\Middleware\\ValidatePostSize->handle(Object(Illuminate\\Http\\Request), Object(Closure))
#57 C:\\Users\\ana.abrantes\\Desktop\\projetos\\estagiarios\\estagiarios\\vendor\\laravel\\framework\\src\\Illuminate\\Foundation\\Http\\Middleware\\PreventRequestsDuringMaintenance.php(86): Illuminate\\Pipeline\\Pipeline->Illuminate\\Pipeline\\{closure}(Object(Illuminate\\Http\\Request))
#58 C:\\Users\\ana.abrantes\\Desktop\\projetos\\estagiarios\\estagiarios\\vendor\\laravel\\framework\\src\\Illuminate\\Pipeline\\Pipeline.php(180): Illuminate\\Foundation\\Http\\Middleware\\PreventRequestsDuringMaintenance->handle(Object(Illuminate\\Http\\Request), Object(Closure))
#59 C:\\Users\\ana.abrantes\\Desktop\\projetos\\estagiarios\\estagiarios\\vendor\\laravel\\framework\\src\\Illuminate\\Http\\Middleware\\HandleCors.php(49): Illuminate\\Pipeline\\Pipeline->Illuminate\\Pipeline\\{closure}(Object(Illuminate\\Http\\Request))
#60 C:\\Users\\ana.abrantes\\Desktop\\projetos\\estagiarios\\estagiarios\\vendor\\laravel\\framework\\src\\Illuminate\\Pipeline\\Pipeline.php(180): Illuminate\\Http\\Middleware\\HandleCors->handle(Object(Illuminate\\Http\\Request), Object(Closure))
#61 C:\\Users\\ana.abrantes\\Desktop\\projetos\\estagiarios\\estagiarios\\vendor\\laravel\\framework\\src\\Illuminate\\Http\\Middleware\\TrustProxies.php(39): Illuminate\\Pipeline\\Pipeline->Illuminate\\Pipeline\\{closure}(Object(Illuminate\\Http\\Request))
#62 C:\\Users\\ana.abrantes\\Desktop\\projetos\\estagiarios\\estagiarios\\vendor\\laravel\\framework\\src\\Illuminate\\Pipeline\\Pipeline.php(180): Illuminate\\Http\\Middleware\\TrustProxies->handle(Object(Illuminate\\Http\\Request), Object(Closure))
#63 C:\\Users\\ana.abrantes\\Desktop\\projetos\\estagiarios\\estagiarios\\vendor\\laravel\\framework\\src\\Illuminate\\Pipeline\\Pipeline.php(116): Illuminate\\Pipeline\\Pipeline->Illuminate\\Pipeline\\{closure}(Object(Illuminate\\Http\\Request))
#64 C:\\Users\\ana.abrantes\\Desktop\\projetos\\estagiarios\\estagiarios\\vendor\\laravel\\framework\\src\\Illuminate\\Foundation\\Http\\Kernel.php(175): Illuminate\\Pipeline\\Pipeline->then(Object(Closure))
#65 C:\\Users\\ana.abrantes\\Desktop\\projetos\\estagiarios\\estagiarios\\vendor\\laravel\\framework\\src\\Illuminate\\Foundation\\Http\\Kernel.php(144): Illuminate\\Foundation\\Http\\Kernel->sendRequestThroughRouter(Object(Illuminate\\Http\\Request))
#66 C:\\Users\\ana.abrantes\\Desktop\\projetos\\estagiarios\\estagiarios\\public\\index.php(51): Illuminate\\Foundation\\Http\\Kernel->handle(Object(Illuminate\\Http\\Request))
#67 C:\\Users\\ana.abrantes\\Desktop\\projetos\\estagiarios\\estagiarios\\vendor\\laravel\\framework\\src\\Illuminate\\Foundation\\resources\\server.php(16): require_once('C:\\\\Users\\\\ana.ab...')
#68 {main}
"} 
[2023-06-19 13:02:00] local.ERROR: Database file at path [estagiarios/database/estagiarios.sqlite] does not exist. Ensure this is an absolute path to the database. (Connection: sqlite, SQL: PRAGMA foreign_keys = ON;) {"exception":"[object] (Illuminate\\Database\\QueryException(code: 0): Database file at path [estagiarios/database/estagiarios.sqlite] does not exist. Ensure this is an absolute path to the database. (Connection: sqlite, SQL: PRAGMA foreign_keys = ON;) at C:\\Users\\ana.abrantes\\Desktop\\projetos\\estagiarios\\estagiarios\\vendor\\laravel\\framework\\src\\Illuminate\\Database\\Connection.php:793)
[stacktrace]
#0 C:\\Users\\ana.abrantes\\Desktop\\projetos\\estagiarios\\estagiarios\\vendor\\laravel\\framework\\src\\Illuminate\\Database\\Connection.php(753): Illuminate\\Database\\Connection->runQueryCallback('PRAGMA foreign_...', Array, Object(Closure))
#1 C:\\Users\\ana.abrantes\\Desktop\\projetos\\estagiarios\\estagiarios\\vendor\\laravel\\framework\\src\\Illuminate\\Database\\Connection.php(567): Illuminate\\Database\\Connection->run('PRAGMA foreign_...', Array, Object(Closure))
#2 C:\\Users\\ana.abrantes\\Desktop\\projetos\\estagiarios\\estagiarios\\vendor\\laravel\\framework\\src\\Illuminate\\Database\\Schema\\Builder.php(397): Illuminate\\Database\\Connection->statement('PRAGMA foreign_...')
#3 C:\\Users\\ana.abrantes\\Desktop\\projetos\\estagiarios\\estagiarios\\vendor\\laravel\\framework\\src\\Illuminate\\Database\\SQLiteConnection.php(35): Illuminate\\Database\\Schema\\Builder->enableForeignKeyConstraints()
#4 C:\\Users\\ana.abrantes\\Desktop\\projetos\\estagiarios\\estagiarios\\vendor\\laravel\\framework\\src\\Illuminate\\Database\\Connectors\\ConnectionFactory.php(272): Illuminate\\Database\\SQLiteConnection->__construct(Object(Closure), 'estagiarios/dat...', '', Array)
#5 C:\\Users\\ana.abrantes\\Desktop\\projetos\\estagiarios\\estagiarios\\vendor\\laravel\\framework\\src\\Illuminate\\Database\\Connectors\\ConnectionFactory.php(75): Illuminate\\Database\\Connectors\\ConnectionFactory->createConnection('sqlite', Object(Closure), 'estagiarios/dat...', '', Array)
#6 C:\\Users\\ana.abrantes\\Desktop\\projetos\\estagiarios\\estagiarios\\vendor\\laravel\\framework\\src\\Illuminate\\Database\\Connectors\\ConnectionFactory.php(50): Illuminate\\Database\\Connectors\\ConnectionFactory->createSingleConnection(Array)
#7 C:\\Users\\ana.abrantes\\Desktop\\projetos\\estagiarios\\estagiarios\\vendor\\laravel\\framework\\src\\Illuminate\\Database\\DatabaseManager.php(152): Illuminate\\Database\\Connectors\\ConnectionFactory->make(Array, 'sqlite')
#8 C:\\Users\\ana.abrantes\\Desktop\\projetos\\estagiarios\\estagiarios\\vendor\\laravel\\framework\\src\\Illuminate\\Database\\DatabaseManager.php(101): Illuminate\\Database\\DatabaseManager->makeConnection('sqlite')
#9 C:\\Users\\ana.abrantes\\Desktop\\projetos\\estagiarios\\estagiarios\\vendor\\laravel\\framework\\src\\Illuminate\\Database\\Eloquent\\Model.php(1820): Illuminate\\Database\\DatabaseManager->connection('sqlite')
#10 C:\\Users\\ana.abrantes\\Desktop\\projetos\\estagiarios\\estagiarios\\vendor\\laravel\\framework\\src\\Illuminate\\Database\\Eloquent\\Model.php(1786): Illuminate\\Database\\Eloquent\\Model::resolveConnection(NULL)
#11 C:\\Users\\ana.abrantes\\Desktop\\projetos\\estagiarios\\estagiarios\\vendor\\laravel\\framework\\src\\Illuminate\\Database\\Eloquent\\Model.php(1578): Illuminate\\Database\\Eloquent\\Model->getConnection()
#12 C:\\Users\\ana.abrantes\\Desktop\\projetos\\estagiarios\\estagiarios\\vendor\\laravel\\framework\\src\\Illuminate\\Database\\Eloquent\\Model.php(1497): Illuminate\\Database\\Eloquent\\Model->newBaseQueryBuilder()
#13 C:\\Users\\ana.abrantes\\Desktop\\projetos\\estagiarios\\estagiarios\\vendor\\laravel\\framework\\src\\Illuminate\\Database\\Eloquent\\Model.php(1533): Illuminate\\Database\\Eloquent\\Model->newModelQuery()
#14 C:\\Users\\ana.abrantes\\Desktop\\projetos\\estagiarios\\estagiarios\\vendor\\laravel\\framework\\src\\Illuminate\\Database\\Eloquent\\Model.php(1486): Illuminate\\Database\\Eloquent\\Model->newQueryWithoutScopes()
#15 C:\\Users\\ana.abrantes\\Desktop\\projetos\\estagiarios\\estagiarios\\vendor\\laravel\\framework\\src\\Illuminate\\Database\\Eloquent\\Model.php(1476): Illuminate\\Database\\Eloquent\\Model->newQuery()
#16 C:\\Users\\ana.abrantes\\Desktop\\projetos\\estagiarios\\estagiarios\\vendor\\laravel\\framework\\src\\Illuminate\\Database\\Eloquent\\Model.php(674): Illuminate\\Database\\Eloquent\\Model::query()
#17 C:\\Users\\ana.abrantes\\Desktop\\projetos\\estagiarios\\estagiarios\\app\\Http\\Controllers\\EstagiarioController.php(14): Illuminate\\Database\\Eloquent\\Model::all()
#18 C:\\Users\\ana.abrantes\\Desktop\\projetos\\estagiarios\\estagiarios\\vendor\\laravel\\framework\\src\\Illuminate\\Routing\\Controller.php(54): App\\Http\\Controllers\\EstagiarioController->index()
#19 C:\\Users\\ana.abrantes\\Desktop\\projetos\\estagiarios\\estagiarios\\vendor\\laravel\\framework\\src\\Illuminate\\Routing\\ControllerDispatcher.php(43): Illuminate\\Routing\\Controller->callAction('index', Array)
#20 C:\\Users\\ana.abrantes\\Desktop\\projetos\\estagiarios\\estagiarios\\vendor\\laravel\\framework\\src\\Illuminate\\Routing\\Route.php(259): Illuminate\\Routing\\ControllerDispatcher->dispatch(Object(Illuminate\\Routing\\Route), Object(App\\Http\\Controllers\\EstagiarioController), 'index')
#21 C:\\Users\\ana.abrantes\\Desktop\\projetos\\estagiarios\\estagiarios\\vendor\\laravel\\framework\\src\\Illuminate\\Routing\\Route.php(205): Illuminate\\Routing\\Route->runController()
#22 C:\\Users\\ana.abrantes\\Desktop\\projetos\\estagiarios\\estagiarios\\vendor\\laravel\\framework\\src\\Illuminate\\Routing\\Router.php(798): Illuminate\\Routing\\Route->run()
#23 C:\\Users\\ana.abrantes\\Desktop\\projetos\\estagiarios\\estagiarios\\vendor\\laravel\\framework\\src\\Illuminate\\Pipeline\\Pipeline.php(141): Illuminate\\Routing\\Router->Illuminate\\Routing\\{closure}(Object(Illuminate\\Http\\Request))
#24 C:\\Users\\ana.abrantes\\Desktop\\projetos\\estagiarios\\estagiarios\\vendor\\laravel\\framework\\src\\Illuminate\\Routing\\Middleware\\SubstituteBindings.php(50): Illuminate\\Pipeline\\Pipeline->Illuminate\\Pipeline\\{closure}(Object(Illuminate\\Http\\Request))
#25 C:\\Users\\ana.abrantes\\Desktop\\projetos\\estagiarios\\estagiarios\\vendor\\laravel\\framework\\src\\Illuminate\\Pipeline\\Pipeline.php(180): Illuminate\\Routing\\Middleware\\SubstituteBindings->handle(Object(Illuminate\\Http\\Request), Object(Closure))
#26 C:\\Users\\ana.abrantes\\Desktop\\projetos\\estagiarios\\estagiarios\\vendor\\laravel\\framework\\src\\Illuminate\\Foundation\\Http\\Middleware\\VerifyCsrfToken.php(78): Illuminate\\Pipeline\\Pipeline->Illuminate\\Pipeline\\{closure}(Object(Illuminate\\Http\\Request))
#27 C:\\Users\\ana.abrantes\\Desktop\\projetos\\estagiarios\\estagiarios\\vendor\\laravel\\framework\\src\\Illuminate\\Pipeline\\Pipeline.php(180): Illuminate\\Foundation\\Http\\Middleware\\VerifyCsrfToken->handle(Object(Illuminate\\Http\\Request), Object(Closure))
#28 C:\\Users\\ana.abrantes\\Desktop\\projetos\\estagiarios\\estagiarios\\vendor\\laravel\\framework\\src\\Illuminate\\View\\Middleware\\ShareErrorsFromSession.php(49): Illuminate\\Pipeline\\Pipeline->Illuminate\\Pipeline\\{closure}(Object(Illuminate\\Http\\Request))
#29 C:\\Users\\ana.abrantes\\Desktop\\projetos\\estagiarios\\estagiarios\\vendor\\laravel\\framework\\src\\Illuminate\\Pipeline\\Pipeline.php(180): Illuminate\\View\\Middleware\\ShareErrorsFromSession->handle(Object(Illuminate\\Http\\Request), Object(Closure))
#30 C:\\Users\\ana.abrantes\\Desktop\\projetos\\estagiarios\\estagiarios\\vendor\\laravel\\framework\\src\\Illuminate\\Session\\Middleware\\StartSession.php(121): Illuminate\\Pipeline\\Pipeline->Illuminate\\Pipeline\\{closure}(Object(Illuminate\\Http\\Request))
#31 C:\\Users\\ana.abrantes\\Desktop\\projetos\\estagiarios\\estagiarios\\vendor\\laravel\\framework\\src\\Illuminate\\Session\\Middleware\\StartSession.php(64): Illuminate\\Session\\Middleware\\StartSession->handleStatefulRequest(Object(Illuminate\\Http\\Request), Object(Illuminate\\Session\\Store), Object(Closure))
#32 C:\\Users\\ana.abrantes\\Desktop\\projetos\\estagiarios\\estagiarios\\vendor\\laravel\\framework\\src\\Illuminate\\Pipeline\\Pipeline.php(180): Illuminate\\Session\\Middleware\\StartSession->handle(Object(Illuminate\\Http\\Request), Object(Closure))
#33 C:\\Users\\ana.abrantes\\Desktop\\projetos\\estagiarios\\estagiarios\\vendor\\laravel\\framework\\src\\Illuminate\\Cookie\\Middleware\\AddQueuedCookiesToResponse.php(37): Illuminate\\Pipeline\\Pipeline->Illuminate\\Pipeline\\{closure}(Object(Illuminate\\Http\\Request))
#34 C:\\Users\\ana.abrantes\\Desktop\\projetos\\estagiarios\\estagiarios\\vendor\\laravel\\framework\\src\\Illuminate\\Pipeline\\Pipeline.php(180): Illuminate\\Cookie\\Middleware\\AddQueuedCookiesToResponse->handle(Object(Illuminate\\Http\\Request), Object(Closure))
#35 C:\\Users\\ana.abrantes\\Desktop\\projetos\\estagiarios\\estagiarios\\vendor\\laravel\\framework\\src\\Illuminate\\Cookie\\Middleware\\EncryptCookies.php(67): Illuminate\\Pipeline\\Pipeline->Illuminate\\Pipeline\\{closure}(Object(Illuminate\\Http\\Request))
#36 C:\\Users\\ana.abrantes\\Desktop\\projetos\\estagiarios\\estagiarios\\vendor\\laravel\\framework\\src\\Illuminate\\Pipeline\\Pipeline.php(180): Illuminate\\Cookie\\Middleware\\EncryptCookies->handle(Object(Illuminate\\Http\\Request), Object(Closure))
#37 C:\\Users\\ana.abrantes\\Desktop\\projetos\\estagiarios\\estagiarios\\vendor\\laravel\\framework\\src\\Illuminate\\Pipeline\\Pipeline.php(116): Illuminate\\Pipeline\\Pipeline->Illuminate\\Pipeline\\{closure}(Object(Illuminate\\Http\\Request))
#38 C:\\Users\\ana.abrantes\\Desktop\\projetos\\estagiarios\\estagiarios\\vendor\\laravel\\framework\\src\\Illuminate\\Routing\\Router.php(797): Illuminate\\Pipeline\\Pipeline->then(Object(Closure))
#39 C:\\Users\\ana.abrantes\\Desktop\\projetos\\estagiarios\\estagiarios\\vendor\\laravel\\framework\\src\\Illuminate\\Routing\\Router.php(776): Illuminate\\Routing\\Router->runRouteWithinStack(Object(Illuminate\\Routing\\Route), Object(Illuminate\\Http\\Request))
#40 C:\\Users\\ana.abrantes\\Desktop\\projetos\\estagiarios\\estagiarios\\vendor\\laravel\\framework\\src\\Illuminate\\Routing\\Router.php(740): Illuminate\\Routing\\Router->runRoute(Object(Illuminate\\Http\\Request), Object(Illuminate\\Routing\\Route))
#41 C:\\Users\\ana.abrantes\\Desktop\\projetos\\estagiarios\\estagiarios\\vendor\\laravel\\framework\\src\\Illuminate\\Routing\\Router.php(729): Illuminate\\Routing\\Router->dispatchToRoute(Object(Illuminate\\Http\\Request))
#42 C:\\Users\\ana.abrantes\\Desktop\\projetos\\estagiarios\\estagiarios\\vendor\\laravel\\framework\\src\\Illuminate\\Foundation\\Http\\Kernel.php(200): Illuminate\\Routing\\Router->dispatch(Object(Illuminate\\Http\\Request))
#43 C:\\Users\\ana.abrantes\\Desktop\\projetos\\estagiarios\\estagiarios\\vendor\\laravel\\framework\\src\\Illuminate\\Pipeline\\Pipeline.php(141): Illuminate\\Foundation\\Http\\Kernel->Illuminate\\Foundation\\Http\\{closure}(Object(Illuminate\\Http\\Request))
#44 C:\\Users\\ana.abrantes\\Desktop\\projetos\\estagiarios\\estagiarios\\vendor\\laravel\\framework\\src\\Illuminate\\Foundation\\Http\\Middleware\\TransformsRequest.php(21): Illuminate\\Pipeline\\Pipeline->Illuminate\\Pipeline\\{closure}(Object(Illuminate\\Http\\Request))
#45 C:\\Users\\ana.abrantes\\Desktop\\projetos\\estagiarios\\estagiarios\\vendor\\laravel\\framework\\src\\Illuminate\\Foundation\\Http\\Middleware\\ConvertEmptyStringsToNull.php(31): Illuminate\\Foundation\\Http\\Middleware\\TransformsRequest->handle(Object(Illuminate\\Http\\Request), Object(Closure))
#46 C:\\Users\\ana.abrantes\\Desktop\\projetos\\estagiarios\\estagiarios\\vendor\\laravel\\framework\\src\\Illuminate\\Pipeline\\Pipeline.php(180): Illuminate\\Foundation\\Http\\Middleware\\ConvertEmptyStringsToNull->handle(Object(Illuminate\\Http\\Request), Object(Closure))
#47 C:\\Users\\ana.abrantes\\Desktop\\projetos\\estagiarios\\estagiarios\\vendor\\laravel\\framework\\src\\Illuminate\\Foundation\\Http\\Middleware\\TransformsRequest.php(21): Illuminate\\Pipeline\\Pipeline->Illuminate\\Pipeline\\{closure}(Object(Illuminate\\Http\\Request))
#48 C:\\Users\\ana.abrantes\\Desktop\\projetos\\estagiarios\\estagiarios\\vendor\\laravel\\framework\\src\\Illuminate\\Foundation\\Http\\Middleware\\TrimStrings.php(40): Illuminate\\Foundation\\Http\\Middleware\\TransformsRequest->handle(Object(Illuminate\\Http\\Request), Object(Closure))
#49 C:\\Users\\ana.abrantes\\Desktop\\projetos\\estagiarios\\estagiarios\\vendor\\laravel\\framework\\src\\Illuminate\\Pipeline\\Pipeline.php(180): Illuminate\\Foundation\\Http\\Middleware\\TrimStrings->handle(Object(Illuminate\\Http\\Request), Object(Closure))
#50 C:\\Users\\ana.abrantes\\Desktop\\projetos\\estagiarios\\estagiarios\\vendor\\laravel\\framework\\src\\Illuminate\\Foundation\\Http\\Middleware\\ValidatePostSize.php(27): Illuminate\\Pipeline\\Pipeline->Illuminate\\Pipeline\\{closure}(Object(Illuminate\\Http\\Request))
#51 C:\\Users\\ana.abrantes\\Desktop\\projetos\\estagiarios\\estagiarios\\vendor\\laravel\\framework\\src\\Illuminate\\Pipeline\\Pipeline.php(180): Illuminate\\Foundation\\Http\\Middleware\\ValidatePostSize->handle(Object(Illuminate\\Http\\Request), Object(Closure))
#52 C:\\Users\\ana.abrantes\\Desktop\\projetos\\estagiarios\\estagiarios\\vendor\\laravel\\framework\\src\\Illuminate\\Foundation\\Http\\Middleware\\PreventRequestsDuringMaintenance.php(86): Illuminate\\Pipeline\\Pipeline->Illuminate\\Pipeline\\{closure}(Object(Illuminate\\Http\\Request))
#53 C:\\Users\\ana.abrantes\\Desktop\\projetos\\estagiarios\\estagiarios\\vendor\\laravel\\framework\\src\\Illuminate\\Pipeline\\Pipeline.php(180): Illuminate\\Foundation\\Http\\Middleware\\PreventRequestsDuringMaintenance->handle(Object(Illuminate\\Http\\Request), Object(Closure))
#54 C:\\Users\\ana.abrantes\\Desktop\\projetos\\estagiarios\\estagiarios\\vendor\\laravel\\framework\\src\\Illuminate\\Http\\Middleware\\HandleCors.php(49): Illuminate\\Pipeline\\Pipeline->Illuminate\\Pipeline\\{closure}(Object(Illuminate\\Http\\Request))
#55 C:\\Users\\ana.abrantes\\Desktop\\projetos\\estagiarios\\estagiarios\\vendor\\laravel\\framework\\src\\Illuminate\\Pipeline\\Pipeline.php(180): Illuminate\\Http\\Middleware\\HandleCors->handle(Object(Illuminate\\Http\\Request), Object(Closure))
#56 C:\\Users\\ana.abrantes\\Desktop\\projetos\\estagiarios\\estagiarios\\vendor\\laravel\\framework\\src\\Illuminate\\Http\\Middleware\\TrustProxies.php(39): Illuminate\\Pipeline\\Pipeline->Illuminate\\Pipeline\\{closure}(Object(Illuminate\\Http\\Request))
#57 C:\\Users\\ana.abrantes\\Desktop\\projetos\\estagiarios\\estagiarios\\vendor\\laravel\\framework\\src\\Illuminate\\Pipeline\\Pipeline.php(180): Illuminate\\Http\\Middleware\\TrustProxies->handle(Object(Illuminate\\Http\\Request), Object(Closure))
#58 C:\\Users\\ana.abrantes\\Desktop\\projetos\\estagiarios\\estagiarios\\vendor\\laravel\\framework\\src\\Illuminate\\Pipeline\\Pipeline.php(116): Illuminate\\Pipeline\\Pipeline->Illuminate\\Pipeline\\{closure}(Object(Illuminate\\Http\\Request))
#59 C:\\Users\\ana.abrantes\\Desktop\\projetos\\estagiarios\\estagiarios\\vendor\\laravel\\framework\\src\\Illuminate\\Foundation\\Http\\Kernel.php(175): Illuminate\\Pipeline\\Pipeline->then(Object(Closure))
#60 C:\\Users\\ana.abrantes\\Desktop\\projetos\\estagiarios\\estagiarios\\vendor\\laravel\\framework\\src\\Illuminate\\Foundation\\Http\\Kernel.php(144): Illuminate\\Foundation\\Http\\Kernel->sendRequestThroughRouter(Object(Illuminate\\Http\\Request))
#61 C:\\Users\\ana.abrantes\\Desktop\\projetos\\estagiarios\\estagiarios\\public\\index.php(51): Illuminate\\Foundation\\Http\\Kernel->handle(Object(Illuminate\\Http\\Request))
#62 C:\\Users\\ana.abrantes\\Desktop\\projetos\\estagiarios\\estagiarios\\vendor\\laravel\\framework\\src\\Illuminate\\Foundation\\resources\\server.php(16): require_once('C:\\\\Users\\\\ana.ab...')
#63 {main}

[previous exception] [object] (Illuminate\\Database\\SQLiteDatabaseDoesNotExistException(code: 0): Database file at path [estagiarios/database/estagiarios.sqlite] does not exist. Ensure this is an absolute path to the database. at C:\\Users\\ana.abrantes\\Desktop\\projetos\\estagiarios\\estagiarios\\vendor\\laravel\\framework\\src\\Illuminate\\Database\\Connectors\\SQLiteConnector.php:34)
[stacktrace]
#0 C:\\Users\\ana.abrantes\\Desktop\\projetos\\estagiarios\\estagiarios\\vendor\\laravel\\framework\\src\\Illuminate\\Database\\Connectors\\ConnectionFactory.php(221): Illuminate\\Database\\Connectors\\SQLiteConnector->connect(Array)
#1 [internal function]: Illuminate\\Database\\Connectors\\ConnectionFactory->Illuminate\\Database\\Connectors\\{closure}()
#2 C:\\Users\\ana.abrantes\\Desktop\\projetos\\estagiarios\\estagiarios\\vendor\\laravel\\framework\\src\\Illuminate\\Database\\Connection.php(1210): call_user_func(Object(Closure))
#3 C:\\Users\\ana.abrantes\\Desktop\\projetos\\estagiarios\\estagiarios\\vendor\\laravel\\framework\\src\\Illuminate\\Database\\Connection.php(572): Illuminate\\Database\\Connection->getPdo()
#4 C:\\Users\\ana.abrantes\\Desktop\\projetos\\estagiarios\\estagiarios\\vendor\\laravel\\framework\\src\\Illuminate\\Database\\Connection.php(786): Illuminate\\Database\\Connection->Illuminate\\Database\\{closure}('PRAGMA foreign_...', Array)
#5 C:\\Users\\ana.abrantes\\Desktop\\projetos\\estagiarios\\estagiarios\\vendor\\laravel\\framework\\src\\Illuminate\\Database\\Connection.php(753): Illuminate\\Database\\Connection->runQueryCallback('PRAGMA foreign_...', Array, Object(Closure))
#6 C:\\Users\\ana.abrantes\\Desktop\\projetos\\estagiarios\\estagiarios\\vendor\\laravel\\framework\\src\\Illuminate\\Database\\Connection.php(567): Illuminate\\Database\\Connection->run('PRAGMA foreign_...', Array, Object(Closure))
#7 C:\\Users\\ana.abrantes\\Desktop\\projetos\\estagiarios\\estagiarios\\vendor\\laravel\\framework\\src\\Illuminate\\Database\\Schema\\Builder.php(397): Illuminate\\Database\\Connection->statement('PRAGMA foreign_...')
#8 C:\\Users\\ana.abrantes\\Desktop\\projetos\\estagiarios\\estagiarios\\vendor\\laravel\\framework\\src\\Illuminate\\Database\\SQLiteConnection.php(35): Illuminate\\Database\\Schema\\Builder->enableForeignKeyConstraints()
#9 C:\\Users\\ana.abrantes\\Desktop\\projetos\\estagiarios\\estagiarios\\vendor\\laravel\\framework\\src\\Illuminate\\Database\\Connectors\\ConnectionFactory.php(272): Illuminate\\Database\\SQLiteConnection->__construct(Object(Closure), 'estagiarios/dat...', '', Array)
#10 C:\\Users\\ana.abrantes\\Desktop\\projetos\\estagiarios\\estagiarios\\vendor\\laravel\\framework\\src\\Illuminate\\Database\\Connectors\\ConnectionFactory.php(75): Illuminate\\Database\\Connectors\\ConnectionFactory->createConnection('sqlite', Object(Closure), 'estagiarios/dat...', '', Array)
#11 C:\\Users\\ana.abrantes\\Desktop\\projetos\\estagiarios\\estagiarios\\vendor\\laravel\\framework\\src\\Illuminate\\Database\\Connectors\\ConnectionFactory.php(50): Illuminate\\Database\\Connectors\\ConnectionFactory->createSingleConnection(Array)
#12 C:\\Users\\ana.abrantes\\Desktop\\projetos\\estagiarios\\estagiarios\\vendor\\laravel\\framework\\src\\Illuminate\\Database\\DatabaseManager.php(152): Illuminate\\Database\\Connectors\\ConnectionFactory->make(Array, 'sqlite')
#13 C:\\Users\\ana.abrantes\\Desktop\\projetos\\estagiarios\\estagiarios\\vendor\\laravel\\framework\\src\\Illuminate\\Database\\DatabaseManager.php(101): Illuminate\\Database\\DatabaseManager->makeConnection('sqlite')
#14 C:\\Users\\ana.abrantes\\Desktop\\projetos\\estagiarios\\estagiarios\\vendor\\laravel\\framework\\src\\Illuminate\\Database\\Eloquent\\Model.php(1820): Illuminate\\Database\\DatabaseManager->connection('sqlite')
#15 C:\\Users\\ana.abrantes\\Desktop\\projetos\\estagiarios\\estagiarios\\vendor\\laravel\\framework\\src\\Illuminate\\Database\\Eloquent\\Model.php(1786): Illuminate\\Database\\Eloquent\\Model::resolveConnection(NULL)
#16 C:\\Users\\ana.abrantes\\Desktop\\projetos\\estagiarios\\estagiarios\\vendor\\laravel\\framework\\src\\Illuminate\\Database\\Eloquent\\Model.php(1578): Illuminate\\Database\\Eloquent\\Model->getConnection()
#17 C:\\Users\\ana.abrantes\\Desktop\\projetos\\estagiarios\\estagiarios\\vendor\\laravel\\framework\\src\\Illuminate\\Database\\Eloquent\\Model.php(1497): Illuminate\\Database\\Eloquent\\Model->newBaseQueryBuilder()
#18 C:\\Users\\ana.abrantes\\Desktop\\projetos\\estagiarios\\estagiarios\\vendor\\laravel\\framework\\src\\Illuminate\\Database\\Eloquent\\Model.php(1533): Illuminate\\Database\\Eloquent\\Model->newModelQuery()
#19 C:\\Users\\ana.abrantes\\Desktop\\projetos\\estagiarios\\estagiarios\\vendor\\laravel\\framework\\src\\Illuminate\\Database\\Eloquent\\Model.php(1486): Illuminate\\Database\\Eloquent\\Model->newQueryWithoutScopes()
#20 C:\\Users\\ana.abrantes\\Desktop\\projetos\\estagiarios\\estagiarios\\vendor\\laravel\\framework\\src\\Illuminate\\Database\\Eloquent\\Model.php(1476): Illuminate\\Database\\Eloquent\\Model->newQuery()
#21 C:\\Users\\ana.abrantes\\Desktop\\projetos\\estagiarios\\estagiarios\\vendor\\laravel\\framework\\src\\Illuminate\\Database\\Eloquent\\Model.php(674): Illuminate\\Database\\Eloquent\\Model::query()
#22 C:\\Users\\ana.abrantes\\Desktop\\projetos\\estagiarios\\estagiarios\\app\\Http\\Controllers\\EstagiarioController.php(14): Illuminate\\Database\\Eloquent\\Model::all()
#23 C:\\Users\\ana.abrantes\\Desktop\\projetos\\estagiarios\\estagiarios\\vendor\\laravel\\framework\\src\\Illuminate\\Routing\\Controller.php(54): App\\Http\\Controllers\\EstagiarioController->index()
#24 C:\\Users\\ana.abrantes\\Desktop\\projetos\\estagiarios\\estagiarios\\vendor\\laravel\\framework\\src\\Illuminate\\Routing\\ControllerDispatcher.php(43): Illuminate\\Routing\\Controller->callAction('index', Array)
#25 C:\\Users\\ana.abrantes\\Desktop\\projetos\\estagiarios\\estagiarios\\vendor\\laravel\\framework\\src\\Illuminate\\Routing\\Route.php(259): Illuminate\\Routing\\ControllerDispatcher->dispatch(Object(Illuminate\\Routing\\Route), Object(App\\Http\\Controllers\\EstagiarioController), 'index')
#26 C:\\Users\\ana.abrantes\\Desktop\\projetos\\estagiarios\\estagiarios\\vendor\\laravel\\framework\\src\\Illuminate\\Routing\\Route.php(205): Illuminate\\Routing\\Route->runController()
#27 C:\\Users\\ana.abrantes\\Desktop\\projetos\\estagiarios\\estagiarios\\vendor\\laravel\\framework\\src\\Illuminate\\Routing\\Router.php(798): Illuminate\\Routing\\Route->run()
#28 C:\\Users\\ana.abrantes\\Desktop\\projetos\\estagiarios\\estagiarios\\vendor\\laravel\\framework\\src\\Illuminate\\Pipeline\\Pipeline.php(141): Illuminate\\Routing\\Router->Illuminate\\Routing\\{closure}(Object(Illuminate\\Http\\Request))
#29 C:\\Users\\ana.abrantes\\Desktop\\projetos\\estagiarios\\estagiarios\\vendor\\laravel\\framework\\src\\Illuminate\\Routing\\Middleware\\SubstituteBindings.php(50): Illuminate\\Pipeline\\Pipeline->Illuminate\\Pipeline\\{closure}(Object(Illuminate\\Http\\Request))
#30 C:\\Users\\ana.abrantes\\Desktop\\projetos\\estagiarios\\estagiarios\\vendor\\laravel\\framework\\src\\Illuminate\\Pipeline\\Pipeline.php(180): Illuminate\\Routing\\Middleware\\SubstituteBindings->handle(Object(Illuminate\\Http\\Request), Object(Closure))
#31 C:\\Users\\ana.abrantes\\Desktop\\projetos\\estagiarios\\estagiarios\\vendor\\laravel\\framework\\src\\Illuminate\\Foundation\\Http\\Middleware\\VerifyCsrfToken.php(78): Illuminate\\Pipeline\\Pipeline->Illuminate\\Pipeline\\{closure}(Object(Illuminate\\Http\\Request))
#32 C:\\Users\\ana.abrantes\\Desktop\\projetos\\estagiarios\\estagiarios\\vendor\\laravel\\framework\\src\\Illuminate\\Pipeline\\Pipeline.php(180): Illuminate\\Foundation\\Http\\Middleware\\VerifyCsrfToken->handle(Object(Illuminate\\Http\\Request), Object(Closure))
#33 C:\\Users\\ana.abrantes\\Desktop\\projetos\\estagiarios\\estagiarios\\vendor\\laravel\\framework\\src\\Illuminate\\View\\Middleware\\ShareErrorsFromSession.php(49): Illuminate\\Pipeline\\Pipeline->Illuminate\\Pipeline\\{closure}(Object(Illuminate\\Http\\Request))
#34 C:\\Users\\ana.abrantes\\Desktop\\projetos\\estagiarios\\estagiarios\\vendor\\laravel\\framework\\src\\Illuminate\\Pipeline\\Pipeline.php(180): Illuminate\\View\\Middleware\\ShareErrorsFromSession->handle(Object(Illuminate\\Http\\Request), Object(Closure))
#35 C:\\Users\\ana.abrantes\\Desktop\\projetos\\estagiarios\\estagiarios\\vendor\\laravel\\framework\\src\\Illuminate\\Session\\Middleware\\StartSession.php(121): Illuminate\\Pipeline\\Pipeline->Illuminate\\Pipeline\\{closure}(Object(Illuminate\\Http\\Request))
#36 C:\\Users\\ana.abrantes\\Desktop\\projetos\\estagiarios\\estagiarios\\vendor\\laravel\\framework\\src\\Illuminate\\Session\\Middleware\\StartSession.php(64): Illuminate\\Session\\Middleware\\StartSession->handleStatefulRequest(Object(Illuminate\\Http\\Request), Object(Illuminate\\Session\\Store), Object(Closure))
#37 C:\\Users\\ana.abrantes\\Desktop\\projetos\\estagiarios\\estagiarios\\vendor\\laravel\\framework\\src\\Illuminate\\Pipeline\\Pipeline.php(180): Illuminate\\Session\\Middleware\\StartSession->handle(Object(Illuminate\\Http\\Request), Object(Closure))
#38 C:\\Users\\ana.abrantes\\Desktop\\projetos\\estagiarios\\estagiarios\\vendor\\laravel\\framework\\src\\Illuminate\\Cookie\\Middleware\\AddQueuedCookiesToResponse.php(37): Illuminate\\Pipeline\\Pipeline->Illuminate\\Pipeline\\{closure}(Object(Illuminate\\Http\\Request))
#39 C:\\Users\\ana.abrantes\\Desktop\\projetos\\estagiarios\\estagiarios\\vendor\\laravel\\framework\\src\\Illuminate\\Pipeline\\Pipeline.php(180): Illuminate\\Cookie\\Middleware\\AddQueuedCookiesToResponse->handle(Object(Illuminate\\Http\\Request), Object(Closure))
#40 C:\\Users\\ana.abrantes\\Desktop\\projetos\\estagiarios\\estagiarios\\vendor\\laravel\\framework\\src\\Illuminate\\Cookie\\Middleware\\EncryptCookies.php(67): Illuminate\\Pipeline\\Pipeline->Illuminate\\Pipeline\\{closure}(Object(Illuminate\\Http\\Request))
#41 C:\\Users\\ana.abrantes\\Desktop\\projetos\\estagiarios\\estagiarios\\vendor\\laravel\\framework\\src\\Illuminate\\Pipeline\\Pipeline.php(180): Illuminate\\Cookie\\Middleware\\EncryptCookies->handle(Object(Illuminate\\Http\\Request), Object(Closure))
#42 C:\\Users\\ana.abrantes\\Desktop\\projetos\\estagiarios\\estagiarios\\vendor\\laravel\\framework\\src\\Illuminate\\Pipeline\\Pipeline.php(116): Illuminate\\Pipeline\\Pipeline->Illuminate\\Pipeline\\{closure}(Object(Illuminate\\Http\\Request))
#43 C:\\Users\\ana.abrantes\\Desktop\\projetos\\estagiarios\\estagiarios\\vendor\\laravel\\framework\\src\\Illuminate\\Routing\\Router.php(797): Illuminate\\Pipeline\\Pipeline->then(Object(Closure))
#44 C:\\Users\\ana.abrantes\\Desktop\\projetos\\estagiarios\\estagiarios\\vendor\\laravel\\framework\\src\\Illuminate\\Routing\\Router.php(776): Illuminate\\Routing\\Router->runRouteWithinStack(Object(Illuminate\\Routing\\Route), Object(Illuminate\\Http\\Request))
#45 C:\\Users\\ana.abrantes\\Desktop\\projetos\\estagiarios\\estagiarios\\vendor\\laravel\\framework\\src\\Illuminate\\Routing\\Router.php(740): Illuminate\\Routing\\Router->runRoute(Object(Illuminate\\Http\\Request), Object(Illuminate\\Routing\\Route))
#46 C:\\Users\\ana.abrantes\\Desktop\\projetos\\estagiarios\\estagiarios\\vendor\\laravel\\framework\\src\\Illuminate\\Routing\\Router.php(729): Illuminate\\Routing\\Router->dispatchToRoute(Object(Illuminate\\Http\\Request))
#47 C:\\Users\\ana.abrantes\\Desktop\\projetos\\estagiarios\\estagiarios\\vendor\\laravel\\framework\\src\\Illuminate\\Foundation\\Http\\Kernel.php(200): Illuminate\\Routing\\Router->dispatch(Object(Illuminate\\Http\\Request))
#48 C:\\Users\\ana.abrantes\\Desktop\\projetos\\estagiarios\\estagiarios\\vendor\\laravel\\framework\\src\\Illuminate\\Pipeline\\Pipeline.php(141): Illuminate\\Foundation\\Http\\Kernel->Illuminate\\Foundation\\Http\\{closure}(Object(Illuminate\\Http\\Request))
#49 C:\\Users\\ana.abrantes\\Desktop\\projetos\\estagiarios\\estagiarios\\vendor\\laravel\\framework\\src\\Illuminate\\Foundation\\Http\\Middleware\\TransformsRequest.php(21): Illuminate\\Pipeline\\Pipeline->Illuminate\\Pipeline\\{closure}(Object(Illuminate\\Http\\Request))
#50 C:\\Users\\ana.abrantes\\Desktop\\projetos\\estagiarios\\estagiarios\\vendor\\laravel\\framework\\src\\Illuminate\\Foundation\\Http\\Middleware\\ConvertEmptyStringsToNull.php(31): Illuminate\\Foundation\\Http\\Middleware\\TransformsRequest->handle(Object(Illuminate\\Http\\Request), Object(Closure))
#51 C:\\Users\\ana.abrantes\\Desktop\\projetos\\estagiarios\\estagiarios\\vendor\\laravel\\framework\\src\\Illuminate\\Pipeline\\Pipeline.php(180): Illuminate\\Foundation\\Http\\Middleware\\ConvertEmptyStringsToNull->handle(Object(Illuminate\\Http\\Request), Object(Closure))
#52 C:\\Users\\ana.abrantes\\Desktop\\projetos\\estagiarios\\estagiarios\\vendor\\laravel\\framework\\src\\Illuminate\\Foundation\\Http\\Middleware\\TransformsRequest.php(21): Illuminate\\Pipeline\\Pipeline->Illuminate\\Pipeline\\{closure}(Object(Illuminate\\Http\\Request))
#53 C:\\Users\\ana.abrantes\\Desktop\\projetos\\estagiarios\\estagiarios\\vendor\\laravel\\framework\\src\\Illuminate\\Foundation\\Http\\Middleware\\TrimStrings.php(40): Illuminate\\Foundation\\Http\\Middleware\\TransformsRequest->handle(Object(Illuminate\\Http\\Request), Object(Closure))
#54 C:\\Users\\ana.abrantes\\Desktop\\projetos\\estagiarios\\estagiarios\\vendor\\laravel\\framework\\src\\Illuminate\\Pipeline\\Pipeline.php(180): Illuminate\\Foundation\\Http\\Middleware\\TrimStrings->handle(Object(Illuminate\\Http\\Request), Object(Closure))
#55 C:\\Users\\ana.abrantes\\Desktop\\projetos\\estagiarios\\estagiarios\\vendor\\laravel\\framework\\src\\Illuminate\\Foundation\\Http\\Middleware\\ValidatePostSize.php(27): Illuminate\\Pipeline\\Pipeline->Illuminate\\Pipeline\\{closure}(Object(Illuminate\\Http\\Request))
#56 C:\\Users\\ana.abrantes\\Desktop\\projetos\\estagiarios\\estagiarios\\vendor\\laravel\\framework\\src\\Illuminate\\Pipeline\\Pipeline.php(180): Illuminate\\Foundation\\Http\\Middleware\\ValidatePostSize->handle(Object(Illuminate\\Http\\Request), Object(Closure))
#57 C:\\Users\\ana.abrantes\\Desktop\\projetos\\estagiarios\\estagiarios\\vendor\\laravel\\framework\\src\\Illuminate\\Foundation\\Http\\Middleware\\PreventRequestsDuringMaintenance.php(86): Illuminate\\Pipeline\\Pipeline->Illuminate\\Pipeline\\{closure}(Object(Illuminate\\Http\\Request))
#58 C:\\Users\\ana.abrantes\\Desktop\\projetos\\estagiarios\\estagiarios\\vendor\\laravel\\framework\\src\\Illuminate\\Pipeline\\Pipeline.php(180): Illuminate\\Foundation\\Http\\Middleware\\PreventRequestsDuringMaintenance->handle(Object(Illuminate\\Http\\Request), Object(Closure))
#59 C:\\Users\\ana.abrantes\\Desktop\\projetos\\estagiarios\\estagiarios\\vendor\\laravel\\framework\\src\\Illuminate\\Http\\Middleware\\HandleCors.php(49): Illuminate\\Pipeline\\Pipeline->Illuminate\\Pipeline\\{closure}(Object(Illuminate\\Http\\Request))
#60 C:\\Users\\ana.abrantes\\Desktop\\projetos\\estagiarios\\estagiarios\\vendor\\laravel\\framework\\src\\Illuminate\\Pipeline\\Pipeline.php(180): Illuminate\\Http\\Middleware\\HandleCors->handle(Object(Illuminate\\Http\\Request), Object(Closure))
#61 C:\\Users\\ana.abrantes\\Desktop\\projetos\\estagiarios\\estagiarios\\vendor\\laravel\\framework\\src\\Illuminate\\Http\\Middleware\\TrustProxies.php(39): Illuminate\\Pipeline\\Pipeline->Illuminate\\Pipeline\\{closure}(Object(Illuminate\\Http\\Request))
#62 C:\\Users\\ana.abrantes\\Desktop\\projetos\\estagiarios\\estagiarios\\vendor\\laravel\\framework\\src\\Illuminate\\Pipeline\\Pipeline.php(180): Illuminate\\Http\\Middleware\\TrustProxies->handle(Object(Illuminate\\Http\\Request), Object(Closure))
#63 C:\\Users\\ana.abrantes\\Desktop\\projetos\\estagiarios\\estagiarios\\vendor\\laravel\\framework\\src\\Illuminate\\Pipeline\\Pipeline.php(116): Illuminate\\Pipeline\\Pipeline->Illuminate\\Pipeline\\{closure}(Object(Illuminate\\Http\\Request))
#64 C:\\Users\\ana.abrantes\\Desktop\\projetos\\estagiarios\\estagiarios\\vendor\\laravel\\framework\\src\\Illuminate\\Foundation\\Http\\Kernel.php(175): Illuminate\\Pipeline\\Pipeline->then(Object(Closure))
#65 C:\\Users\\ana.abrantes\\Desktop\\projetos\\estagiarios\\estagiarios\\vendor\\laravel\\framework\\src\\Illuminate\\Foundation\\Http\\Kernel.php(144): Illuminate\\Foundation\\Http\\Kernel->sendRequestThroughRouter(Object(Illuminate\\Http\\Request))
#66 C:\\Users\\ana.abrantes\\Desktop\\projetos\\estagiarios\\estagiarios\\public\\index.php(51): Illuminate\\Foundation\\Http\\Kernel->handle(Object(Illuminate\\Http\\Request))
#67 C:\\Users\\ana.abrantes\\Desktop\\projetos\\estagiarios\\estagiarios\\vendor\\laravel\\framework\\src\\Illuminate\\Foundation\\resources\\server.php(16): require_once('C:\\\\Users\\\\ana.ab...')
#68 {main}
"} 
[2023-06-19 15:15:48] local.ERROR: htmlspecialchars(): Argument #1 ($string) must be of type string, array given {"view":{"view":"C:\\Users\\ana.abrantes\\Desktop\\projetos\\estagiarios\\estagiarios\\resources\\views\\components\\layout.blade.php","data":{"errors":"<pre class=sf-dump id=sf-dump-491275278 data-indent-pad=\"  \"><span class=sf-dump-note>Illuminate\\Support\\ViewErrorBag</span> {<a class=sf-dump-ref>#280</a><samp data-depth=1 class=sf-dump-expanded>
  #<span class=sf-dump-protected title=\"Protected property\">bags</span>: []
</samp>}
</pre><script>Sfdump(\"sf-dump-491275278\", {\"maxDepth\":3,\"maxStringLength\":160})</script>
","attributes":"<pre class=sf-dump id=sf-dump-1874033003 data-indent-pad=\"  \"><span class=sf-dump-note>Illuminate\\View\\ComponentAttributeBag</span> {<a class=sf-dump-ref>#1243</a><samp data-depth=1 class=sf-dump-expanded>
  #<span class=sf-dump-protected title=\"Protected property\">attributes</span>: []
</samp>}
</pre><script>Sfdump(\"sf-dump-1874033003\", {\"maxDepth\":3,\"maxStringLength\":160})</script>
","slot":"<pre class=sf-dump id=sf-dump-223396145 data-indent-pad=\"  \"><span class=sf-dump-note>Illuminate\\Support\\HtmlString</span> {<a class=sf-dump-ref>#1253</a><samp data-depth=1 class=sf-dump-expanded>
  #<span class=sf-dump-protected title=\"Protected property\">html</span>: \"\"\"
    <span class=sf-dump-str title=\"6486 characters\">&lt;div&gt;<span class=\"sf-dump-default sf-dump-ns\">\\n</span></span>
    <span class=sf-dump-str title=\"6486 characters\"><span class=\"sf-dump-default sf-dump-ns\">\\n</span></span>
    <span class=sf-dump-str title=\"6486 characters\">        &lt;div class=&quot;form p-2 &quot;&gt;<span class=\"sf-dump-default sf-dump-ns\">\\n</span></span>
    <span class=sf-dump-str title=\"6486 characters\">            &lt;div class=&quot;flex&quot;&gt;<span class=\"sf-dump-default sf-dump-ns\">\\n</span></span>
    <span class=sf-dump-str title=\"6486 characters\">                &lt;h2 class=&quot;font-bold text-lg p-2&quot;&gt;Lista de estagi&#225;rios&lt;/h2&gt;<span class=\"sf-dump-default sf-dump-ns\">\\n</span></span>
    <span class=sf-dump-str title=\"6486 characters\">                &lt;a class=&quot;bg-[#002D4B] text-white font-bold rounded p-2 mx-2 my-3 ml-auto&quot;<span class=\"sf-dump-default sf-dump-ns\">\\n</span></span>
    <span class=sf-dump-str title=\"6486 characters\">                    href=&quot;http://127.0.0.1:8000/create&quot;&gt;Cadastrar novo&lt;/a&gt;<span class=\"sf-dump-default sf-dump-ns\">\\n</span></span>
    <span class=sf-dump-str title=\"6486 characters\">            &lt;/div&gt;<span class=\"sf-dump-default sf-dump-ns\">\\n</span></span>
    <span class=sf-dump-str title=\"6486 characters\"><span class=\"sf-dump-default sf-dump-ns\">\\n</span></span>
    <span class=sf-dump-str title=\"6486 characters\">            &lt;div class=&quot;overflow-x-auto&quot;&gt;<span class=\"sf-dump-default sf-dump-ns\">\\n</span></span>
    <span class=sf-dump-str title=\"6486 characters\">                &lt;table class=&quot;table table-zebra w-full&quot;&gt;<span class=\"sf-dump-default sf-dump-ns\">\\n</span></span>
    <span class=sf-dump-str title=\"6486 characters\">                    &lt;!-- head --&gt;<span class=\"sf-dump-default sf-dump-ns\">\\n</span></span>
    <span class=sf-dump-str title=\"6486 characters\">                    &lt;thead&gt;<span class=\"sf-dump-default sf-dump-ns\">\\n</span></span>
    <span class=sf-dump-str title=\"6486 characters\">                        &lt;tr&gt;<span class=\"sf-dump-default sf-dump-ns\">\\n</span></span>
    <span class=sf-dump-str title=\"6486 characters\"><span class=\"sf-dump-default sf-dump-ns\">\\n</span></span>
    <span class=sf-dump-str title=\"6486 characters\">                            &lt;th&gt;Nome&lt;/th&gt;<span class=\"sf-dump-default sf-dump-ns\">\\n</span></span>
    <span class=sf-dump-str title=\"6486 characters\">                            &lt;th&gt;Faculdade&lt;/th&gt;<span class=\"sf-dump-default sf-dump-ns\">\\n</span></span>
    <span class=sf-dump-str title=\"6486 characters\">                            &lt;th&gt;Curso&lt;/th&gt;<span class=\"sf-dump-default sf-dump-ns\">\\n</span></span>
    <span class=sf-dump-str title=\"6486 characters\">                            &lt;th&gt;In&#237;cio contrato&lt;/th&gt;<span class=\"sf-dump-default sf-dump-ns\">\\n</span></span>
    <span class=sf-dump-str title=\"6486 characters\">                            &lt;th&gt;Fim contrato&lt;/th&gt;<span class=\"sf-dump-default sf-dump-ns\">\\n</span></span>
    <span class=sf-dump-str title=\"6486 characters\">                            &lt;th&gt;Anivers&#225;rio&lt;/th&gt;<span class=\"sf-dump-default sf-dump-ns\">\\n</span></span>
    <span class=sf-dump-str title=\"6486 characters\">                            &lt;th&gt;A&#231;&#245;es&lt;/th&gt;<span class=\"sf-dump-default sf-dump-ns\">\\n</span></span>
    <span class=sf-dump-str title=\"6486 characters\">                        &lt;/tr&gt;<span class=\"sf-dump-default sf-dump-ns\">\\n</span></span>
    <span class=sf-dump-str title=\"6486 characters\">                    &lt;/thead&gt;<span class=\"sf-dump-default sf-dump-ns\">\\n</span></span>
    <span class=sf-dump-str title=\"6486 characters\">                    &lt;tbody&gt;<span class=\"sf-dump-default sf-dump-ns\">\\n</span></span>
    <span class=sf-dump-str title=\"6486 characters\">                                                    &lt;tr&gt;<span class=\"sf-dump-default sf-dump-ns\">\\n</span></span>
    <span class=sf-dump-str title=\"6486 characters\">                                &lt;th&gt;<span class=\"sf-dump-default sf-dump-ns\">\\n</span></span>
    <span class=sf-dump-str title=\"6486 characters\"><span class=\"sf-dump-default sf-dump-ns\">\\n</span></span>
    <span class=sf-dump-str title=\"6486 characters\">                                    &lt;!-- The button to open modal --&gt;<span class=\"sf-dump-default sf-dump-ns\">\\n</span></span>
    <span class=sf-dump-str title=\"6486 characters\">                                    &lt;label for=&quot;modal-detalhe-estagiario-1&quot; class=&quot;btn&quot;&gt;<span class=\"sf-dump-default sf-dump-ns\">\\n</span></span>
    <span class=sf-dump-str title=\"6486 characters\">                                        &lt;svg xmlns=&quot;http://www.w3.org/2000/svg&quot; fill=&quot;none&quot; viewBox=&quot;0 0 24 24&quot;<span class=\"sf-dump-default sf-dump-ns\">\\n</span></span>
    <span class=sf-dump-str title=\"6486 characters\">                                            stroke-width=&quot;1.5&quot; stroke=&quot;currentColor&quot; class=&quot;w-6 h-6 mr-2 inline&quot;&gt;<span class=\"sf-dump-default sf-dump-ns\">\\n</span></span>
    <span class=sf-dump-str title=\"6486 characters\">                                            &lt;path stroke-linecap=&quot;round&quot; stroke-linejoin=&quot;round&quot;<span class=\"sf-dump-default sf-dump-ns\">\\n</span></span>
    <span class=sf-dump-str title=\"6486 characters\">                                                d=&quot;M15 9h3.75M15 12h3.75M15 15h3.75M4.5 19.5h15a2.25 2.25 0 002.25-2.25V6.75A2.25 2.25 0 0019.5 4.5h-15a2.25 2.25 0 00-2.25 2.25v10.5A2.25 2.25 0 004.5 19.5zm6-10.125a1.875 1.875 0 11-3.75 0 1.875 1.875 0 013.75 0zm1.294 6.336a6.721 6.721 0 01-3.17.789 6.721 6.721 0 01-3.168-.789 3.376 3.376 0 016.338 0z&quot; /&gt;<span class=\"sf-dump-default sf-dump-ns\">\\n</span></span>
    <span class=sf-dump-str title=\"6486 characters\">                                        &lt;/svg&gt;<span class=\"sf-dump-default sf-dump-ns\">\\n</span></span>
    <span class=sf-dump-str title=\"6486 characters\"><span class=\"sf-dump-default sf-dump-ns\">\\n</span></span>
    <span class=sf-dump-str title=\"6486 characters\">                                        Ana Luiza B de Abrantes<span class=\"sf-dump-default sf-dump-ns\">\\n</span></span>
    <span class=sf-dump-str title=\"6486 characters\">                                    &lt;/label&gt;<span class=\"sf-dump-default sf-dump-ns\">\\n</span></span>
    <span class=sf-dump-str title=\"6486 characters\"><span class=\"sf-dump-default sf-dump-ns\">\\n</span></span>
    <span class=sf-dump-str title=\"6486 characters\">                                &lt;/th&gt;<span class=\"sf-dump-default sf-dump-ns\">\\n</span></span>
    <span class=sf-dump-str title=\"6486 characters\">                                &lt;td&gt;UnB&lt;/td&gt;<span class=\"sf-dump-default sf-dump-ns\">\\n</span></span>
    <span class=sf-dump-str title=\"6486 characters\">                                &lt;td&gt;Engenharia&lt;/td&gt;<span class=\"sf-dump-default sf-dump-ns\">\\n</span></span>
    <span class=sf-dump-str title=\"6486 characters\">                                &lt;td&gt;2022-11-11&lt;/td&gt;<span class=\"sf-dump-default sf-dump-ns\">\\n</span></span>
    <span class=sf-dump-str title=\"6486 characters\">                                &lt;td&gt;2023-10-10&lt;/td&gt;<span class=\"sf-dump-default sf-dump-ns\">\\n</span></span>
    <span class=sf-dump-str title=\"6486 characters\">                                &lt;td&gt;2002-05-31&lt;/td&gt;<span class=\"sf-dump-default sf-dump-ns\">\\n</span></span>
    <span class=sf-dump-str title=\"6486 characters\">                                &lt;td&gt;<span class=\"sf-dump-default sf-dump-ns\">\\n</span></span>
    <span class=sf-dump-str title=\"6486 characters\">                                    &lt;a href=&quot;http://127.0.0.1:8000/edit/1&quot;&gt;&lt;svg<span class=\"sf-dump-default sf-dump-ns\">\\n</span></span>
    <span class=sf-dump-str title=\"6486 characters\">                                            xmlns=&quot;http://www.w3.org/2000/svg&quot; fill=&quot;none&quot; viewBox=&quot;0 0 24 24&quot;<span class=\"sf-dump-default sf-dump-ns\">\\n</span></span>
    <span class=sf-dump-str title=\"6486 characters\">                                            stroke-width=&quot;1.5&quot; stroke=&quot;currentColor&quot; class=&quot;w-6 h-6 inline&quot;&gt;<span class=\"sf-dump-default sf-dump-ns\">\\n</span></span>
    <span class=sf-dump-str title=\"6486 characters\">                                            &lt;path stroke-linecap=&quot;round&quot; stroke-linejoin=&quot;round&quot;<span class=\"sf-dump-default sf-dump-ns\">\\n</span></span>
    <span class=sf-dump-str title=\"6486 characters\">                                                d=&quot;M16.862 4.487l1.687-1.688a1.875 1.875 0 112.652 2.652L10.582 16.07a4.5 4.5 0 01-1.897 1.13L6 18l.8-2.685a4.5 4.5 0 011.13-1.897l8.932-8.931zm0 0L19.5 7.125M18 14v4.75A2.25 2.25 0 0115.75 21H5.25A2.25 2.25 0 013 18.75V8.25A2.25 2.25 0 015.25 6H10&quot; /&gt;<span class=\"sf-dump-default sf-dump-ns\">\\n</span></span>
    <span class=sf-dump-str title=\"6486 characters\">                                    &lt;/svg&gt;&lt;/a&gt;<span class=\"sf-dump-default sf-dump-ns\">\\n</span></span>
    <span class=sf-dump-str title=\"6486 characters\">                                           &lt;!-- The button to open modal --&gt;<span class=\"sf-dump-default sf-dump-ns\">\\n</span></span>
    <span class=sf-dump-str title=\"6486 characters\">                                    &lt;label for=&quot;my-modal&quot; class=&quot;btn btn-xs btn-circle btn-outline rounded-full&quot;&gt;x&lt;/label&gt;<span class=\"sf-dump-default sf-dump-ns\">\\n</span></span>
    <span class=sf-dump-str title=\"6486 characters\"><span class=\"sf-dump-default sf-dump-ns\">\\n</span></span>
    <span class=sf-dump-str title=\"6486 characters\">                                    &lt;!-- Put this part before &lt;/body&gt; tag --&gt;<span class=\"sf-dump-default sf-dump-ns\">\\n</span></span>
    <span class=sf-dump-str title=\"6486 characters\">                                    &lt;input type=&quot;checkbox&quot; id=&quot;my-modal&quot; class=&quot;modal-toggle&quot; /&gt;<span class=\"sf-dump-default sf-dump-ns\">\\n</span></span>
    <span class=sf-dump-str title=\"6486 characters\"><span class=\"sf-dump-default sf-dump-ns\">\\n</span></span>
    <span class=sf-dump-str title=\"6486 characters\">                                        &lt;div class=&quot;modal&quot;&gt;<span class=\"sf-dump-default sf-dump-ns\">\\n</span></span>
    <span class=sf-dump-str title=\"6486 characters\">                                        &lt;div class=&quot;modal-box&quot;&gt;<span class=\"sf-dump-default sf-dump-ns\">\\n</span></span>
    <span class=sf-dump-str title=\"6486 characters\">                                            &lt;h3 class=&quot;font-bold text-lg&quot;&gt;Excluir&lt;/h3&gt;<span class=\"sf-dump-default sf-dump-ns\">\\n</span></span>
    <span class=sf-dump-str title=\"6486 characters\">                                            &lt;p class=&quot;py-4&quot;&gt;Tem certeza que deseja excluir esse usu&#225;rio?&lt;/p&gt;<span class=\"sf-dump-default sf-dump-ns\">\\n</span></span>
    <span class=sf-dump-str title=\"6486 characters\">                                            &lt;div class=&quot;modal-action&quot;&gt;<span class=\"sf-dump-default sf-dump-ns\">\\n</span></span>
    <span class=sf-dump-str title=\"6486 characters\">                                                &lt;form  action=&quot;http://127.0.0.1:8000/delete/1&quot; method=&quot;POST&quot;&gt;<span class=\"sf-dump-default sf-dump-ns\">\\n</span></span>
    <span class=sf-dump-str title=\"6486 characters\">                                                    &lt;input type=&quot;hidden&quot; name=&quot;_method&quot; value=&quot;DELETE&quot;&gt;<span class=\"sf-dump-default sf-dump-ns\">\\n</span></span>
    <span class=sf-dump-str title=\"6486 characters\">                                                    &lt;input type=&quot;hidden&quot; name=&quot;_token&quot; value=&quot;0G4hG8HL9WJTf4LDpVdOPvOrGPMcDcJY9blYcbe6&quot;&gt;<span class=\"sf-dump-default sf-dump-ns\">\\n</span></span>
    <span class=sf-dump-str title=\"6486 characters\">                                                    &lt;button class=&quot;btn btn-outline btn-success&quot; type=&quot;submit&quot;&gt;Sim&lt;/button&gt;<span class=\"sf-dump-default sf-dump-ns\">\\n</span></span>
    <span class=sf-dump-str title=\"6486 characters\">                                                &lt;/form&gt;<span class=\"sf-dump-default sf-dump-ns\">\\n</span></span>
    <span class=sf-dump-str title=\"6486 characters\">                                                &lt;a role=&quot;button&quot;  href=&quot;http://127.0.0.1:8000&quot; class=&quot;btn btn-ghost&quot;&gt;N&#227;o&lt;/a&gt;<span class=\"sf-dump-default sf-dump-ns\">\\n</span></span>
    <span class=sf-dump-str title=\"6486 characters\">                                            &lt;/div&gt;<span class=\"sf-dump-default sf-dump-ns\">\\n</span></span>
    <span class=sf-dump-str title=\"6486 characters\">                                        &lt;/div&gt;<span class=\"sf-dump-default sf-dump-ns\">\\n</span></span>
    <span class=sf-dump-str title=\"6486 characters\">                                        &lt;/div&gt;<span class=\"sf-dump-default sf-dump-ns\">\\n</span></span>
    <span class=sf-dump-str title=\"6486 characters\"><span class=\"sf-dump-default sf-dump-ns\">\\n</span></span>
    <span class=sf-dump-str title=\"6486 characters\"><span class=\"sf-dump-default sf-dump-ns\">\\n</span></span>
    <span class=sf-dump-str title=\"6486 characters\"><span class=\"sf-dump-default sf-dump-ns\">\\n</span></span>
    <span class=sf-dump-str title=\"6486 characters\"><span class=\"sf-dump-default sf-dump-ns\">\\n</span></span>
    <span class=sf-dump-str title=\"6486 characters\">                                &lt;/td&gt;<span class=\"sf-dump-default sf-dump-ns\">\\n</span></span>
    <span class=sf-dump-str title=\"6486 characters\"><span class=\"sf-dump-default sf-dump-ns\">\\n</span></span>
    <span class=sf-dump-str title=\"6486 characters\">                            &lt;/tr&gt;<span class=\"sf-dump-default sf-dump-ns\">\\n</span></span>
    <span class=sf-dump-str title=\"6486 characters\"><span class=\"sf-dump-default sf-dump-ns\">\\n</span></span>
    <span class=sf-dump-str title=\"6486 characters\"><span class=\"sf-dump-default sf-dump-ns\">\\n</span></span>
    <span class=sf-dump-str title=\"6486 characters\">                            &lt;!-- Put this part before &lt;/body&gt; tag --&gt;<span class=\"sf-dump-default sf-dump-ns\">\\n</span></span>
    <span class=sf-dump-str title=\"6486 characters\">                            &lt;input type=&quot;checkbox&quot; id=&quot;modal-detalhe-estagiario-1&quot;<span class=\"sf-dump-default sf-dump-ns\">\\n</span></span>
    <span class=sf-dump-str title=\"6486 characters\">                                class=&quot;modal-toggle&quot; /&gt;<span class=\"sf-dump-default sf-dump-ns\">\\n</span></span>
    <span class=sf-dump-str title=\"6486 characters\">                            &lt;div class=&quot;modal&quot;&gt;<span class=\"sf-dump-default sf-dump-ns\">\\n</span></span>
    <span class=sf-dump-str title=\"6486 characters\">                                &lt;div class=&quot;modal-box w-6/12 max-w-5xl&quot;&gt;<span class=\"sf-dump-default sf-dump-ns\">\\n</span></span>
    <span class=sf-dump-str title=\"6486 characters\">                                    &lt;h3 class=&quot;font-bold text-lg&quot;&gt;Ana Luiza B de Abrantes&lt;/h3&gt;<span class=\"sf-dump-default sf-dump-ns\">\\n</span></span>
    <span class=sf-dump-str title=\"6486 characters\">                                    &lt;p class=&quot;py-4&quot;&gt;Inicio de contrato: 2022-11-11&lt;/p&gt;<span class=\"sf-dump-default sf-dump-ns\">\\n</span></span>
    <span class=sf-dump-str title=\"6486 characters\">                                    &lt;p class=&quot;py-4&quot;&gt;Fim de contrato: 2023-10-10&lt;/p&gt;<span class=\"sf-dump-default sf-dump-ns\">\\n</span></span>
    <span class=sf-dump-str title=\"6486 characters\">                                    &lt;p class=&quot;py-4&quot;&gt;Faculdade: UnB&lt;/p&gt;<span class=\"sf-dump-default sf-dump-ns\">\\n</span></span>
    <span class=sf-dump-str title=\"6486 characters\">                                    &lt;p class=&quot;py-4&quot;&gt;CNPJ Faculdade: 09809899987844&lt;/p&gt;<span class=\"sf-dump-default sf-dump-ns\">\\n</span></span>
    <span class=sf-dump-str title=\"6486 characters\">                                    &lt;p class=&quot;py-4&quot;&gt;Curso: Engenharia&lt;/p&gt;<span class=\"sf-dump-default sf-dump-ns\">\\n</span></span>
    <span class=sf-dump-str title=\"6486 characters\">                                    &lt;p class=&quot;py-4&quot;&gt;Expectativa de forma&#231;&#227;o: 2025-07-01<span class=\"sf-dump-default sf-dump-ns\">\\n</span></span>
    <span class=sf-dump-str title=\"6486 characters\">                                    &lt;/p&gt;<span class=\"sf-dump-default sf-dump-ns\">\\n</span></span>
    <span class=sf-dump-str title=\"6486 characters\">                                    &lt;p class=&quot;py-4&quot;&gt;Data de nascimento: 2002-05-31&lt;/p&gt;<span class=\"sf-dump-default sf-dump-ns\">\\n</span></span>
    <span class=sf-dump-str title=\"6486 characters\">                                    &lt;p class=&quot;py-4&quot;&gt;Telefone: 61992176224&lt;/p&gt;<span class=\"sf-dump-default sf-dump-ns\">\\n</span></span>
    <span class=sf-dump-str title=\"6486 characters\">                                    &lt;p class=&quot;py-4&quot;&gt;CPF: 08308072178&lt;/p&gt;<span class=\"sf-dump-default sf-dump-ns\">\\n</span></span>
    <span class=sf-dump-str title=\"6486 characters\">                                    &lt;p class=&quot;py-4&quot;&gt;Email: analuizaabr4@gmail.com&lt;/p&gt;<span class=\"sf-dump-default sf-dump-ns\">\\n</span></span>
    <span class=sf-dump-str title=\"6486 characters\">                                    &lt;div class=&quot;modal-action&quot;&gt;<span class=\"sf-dump-default sf-dump-ns\">\\n</span></span>
    <span class=sf-dump-str title=\"6486 characters\">                                        &lt;label for=&quot;modal-detalhe-estagiario-1&quot;<span class=\"sf-dump-default sf-dump-ns\">\\n</span></span>
    <span class=sf-dump-str title=\"6486 characters\">                                            class=&quot;btn&quot;&gt;Fechar&lt;/label&gt;<span class=\"sf-dump-default sf-dump-ns\">\\n</span></span>
    <span class=sf-dump-str title=\"6486 characters\">                                    &lt;/div&gt;<span class=\"sf-dump-default sf-dump-ns\">\\n</span></span>
    <span class=sf-dump-str title=\"6486 characters\">                                &lt;/div&gt;<span class=\"sf-dump-default sf-dump-ns\">\\n</span></span>
    <span class=sf-dump-str title=\"6486 characters\">                            &lt;/div&gt;<span class=\"sf-dump-default sf-dump-ns\">\\n</span></span>
    <span class=sf-dump-str title=\"6486 characters\">                                            &lt;/tbody&gt;<span class=\"sf-dump-default sf-dump-ns\">\\n</span></span>
    <span class=sf-dump-str title=\"6486 characters\">                &lt;/table&gt;<span class=\"sf-dump-default sf-dump-ns\">\\n</span></span>
    <span class=sf-dump-str title=\"6486 characters\">            &lt;/div&gt;<span class=\"sf-dump-default sf-dump-ns\">\\n</span></span>
    <span class=sf-dump-str title=\"6486 characters\"><span class=\"sf-dump-default sf-dump-ns\">\\n</span></span>
    <span class=sf-dump-str title=\"6486 characters\">        &lt;/div&gt;<span class=\"sf-dump-default sf-dump-ns\">\\n</span></span>
    <span class=sf-dump-str title=\"6486 characters\"><span class=\"sf-dump-default sf-dump-ns\">\\n</span></span>
    <span class=sf-dump-str title=\"6486 characters\">    &lt;/div&gt;</span>
    \"\"\"
</samp>}
</pre><script>Sfdump(\"sf-dump-223396145\", {\"maxDepth\":3,\"maxStringLength\":160})</script>
","__laravel_slots":"<pre class=sf-dump id=sf-dump-1247187328 data-indent-pad=\"  \"><span class=sf-dump-note>array:1</span> [<samp data-depth=1 class=sf-dump-expanded>
  \"<span class=sf-dump-key>__default</span>\" => <span class=sf-dump-note title=\"Illuminate\\Support\\HtmlString
\"><span class=\"sf-dump-ellipsis sf-dump-ellipsis-note\">Illuminate\\Support</span><span class=\"sf-dump-ellipsis sf-dump-ellipsis-note\">\\</span>HtmlString</span> {<a class=sf-dump-ref>#1253</a><samp data-depth=2 class=sf-dump-compact>
    #<span class=sf-dump-protected title=\"Protected property\">html</span>: \"\"\"
      <span class=sf-dump-str title=\"6486 characters\">&lt;div&gt;<span class=\"sf-dump-default sf-dump-ns\">\\n</span></span>
      <span class=sf-dump-str title=\"6486 characters\"><span class=\"sf-dump-default sf-dump-ns\">\\n</span></span>
      <span class=sf-dump-str title=\"6486 characters\">        &lt;div class=&quot;form p-2 &quot;&gt;<span class=\"sf-dump-default sf-dump-ns\">\\n</span></span>
      <span class=sf-dump-str title=\"6486 characters\">            &lt;div class=&quot;flex&quot;&gt;<span class=\"sf-dump-default sf-dump-ns\">\\n</span></span>
      <span class=sf-dump-str title=\"6486 characters\">                &lt;h2 class=&quot;font-bold text-lg p-2&quot;&gt;Lista de estagi&#225;rios&lt;/h2&gt;<span class=\"sf-dump-default sf-dump-ns\">\\n</span></span>
      <span class=sf-dump-str title=\"6486 characters\">                &lt;a class=&quot;bg-[#002D4B] text-white font-bold rounded p-2 mx-2 my-3 ml-auto&quot;<span class=\"sf-dump-default sf-dump-ns\">\\n</span></span>
      <span class=sf-dump-str title=\"6486 characters\">                    href=&quot;http://127.0.0.1:8000/create&quot;&gt;Cadastrar novo&lt;/a&gt;<span class=\"sf-dump-default sf-dump-ns\">\\n</span></span>
      <span class=sf-dump-str title=\"6486 characters\">            &lt;/div&gt;<span class=\"sf-dump-default sf-dump-ns\">\\n</span></span>
      <span class=sf-dump-str title=\"6486 characters\"><span class=\"sf-dump-default sf-dump-ns\">\\n</span></span>
      <span class=sf-dump-str title=\"6486 characters\">            &lt;div class=&quot;overflow-x-auto&quot;&gt;<span class=\"sf-dump-default sf-dump-ns\">\\n</span></span>
      <span class=sf-dump-str title=\"6486 characters\">                &lt;table class=&quot;table table-zebra w-full&quot;&gt;<span class=\"sf-dump-default sf-dump-ns\">\\n</span></span>
      <span class=sf-dump-str title=\"6486 characters\">                    &lt;!-- head --&gt;<span class=\"sf-dump-default sf-dump-ns\">\\n</span></span>
      <span class=sf-dump-str title=\"6486 characters\">                    &lt;thead&gt;<span class=\"sf-dump-default sf-dump-ns\">\\n</span></span>
      <span class=sf-dump-str title=\"6486 characters\">                        &lt;tr&gt;<span class=\"sf-dump-default sf-dump-ns\">\\n</span></span>
      <span class=sf-dump-str title=\"6486 characters\"><span class=\"sf-dump-default sf-dump-ns\">\\n</span></span>
      <span class=sf-dump-str title=\"6486 characters\">                            &lt;th&gt;Nome&lt;/th&gt;<span class=\"sf-dump-default sf-dump-ns\">\\n</span></span>
      <span class=sf-dump-str title=\"6486 characters\">                            &lt;th&gt;Faculdade&lt;/th&gt;<span class=\"sf-dump-default sf-dump-ns\">\\n</span></span>
      <span class=sf-dump-str title=\"6486 characters\">                            &lt;th&gt;Curso&lt;/th&gt;<span class=\"sf-dump-default sf-dump-ns\">\\n</span></span>
      <span class=sf-dump-str title=\"6486 characters\">                            &lt;th&gt;In&#237;cio contrato&lt;/th&gt;<span class=\"sf-dump-default sf-dump-ns\">\\n</span></span>
      <span class=sf-dump-str title=\"6486 characters\">                            &lt;th&gt;Fim contrato&lt;/th&gt;<span class=\"sf-dump-default sf-dump-ns\">\\n</span></span>
      <span class=sf-dump-str title=\"6486 characters\">                            &lt;th&gt;Anivers&#225;rio&lt;/th&gt;<span class=\"sf-dump-default sf-dump-ns\">\\n</span></span>
      <span class=sf-dump-str title=\"6486 characters\">                            &lt;th&gt;A&#231;&#245;es&lt;/th&gt;<span class=\"sf-dump-default sf-dump-ns\">\\n</span></span>
      <span class=sf-dump-str title=\"6486 characters\">                        &lt;/tr&gt;<span class=\"sf-dump-default sf-dump-ns\">\\n</span></span>
      <span class=sf-dump-str title=\"6486 characters\">                    &lt;/thead&gt;<span class=\"sf-dump-default sf-dump-ns\">\\n</span></span>
      <span class=sf-dump-str title=\"6486 characters\">                    &lt;tbody&gt;<span class=\"sf-dump-default sf-dump-ns\">\\n</span></span>
      <span class=sf-dump-str title=\"6486 characters\">                                                    &lt;tr&gt;<span class=\"sf-dump-default sf-dump-ns\">\\n</span></span>
      <span class=sf-dump-str title=\"6486 characters\">                                &lt;th&gt;<span class=\"sf-dump-default sf-dump-ns\">\\n</span></span>
      <span class=sf-dump-str title=\"6486 characters\"><span class=\"sf-dump-default sf-dump-ns\">\\n</span></span>
      <span class=sf-dump-str title=\"6486 characters\">                                    &lt;!-- The button to open modal --&gt;<span class=\"sf-dump-default sf-dump-ns\">\\n</span></span>
      <span class=sf-dump-str title=\"6486 characters\">                                    &lt;label for=&quot;modal-detalhe-estagiario-1&quot; class=&quot;btn&quot;&gt;<span class=\"sf-dump-default sf-dump-ns\">\\n</span></span>
      <span class=sf-dump-str title=\"6486 characters\">                                        &lt;svg xmlns=&quot;http://www.w3.org/2000/svg&quot; fill=&quot;none&quot; viewBox=&quot;0 0 24 24&quot;<span class=\"sf-dump-default sf-dump-ns\">\\n</span></span>
      <span class=sf-dump-str title=\"6486 characters\">                                            stroke-width=&quot;1.5&quot; stroke=&quot;currentColor&quot; class=&quot;w-6 h-6 mr-2 inline&quot;&gt;<span class=\"sf-dump-default sf-dump-ns\">\\n</span></span>
      <span class=sf-dump-str title=\"6486 characters\">                                            &lt;path stroke-linecap=&quot;round&quot; stroke-linejoin=&quot;round&quot;<span class=\"sf-dump-default sf-dump-ns\">\\n</span></span>
      <span class=sf-dump-str title=\"6486 characters\">                                                d=&quot;M15 9h3.75M15 12h3.75M15 15h3.75M4.5 19.5h15a2.25 2.25 0 002.25-2.25V6.75A2.25 2.25 0 0019.5 4.5h-15a2.25 2.25 0 00-2.25 2.25v10.5A2.25 2.25 0 004.5 19.5zm6-10.125a1.875 1.875 0 11-3.75 0 1.875 1.875 0 013.75 0zm1.294 6.336a6.721 6.721 0 01-3.17.789 6.721 6.721 0 01-3.168-.789 3.376 3.376 0 016.338 0z&quot; /&gt;<span class=\"sf-dump-default sf-dump-ns\">\\n</span></span>
      <span class=sf-dump-str title=\"6486 characters\">                                        &lt;/svg&gt;<span class=\"sf-dump-default sf-dump-ns\">\\n</span></span>
      <span class=sf-dump-str title=\"6486 characters\"><span class=\"sf-dump-default sf-dump-ns\">\\n</span></span>
      <span class=sf-dump-str title=\"6486 characters\">                                        Ana Luiza B de Abrantes<span class=\"sf-dump-default sf-dump-ns\">\\n</span></span>
      <span class=sf-dump-str title=\"6486 characters\">                                    &lt;/label&gt;<span class=\"sf-dump-default sf-dump-ns\">\\n</span></span>
      <span class=sf-dump-str title=\"6486 characters\"><span class=\"sf-dump-default sf-dump-ns\">\\n</span></span>
      <span class=sf-dump-str title=\"6486 characters\">                                &lt;/th&gt;<span class=\"sf-dump-default sf-dump-ns\">\\n</span></span>
      <span class=sf-dump-str title=\"6486 characters\">                                &lt;td&gt;UnB&lt;/td&gt;<span class=\"sf-dump-default sf-dump-ns\">\\n</span></span>
      <span class=sf-dump-str title=\"6486 characters\">                                &lt;td&gt;Engenharia&lt;/td&gt;<span class=\"sf-dump-default sf-dump-ns\">\\n</span></span>
      <span class=sf-dump-str title=\"6486 characters\">                                &lt;td&gt;2022-11-11&lt;/td&gt;<span class=\"sf-dump-default sf-dump-ns\">\\n</span></span>
      <span class=sf-dump-str title=\"6486 characters\">                                &lt;td&gt;2023-10-10&lt;/td&gt;<span class=\"sf-dump-default sf-dump-ns\">\\n</span></span>
      <span class=sf-dump-str title=\"6486 characters\">                                &lt;td&gt;2002-05-31&lt;/td&gt;<span class=\"sf-dump-default sf-dump-ns\">\\n</span></span>
      <span class=sf-dump-str title=\"6486 characters\">                                &lt;td&gt;<span class=\"sf-dump-default sf-dump-ns\">\\n</span></span>
      <span class=sf-dump-str title=\"6486 characters\">                                    &lt;a href=&quot;http://127.0.0.1:8000/edit/1&quot;&gt;&lt;svg<span class=\"sf-dump-default sf-dump-ns\">\\n</span></span>
      <span class=sf-dump-str title=\"6486 characters\">                                            xmlns=&quot;http://www.w3.org/2000/svg&quot; fill=&quot;none&quot; viewBox=&quot;0 0 24 24&quot;<span class=\"sf-dump-default sf-dump-ns\">\\n</span></span>
      <span class=sf-dump-str title=\"6486 characters\">                                            stroke-width=&quot;1.5&quot; stroke=&quot;currentColor&quot; class=&quot;w-6 h-6 inline&quot;&gt;<span class=\"sf-dump-default sf-dump-ns\">\\n</span></span>
      <span class=sf-dump-str title=\"6486 characters\">                                            &lt;path stroke-linecap=&quot;round&quot; stroke-linejoin=&quot;round&quot;<span class=\"sf-dump-default sf-dump-ns\">\\n</span></span>
      <span class=sf-dump-str title=\"6486 characters\">                                                d=&quot;M16.862 4.487l1.687-1.688a1.875 1.875 0 112.652 2.652L10.582 16.07a4.5 4.5 0 01-1.897 1.13L6 18l.8-2.685a4.5 4.5 0 011.13-1.897l8.932-8.931zm0 0L19.5 7.125M18 14v4.75A2.25 2.25 0 0115.75 21H5.25A2.25 2.25 0 013 18.75V8.25A2.25 2.25 0 015.25 6H10&quot; /&gt;<span class=\"sf-dump-default sf-dump-ns\">\\n</span></span>
      <span class=sf-dump-str title=\"6486 characters\">                                    &lt;/svg&gt;&lt;/a&gt;<span class=\"sf-dump-default sf-dump-ns\">\\n</span></span>
      <span class=sf-dump-str title=\"6486 characters\">                                           &lt;!-- The button to open modal --&gt;<span class=\"sf-dump-default sf-dump-ns\">\\n</span></span>
      <span class=sf-dump-str title=\"6486 characters\">                                    &lt;label for=&quot;my-modal&quot; class=&quot;btn btn-xs btn-circle btn-outline rounded-full&quot;&gt;x&lt;/label&gt;<span class=\"sf-dump-default sf-dump-ns\">\\n</span></span>
      <span class=sf-dump-str title=\"6486 characters\"><span class=\"sf-dump-default sf-dump-ns\">\\n</span></span>
      <span class=sf-dump-str title=\"6486 characters\">                                    &lt;!-- Put this part before &lt;/body&gt; tag --&gt;<span class=\"sf-dump-default sf-dump-ns\">\\n</span></span>
      <span class=sf-dump-str title=\"6486 characters\">                                    &lt;input type=&quot;checkbox&quot; id=&quot;my-modal&quot; class=&quot;modal-toggle&quot; /&gt;<span class=\"sf-dump-default sf-dump-ns\">\\n</span></span>
      <span class=sf-dump-str title=\"6486 characters\"><span class=\"sf-dump-default sf-dump-ns\">\\n</span></span>
      <span class=sf-dump-str title=\"6486 characters\">                                        &lt;div class=&quot;modal&quot;&gt;<span class=\"sf-dump-default sf-dump-ns\">\\n</span></span>
      <span class=sf-dump-str title=\"6486 characters\">                                        &lt;div class=&quot;modal-box&quot;&gt;<span class=\"sf-dump-default sf-dump-ns\">\\n</span></span>
      <span class=sf-dump-str title=\"6486 characters\">                                            &lt;h3 class=&quot;font-bold text-lg&quot;&gt;Excluir&lt;/h3&gt;<span class=\"sf-dump-default sf-dump-ns\">\\n</span></span>
      <span class=sf-dump-str title=\"6486 characters\">                                            &lt;p class=&quot;py-4&quot;&gt;Tem certeza que deseja excluir esse usu&#225;rio?&lt;/p&gt;<span class=\"sf-dump-default sf-dump-ns\">\\n</span></span>
      <span class=sf-dump-str title=\"6486 characters\">                                            &lt;div class=&quot;modal-action&quot;&gt;<span class=\"sf-dump-default sf-dump-ns\">\\n</span></span>
      <span class=sf-dump-str title=\"6486 characters\">                                                &lt;form  action=&quot;http://127.0.0.1:8000/delete/1&quot; method=&quot;POST&quot;&gt;<span class=\"sf-dump-default sf-dump-ns\">\\n</span></span>
      <span class=sf-dump-str title=\"6486 characters\">                                                    &lt;input type=&quot;hidden&quot; name=&quot;_method&quot; value=&quot;DELETE&quot;&gt;<span class=\"sf-dump-default sf-dump-ns\">\\n</span></span>
      <span class=sf-dump-str title=\"6486 characters\">                                                    &lt;input type=&quot;hidden&quot; name=&quot;_token&quot; value=&quot;0G4hG8HL9WJTf4LDpVdOPvOrGPMcDcJY9blYcbe6&quot;&gt;<span class=\"sf-dump-default sf-dump-ns\">\\n</span></span>
      <span class=sf-dump-str title=\"6486 characters\">                                                    &lt;button class=&quot;btn btn-outline btn-success&quot; type=&quot;submit&quot;&gt;Sim&lt;/button&gt;<span class=\"sf-dump-default sf-dump-ns\">\\n</span></span>
      <span class=sf-dump-str title=\"6486 characters\">                                                &lt;/form&gt;<span class=\"sf-dump-default sf-dump-ns\">\\n</span></span>
      <span class=sf-dump-str title=\"6486 characters\">                                                &lt;a role=&quot;button&quot;  href=&quot;http://127.0.0.1:8000&quot; class=&quot;btn btn-ghost&quot;&gt;N&#227;o&lt;/a&gt;<span class=\"sf-dump-default sf-dump-ns\">\\n</span></span>
      <span class=sf-dump-str title=\"6486 characters\">                                            &lt;/div&gt;<span class=\"sf-dump-default sf-dump-ns\">\\n</span></span>
      <span class=sf-dump-str title=\"6486 characters\">                                        &lt;/div&gt;<span class=\"sf-dump-default sf-dump-ns\">\\n</span></span>
      <span class=sf-dump-str title=\"6486 characters\">                                        &lt;/div&gt;<span class=\"sf-dump-default sf-dump-ns\">\\n</span></span>
      <span class=sf-dump-str title=\"6486 characters\"><span class=\"sf-dump-default sf-dump-ns\">\\n</span></span>
      <span class=sf-dump-str title=\"6486 characters\"><span class=\"sf-dump-default sf-dump-ns\">\\n</span></span>
      <span class=sf-dump-str title=\"6486 characters\"><span class=\"sf-dump-default sf-dump-ns\">\\n</span></span>
      <span class=sf-dump-str title=\"6486 characters\"><span class=\"sf-dump-default sf-dump-ns\">\\n</span></span>
      <span class=sf-dump-str title=\"6486 characters\">                                &lt;/td&gt;<span class=\"sf-dump-default sf-dump-ns\">\\n</span></span>
      <span class=sf-dump-str title=\"6486 characters\"><span class=\"sf-dump-default sf-dump-ns\">\\n</span></span>
      <span class=sf-dump-str title=\"6486 characters\">                            &lt;/tr&gt;<span class=\"sf-dump-default sf-dump-ns\">\\n</span></span>
      <span class=sf-dump-str title=\"6486 characters\"><span class=\"sf-dump-default sf-dump-ns\">\\n</span></span>
      <span class=sf-dump-str title=\"6486 characters\"><span class=\"sf-dump-default sf-dump-ns\">\\n</span></span>
      <span class=sf-dump-str title=\"6486 characters\">                            &lt;!-- Put this part before &lt;/body&gt; tag --&gt;<span class=\"sf-dump-default sf-dump-ns\">\\n</span></span>
      <span class=sf-dump-str title=\"6486 characters\">                            &lt;input type=&quot;checkbox&quot; id=&quot;modal-detalhe-estagiario-1&quot;<span class=\"sf-dump-default sf-dump-ns\">\\n</span></span>
      <span class=sf-dump-str title=\"6486 characters\">                                class=&quot;modal-toggle&quot; /&gt;<span class=\"sf-dump-default sf-dump-ns\">\\n</span></span>
      <span class=sf-dump-str title=\"6486 characters\">                            &lt;div class=&quot;modal&quot;&gt;<span class=\"sf-dump-default sf-dump-ns\">\\n</span></span>
      <span class=sf-dump-str title=\"6486 characters\">                                &lt;div class=&quot;modal-box w-6/12 max-w-5xl&quot;&gt;<span class=\"sf-dump-default sf-dump-ns\">\\n</span></span>
      <span class=sf-dump-str title=\"6486 characters\">                                    &lt;h3 class=&quot;font-bold text-lg&quot;&gt;Ana Luiza B de Abrantes&lt;/h3&gt;<span class=\"sf-dump-default sf-dump-ns\">\\n</span></span>
      <span class=sf-dump-str title=\"6486 characters\">                                    &lt;p class=&quot;py-4&quot;&gt;Inicio de contrato: 2022-11-11&lt;/p&gt;<span class=\"sf-dump-default sf-dump-ns\">\\n</span></span>
      <span class=sf-dump-str title=\"6486 characters\">                                    &lt;p class=&quot;py-4&quot;&gt;Fim de contrato: 2023-10-10&lt;/p&gt;<span class=\"sf-dump-default sf-dump-ns\">\\n</span></span>
      <span class=sf-dump-str title=\"6486 characters\">                                    &lt;p class=&quot;py-4&quot;&gt;Faculdade: UnB&lt;/p&gt;<span class=\"sf-dump-default sf-dump-ns\">\\n</span></span>
      <span class=sf-dump-str title=\"6486 characters\">                                    &lt;p class=&quot;py-4&quot;&gt;CNPJ Faculdade: 09809899987844&lt;/p&gt;<span class=\"sf-dump-default sf-dump-ns\">\\n</span></span>
      <span class=sf-dump-str title=\"6486 characters\">                                    &lt;p class=&quot;py-4&quot;&gt;Curso: Engenharia&lt;/p&gt;<span class=\"sf-dump-default sf-dump-ns\">\\n</span></span>
      <span class=sf-dump-str title=\"6486 characters\">                                    &lt;p class=&quot;py-4&quot;&gt;Expectativa de forma&#231;&#227;o: 2025-07-01<span class=\"sf-dump-default sf-dump-ns\">\\n</span></span>
      <span class=sf-dump-str title=\"6486 characters\">                                    &lt;/p&gt;<span class=\"sf-dump-default sf-dump-ns\">\\n</span></span>
      <span class=sf-dump-str title=\"6486 characters\">                                    &lt;p class=&quot;py-4&quot;&gt;Data de nascimento: 2002-05-31&lt;/p&gt;<span class=\"sf-dump-default sf-dump-ns\">\\n</span></span>
      <span class=sf-dump-str title=\"6486 characters\">                                    &lt;p class=&quot;py-4&quot;&gt;Telefone: 61992176224&lt;/p&gt;<span class=\"sf-dump-default sf-dump-ns\">\\n</span></span>
      <span class=sf-dump-str title=\"6486 characters\">                                    &lt;p class=&quot;py-4&quot;&gt;CPF: 08308072178&lt;/p&gt;<span class=\"sf-dump-default sf-dump-ns\">\\n</span></span>
      <span class=sf-dump-str title=\"6486 characters\">                                    &lt;p class=&quot;py-4&quot;&gt;Email: analuizaabr4@gmail.com&lt;/p&gt;<span class=\"sf-dump-default sf-dump-ns\">\\n</span></span>
      <span class=sf-dump-str title=\"6486 characters\">                                    &lt;div class=&quot;modal-action&quot;&gt;<span class=\"sf-dump-default sf-dump-ns\">\\n</span></span>
      <span class=sf-dump-str title=\"6486 characters\">                                        &lt;label for=&quot;modal-detalhe-estagiario-1&quot;<span class=\"sf-dump-default sf-dump-ns\">\\n</span></span>
      <span class=sf-dump-str title=\"6486 characters\">                                            class=&quot;btn&quot;&gt;Fechar&lt;/label&gt;<span class=\"sf-dump-default sf-dump-ns\">\\n</span></span>
      <span class=sf-dump-str title=\"6486 characters\">                                    &lt;/div&gt;<span class=\"sf-dump-default sf-dump-ns\">\\n</span></span>
      <span class=sf-dump-str title=\"6486 characters\">                                &lt;/div&gt;<span class=\"sf-dump-default sf-dump-ns\">\\n</span></span>
      <span class=sf-dump-str title=\"6486 characters\">                            &lt;/div&gt;<span class=\"sf-dump-default sf-dump-ns\">\\n</span></span>
      <span class=sf-dump-str title=\"6486 characters\">                                            &lt;/tbody&gt;<span class=\"sf-dump-default sf-dump-ns\">\\n</span></span>
      <span class=sf-dump-str title=\"6486 characters\">                &lt;/table&gt;<span class=\"sf-dump-default sf-dump-ns\">\\n</span></span>
      <span class=sf-dump-str title=\"6486 characters\">            &lt;/div&gt;<span class=\"sf-dump-default sf-dump-ns\">\\n</span></span>
      <span class=sf-dump-str title=\"6486 characters\"><span class=\"sf-dump-default sf-dump-ns\">\\n</span></span>
      <span class=sf-dump-str title=\"6486 characters\">        &lt;/div&gt;<span class=\"sf-dump-default sf-dump-ns\">\\n</span></span>
      <span class=sf-dump-str title=\"6486 characters\"><span class=\"sf-dump-default sf-dump-ns\">\\n</span></span>
      <span class=sf-dump-str title=\"6486 characters\">    &lt;/div&gt;</span>
      \"\"\"
  </samp>}
</samp>]
</pre><script>Sfdump(\"sf-dump-1247187328\", {\"maxDepth\":3,\"maxStringLength\":160})</script>
"}},"exception":"[object] (Spatie\\LaravelIgnition\\Exceptions\\ViewException(code: 0): htmlspecialchars(): Argument #1 ($string) must be of type string, array given at C:\\Users\\ana.abrantes\\Desktop\\projetos\\estagiarios\\estagiarios\\vendor\\laravel\\framework\\src\\Illuminate\\Support\\helpers.php:123)
[stacktrace]
#0 C:\\Users\\ana.abrantes\\Desktop\\projetos\\estagiarios\\estagiarios\\vendor\\laravel\\framework\\src\\Illuminate\\Support\\helpers.php(123): htmlspecialchars(Array, 3, 'UTF-8', true)
#1 C:\\Users\\ana.abrantes\\Desktop\\projetos\\estagiarios\\estagiarios\\resources\\views\\components\\layout.blade.php(23): e(Array)
#2 C:\\Users\\ana.abrantes\\Desktop\\projetos\\estagiarios\\estagiarios\\vendor\\laravel\\framework\\src\\Illuminate\\Filesystem\\Filesystem.php(124): require('C:\\\\Users\\\\ana.ab...')
#3 C:\\Users\\ana.abrantes\\Desktop\\projetos\\estagiarios\\estagiarios\\vendor\\laravel\\framework\\src\\Illuminate\\Filesystem\\Filesystem.php(125): Illuminate\\Filesystem\\Filesystem::Illuminate\\Filesystem\\{closure}()
#4 C:\\Users\\ana.abrantes\\Desktop\\projetos\\estagiarios\\estagiarios\\vendor\\laravel\\framework\\src\\Illuminate\\View\\Engines\\PhpEngine.php(58): Illuminate\\Filesystem\\Filesystem->getRequire('C:\\\\Users\\\\ana.ab...', Array)
#5 C:\\Users\\ana.abrantes\\Desktop\\projetos\\estagiarios\\estagiarios\\vendor\\laravel\\framework\\src\\Illuminate\\View\\Engines\\CompilerEngine.php(70): Illuminate\\View\\Engines\\PhpEngine->evaluatePath('C:\\\\Users\\\\ana.ab...', Array)
#6 C:\\Users\\ana.abrantes\\Desktop\\projetos\\estagiarios\\estagiarios\\vendor\\laravel\\framework\\src\\Illuminate\\View\\View.php(195): Illuminate\\View\\Engines\\CompilerEngine->get('C:\\\\Users\\\\ana.ab...', Array)
#7 C:\\Users\\ana.abrantes\\Desktop\\projetos\\estagiarios\\estagiarios\\vendor\\laravel\\framework\\src\\Illuminate\\View\\View.php(178): Illuminate\\View\\View->getContents()
#8 C:\\Users\\ana.abrantes\\Desktop\\projetos\\estagiarios\\estagiarios\\vendor\\laravel\\framework\\src\\Illuminate\\View\\View.php(147): Illuminate\\View\\View->renderContents()
#9 C:\\Users\\ana.abrantes\\Desktop\\projetos\\estagiarios\\estagiarios\\vendor\\laravel\\framework\\src\\Illuminate\\View\\Concerns\\ManagesComponents.php(104): Illuminate\\View\\View->render()
#10 C:\\Users\\ana.abrantes\\Desktop\\projetos\\estagiarios\\estagiarios\\resources\\views\\index.blade.php(108): Illuminate\\View\\Factory->renderComponent()
#11 C:\\Users\\ana.abrantes\\Desktop\\projetos\\estagiarios\\estagiarios\\vendor\\laravel\\framework\\src\\Illuminate\\Filesystem\\Filesystem.php(124): require('C:\\\\Users\\\\ana.ab...')
#12 C:\\Users\\ana.abrantes\\Desktop\\projetos\\estagiarios\\estagiarios\\vendor\\laravel\\framework\\src\\Illuminate\\Filesystem\\Filesystem.php(125): Illuminate\\Filesystem\\Filesystem::Illuminate\\Filesystem\\{closure}()
#13 C:\\Users\\ana.abrantes\\Desktop\\projetos\\estagiarios\\estagiarios\\vendor\\laravel\\framework\\src\\Illuminate\\View\\Engines\\PhpEngine.php(58): Illuminate\\Filesystem\\Filesystem->getRequire('C:\\\\Users\\\\ana.ab...', Array)
#14 C:\\Users\\ana.abrantes\\Desktop\\projetos\\estagiarios\\estagiarios\\vendor\\laravel\\framework\\src\\Illuminate\\View\\Engines\\CompilerEngine.php(70): Illuminate\\View\\Engines\\PhpEngine->evaluatePath('C:\\\\Users\\\\ana.ab...', Array)
#15 C:\\Users\\ana.abrantes\\Desktop\\projetos\\estagiarios\\estagiarios\\vendor\\laravel\\framework\\src\\Illuminate\\View\\View.php(195): Illuminate\\View\\Engines\\CompilerEngine->get('C:\\\\Users\\\\ana.ab...', Array)
#16 C:\\Users\\ana.abrantes\\Desktop\\projetos\\estagiarios\\estagiarios\\vendor\\laravel\\framework\\src\\Illuminate\\View\\View.php(178): Illuminate\\View\\View->getContents()
#17 C:\\Users\\ana.abrantes\\Desktop\\projetos\\estagiarios\\estagiarios\\vendor\\laravel\\framework\\src\\Illuminate\\View\\View.php(147): Illuminate\\View\\View->renderContents()
#18 C:\\Users\\ana.abrantes\\Desktop\\projetos\\estagiarios\\estagiarios\\vendor\\laravel\\framework\\src\\Illuminate\\Http\\Response.php(69): Illuminate\\View\\View->render()
#19 C:\\Users\\ana.abrantes\\Desktop\\projetos\\estagiarios\\estagiarios\\vendor\\laravel\\framework\\src\\Illuminate\\Http\\Response.php(35): Illuminate\\Http\\Response->setContent(Object(Illuminate\\View\\View))
#20 C:\\Users\\ana.abrantes\\Desktop\\projetos\\estagiarios\\estagiarios\\vendor\\laravel\\framework\\src\\Illuminate\\Routing\\Router.php(906): Illuminate\\Http\\Response->__construct(Object(Illuminate\\View\\View), 200, Array)
#21 C:\\Users\\ana.abrantes\\Desktop\\projetos\\estagiarios\\estagiarios\\vendor\\laravel\\framework\\src\\Illuminate\\Routing\\Router.php(875): Illuminate\\Routing\\Router::toResponse(Object(Illuminate\\Http\\Request), Object(Illuminate\\View\\View))
#22 C:\\Users\\ana.abrantes\\Desktop\\projetos\\estagiarios\\estagiarios\\vendor\\laravel\\framework\\src\\Illuminate\\Routing\\Router.php(797): Illuminate\\Routing\\Router->prepareResponse(Object(Illuminate\\Http\\Request), Object(Illuminate\\View\\View))
#23 C:\\Users\\ana.abrantes\\Desktop\\projetos\\estagiarios\\estagiarios\\vendor\\laravel\\framework\\src\\Illuminate\\Pipeline\\Pipeline.php(141): Illuminate\\Routing\\Router->Illuminate\\Routing\\{closure}(Object(Illuminate\\Http\\Request))
#24 C:\\Users\\ana.abrantes\\Desktop\\projetos\\estagiarios\\estagiarios\\vendor\\laravel\\framework\\src\\Illuminate\\Routing\\Middleware\\SubstituteBindings.php(50): Illuminate\\Pipeline\\Pipeline->Illuminate\\Pipeline\\{closure}(Object(Illuminate\\Http\\Request))
#25 C:\\Users\\ana.abrantes\\Desktop\\projetos\\estagiarios\\estagiarios\\vendor\\laravel\\framework\\src\\Illuminate\\Pipeline\\Pipeline.php(180): Illuminate\\Routing\\Middleware\\SubstituteBindings->handle(Object(Illuminate\\Http\\Request), Object(Closure))
#26 C:\\Users\\ana.abrantes\\Desktop\\projetos\\estagiarios\\estagiarios\\vendor\\laravel\\framework\\src\\Illuminate\\Foundation\\Http\\Middleware\\VerifyCsrfToken.php(78): Illuminate\\Pipeline\\Pipeline->Illuminate\\Pipeline\\{closure}(Object(Illuminate\\Http\\Request))
#27 C:\\Users\\ana.abrantes\\Desktop\\projetos\\estagiarios\\estagiarios\\vendor\\laravel\\framework\\src\\Illuminate\\Pipeline\\Pipeline.php(180): Illuminate\\Foundation\\Http\\Middleware\\VerifyCsrfToken->handle(Object(Illuminate\\Http\\Request), Object(Closure))
#28 C:\\Users\\ana.abrantes\\Desktop\\projetos\\estagiarios\\estagiarios\\vendor\\laravel\\framework\\src\\Illuminate\\View\\Middleware\\ShareErrorsFromSession.php(49): Illuminate\\Pipeline\\Pipeline->Illuminate\\Pipeline\\{closure}(Object(Illuminate\\Http\\Request))
#29 C:\\Users\\ana.abrantes\\Desktop\\projetos\\estagiarios\\estagiarios\\vendor\\laravel\\framework\\src\\Illuminate\\Pipeline\\Pipeline.php(180): Illuminate\\View\\Middleware\\ShareErrorsFromSession->handle(Object(Illuminate\\Http\\Request), Object(Closure))
#30 C:\\Users\\ana.abrantes\\Desktop\\projetos\\estagiarios\\estagiarios\\vendor\\laravel\\framework\\src\\Illuminate\\Session\\Middleware\\StartSession.php(121): Illuminate\\Pipeline\\Pipeline->Illuminate\\Pipeline\\{closure}(Object(Illuminate\\Http\\Request))
#31 C:\\Users\\ana.abrantes\\Desktop\\projetos\\estagiarios\\estagiarios\\vendor\\laravel\\framework\\src\\Illuminate\\Session\\Middleware\\StartSession.php(64): Illuminate\\Session\\Middleware\\StartSession->handleStatefulRequest(Object(Illuminate\\Http\\Request), Object(Illuminate\\Session\\Store), Object(Closure))
#32 C:\\Users\\ana.abrantes\\Desktop\\projetos\\estagiarios\\estagiarios\\vendor\\laravel\\framework\\src\\Illuminate\\Pipeline\\Pipeline.php(180): Illuminate\\Session\\Middleware\\StartSession->handle(Object(Illuminate\\Http\\Request), Object(Closure))
#33 C:\\Users\\ana.abrantes\\Desktop\\projetos\\estagiarios\\estagiarios\\vendor\\laravel\\framework\\src\\Illuminate\\Cookie\\Middleware\\AddQueuedCookiesToResponse.php(37): Illuminate\\Pipeline\\Pipeline->Illuminate\\Pipeline\\{closure}(Object(Illuminate\\Http\\Request))
#34 C:\\Users\\ana.abrantes\\Desktop\\projetos\\estagiarios\\estagiarios\\vendor\\laravel\\framework\\src\\Illuminate\\Pipeline\\Pipeline.php(180): Illuminate\\Cookie\\Middleware\\AddQueuedCookiesToResponse->handle(Object(Illuminate\\Http\\Request), Object(Closure))
#35 C:\\Users\\ana.abrantes\\Desktop\\projetos\\estagiarios\\estagiarios\\vendor\\laravel\\framework\\src\\Illuminate\\Cookie\\Middleware\\EncryptCookies.php(67): Illuminate\\Pipeline\\Pipeline->Illuminate\\Pipeline\\{closure}(Object(Illuminate\\Http\\Request))
#36 C:\\Users\\ana.abrantes\\Desktop\\projetos\\estagiarios\\estagiarios\\vendor\\laravel\\framework\\src\\Illuminate\\Pipeline\\Pipeline.php(180): Illuminate\\Cookie\\Middleware\\EncryptCookies->handle(Object(Illuminate\\Http\\Request), Object(Closure))
#37 C:\\Users\\ana.abrantes\\Desktop\\projetos\\estagiarios\\estagiarios\\vendor\\laravel\\framework\\src\\Illuminate\\Pipeline\\Pipeline.php(116): Illuminate\\Pipeline\\Pipeline->Illuminate\\Pipeline\\{closure}(Object(Illuminate\\Http\\Request))
#38 C:\\Users\\ana.abrantes\\Desktop\\projetos\\estagiarios\\estagiarios\\vendor\\laravel\\framework\\src\\Illuminate\\Routing\\Router.php(797): Illuminate\\Pipeline\\Pipeline->then(Object(Closure))
#39 C:\\Users\\ana.abrantes\\Desktop\\projetos\\estagiarios\\estagiarios\\vendor\\laravel\\framework\\src\\Illuminate\\Routing\\Router.php(776): Illuminate\\Routing\\Router->runRouteWithinStack(Object(Illuminate\\Routing\\Route), Object(Illuminate\\Http\\Request))
#40 C:\\Users\\ana.abrantes\\Desktop\\projetos\\estagiarios\\estagiarios\\vendor\\laravel\\framework\\src\\Illuminate\\Routing\\Router.php(740): Illuminate\\Routing\\Router->runRoute(Object(Illuminate\\Http\\Request), Object(Illuminate\\Routing\\Route))
#41 C:\\Users\\ana.abrantes\\Desktop\\projetos\\estagiarios\\estagiarios\\vendor\\laravel\\framework\\src\\Illuminate\\Routing\\Router.php(729): Illuminate\\Routing\\Router->dispatchToRoute(Object(Illuminate\\Http\\Request))
#42 C:\\Users\\ana.abrantes\\Desktop\\projetos\\estagiarios\\estagiarios\\vendor\\laravel\\framework\\src\\Illuminate\\Foundation\\Http\\Kernel.php(200): Illuminate\\Routing\\Router->dispatch(Object(Illuminate\\Http\\Request))
#43 C:\\Users\\ana.abrantes\\Desktop\\projetos\\estagiarios\\estagiarios\\vendor\\laravel\\framework\\src\\Illuminate\\Pipeline\\Pipeline.php(141): Illuminate\\Foundation\\Http\\Kernel->Illuminate\\Foundation\\Http\\{closure}(Object(Illuminate\\Http\\Request))
#44 C:\\Users\\ana.abrantes\\Desktop\\projetos\\estagiarios\\estagiarios\\vendor\\laravel\\framework\\src\\Illuminate\\Foundation\\Http\\Middleware\\TransformsRequest.php(21): Illuminate\\Pipeline\\Pipeline->Illuminate\\Pipeline\\{closure}(Object(Illuminate\\Http\\Request))
#45 C:\\Users\\ana.abrantes\\Desktop\\projetos\\estagiarios\\estagiarios\\vendor\\laravel\\framework\\src\\Illuminate\\Foundation\\Http\\Middleware\\ConvertEmptyStringsToNull.php(31): Illuminate\\Foundation\\Http\\Middleware\\TransformsRequest->handle(Object(Illuminate\\Http\\Request), Object(Closure))
#46 C:\\Users\\ana.abrantes\\Desktop\\projetos\\estagiarios\\estagiarios\\vendor\\laravel\\framework\\src\\Illuminate\\Pipeline\\Pipeline.php(180): Illuminate\\Foundation\\Http\\Middleware\\ConvertEmptyStringsToNull->handle(Object(Illuminate\\Http\\Request), Object(Closure))
#47 C:\\Users\\ana.abrantes\\Desktop\\projetos\\estagiarios\\estagiarios\\vendor\\laravel\\framework\\src\\Illuminate\\Foundation\\Http\\Middleware\\TransformsRequest.php(21): Illuminate\\Pipeline\\Pipeline->Illuminate\\Pipeline\\{closure}(Object(Illuminate\\Http\\Request))
#48 C:\\Users\\ana.abrantes\\Desktop\\projetos\\estagiarios\\estagiarios\\vendor\\laravel\\framework\\src\\Illuminate\\Foundation\\Http\\Middleware\\TrimStrings.php(40): Illuminate\\Foundation\\Http\\Middleware\\TransformsRequest->handle(Object(Illuminate\\Http\\Request), Object(Closure))
#49 C:\\Users\\ana.abrantes\\Desktop\\projetos\\estagiarios\\estagiarios\\vendor\\laravel\\framework\\src\\Illuminate\\Pipeline\\Pipeline.php(180): Illuminate\\Foundation\\Http\\Middleware\\TrimStrings->handle(Object(Illuminate\\Http\\Request), Object(Closure))
#50 C:\\Users\\ana.abrantes\\Desktop\\projetos\\estagiarios\\estagiarios\\vendor\\laravel\\framework\\src\\Illuminate\\Foundation\\Http\\Middleware\\ValidatePostSize.php(27): Illuminate\\Pipeline\\Pipeline->Illuminate\\Pipeline\\{closure}(Object(Illuminate\\Http\\Request))
#51 C:\\Users\\ana.abrantes\\Desktop\\projetos\\estagiarios\\estagiarios\\vendor\\laravel\\framework\\src\\Illuminate\\Pipeline\\Pipeline.php(180): Illuminate\\Foundation\\Http\\Middleware\\ValidatePostSize->handle(Object(Illuminate\\Http\\Request), Object(Closure))
#52 C:\\Users\\ana.abrantes\\Desktop\\projetos\\estagiarios\\estagiarios\\vendor\\laravel\\framework\\src\\Illuminate\\Foundation\\Http\\Middleware\\PreventRequestsDuringMaintenance.php(86): Illuminate\\Pipeline\\Pipeline->Illuminate\\Pipeline\\{closure}(Object(Illuminate\\Http\\Request))
#53 C:\\Users\\ana.abrantes\\Desktop\\projetos\\estagiarios\\estagiarios\\vendor\\laravel\\framework\\src\\Illuminate\\Pipeline\\Pipeline.php(180): Illuminate\\Foundation\\Http\\Middleware\\PreventRequestsDuringMaintenance->handle(Object(Illuminate\\Http\\Request), Object(Closure))
#54 C:\\Users\\ana.abrantes\\Desktop\\projetos\\estagiarios\\estagiarios\\vendor\\laravel\\framework\\src\\Illuminate\\Http\\Middleware\\HandleCors.php(49): Illuminate\\Pipeline\\Pipeline->Illuminate\\Pipeline\\{closure}(Object(Illuminate\\Http\\Request))
#55 C:\\Users\\ana.abrantes\\Desktop\\projetos\\estagiarios\\estagiarios\\vendor\\laravel\\framework\\src\\Illuminate\\Pipeline\\Pipeline.php(180): Illuminate\\Http\\Middleware\\HandleCors->handle(Object(Illuminate\\Http\\Request), Object(Closure))
#56 C:\\Users\\ana.abrantes\\Desktop\\projetos\\estagiarios\\estagiarios\\vendor\\laravel\\framework\\src\\Illuminate\\Http\\Middleware\\TrustProxies.php(39): Illuminate\\Pipeline\\Pipeline->Illuminate\\Pipeline\\{closure}(Object(Illuminate\\Http\\Request))
#57 C:\\Users\\ana.abrantes\\Desktop\\projetos\\estagiarios\\estagiarios\\vendor\\laravel\\framework\\src\\Illuminate\\Pipeline\\Pipeline.php(180): Illuminate\\Http\\Middleware\\TrustProxies->handle(Object(Illuminate\\Http\\Request), Object(Closure))
#58 C:\\Users\\ana.abrantes\\Desktop\\projetos\\estagiarios\\estagiarios\\vendor\\laravel\\framework\\src\\Illuminate\\Pipeline\\Pipeline.php(116): Illuminate\\Pipeline\\Pipeline->Illuminate\\Pipeline\\{closure}(Object(Illuminate\\Http\\Request))
#59 C:\\Users\\ana.abrantes\\Desktop\\projetos\\estagiarios\\estagiarios\\vendor\\laravel\\framework\\src\\Illuminate\\Foundation\\Http\\Kernel.php(175): Illuminate\\Pipeline\\Pipeline->then(Object(Closure))
#60 C:\\Users\\ana.abrantes\\Desktop\\projetos\\estagiarios\\estagiarios\\vendor\\laravel\\framework\\src\\Illuminate\\Foundation\\Http\\Kernel.php(144): Illuminate\\Foundation\\Http\\Kernel->sendRequestThroughRouter(Object(Illuminate\\Http\\Request))
#61 C:\\Users\\ana.abrantes\\Desktop\\projetos\\estagiarios\\estagiarios\\public\\index.php(51): Illuminate\\Foundation\\Http\\Kernel->handle(Object(Illuminate\\Http\\Request))
#62 C:\\Users\\ana.abrantes\\Desktop\\projetos\\estagiarios\\estagiarios\\vendor\\laravel\\framework\\src\\Illuminate\\Foundation\\resources\\server.php(16): require_once('C:\\\\Users\\\\ana.ab...')
#63 {main}

[previous exception] [object] (TypeError(code: 0): htmlspecialchars(): Argument #1 ($string) must be of type string, array given at C:\\Users\\ana.abrantes\\Desktop\\projetos\\estagiarios\\estagiarios\\vendor\\laravel\\framework\\src\\Illuminate\\Support\\helpers.php:123)
[stacktrace]
#0 C:\\Users\\ana.abrantes\\Desktop\\projetos\\estagiarios\\estagiarios\\vendor\\laravel\\framework\\src\\Illuminate\\Support\\helpers.php(123): htmlspecialchars(Array, 3, 'UTF-8', true)
#1 C:\\Users\\ana.abrantes\\Desktop\\projetos\\estagiarios\\estagiarios\\storage\\framework\\views\\015c1adf368e0682b6a9b5a2c397a793.php(24): e(Array)
#2 C:\\Users\\ana.abrantes\\Desktop\\projetos\\estagiarios\\estagiarios\\vendor\\laravel\\framework\\src\\Illuminate\\Filesystem\\Filesystem.php(124): require('C:\\\\Users\\\\ana.ab...')
#3 C:\\Users\\ana.abrantes\\Desktop\\projetos\\estagiarios\\estagiarios\\vendor\\laravel\\framework\\src\\Illuminate\\Filesystem\\Filesystem.php(125): Illuminate\\Filesystem\\Filesystem::Illuminate\\Filesystem\\{closure}()
#4 C:\\Users\\ana.abrantes\\Desktop\\projetos\\estagiarios\\estagiarios\\vendor\\laravel\\framework\\src\\Illuminate\\View\\Engines\\PhpEngine.php(58): Illuminate\\Filesystem\\Filesystem->getRequire('C:\\\\Users\\\\ana.ab...', Array)
#5 C:\\Users\\ana.abrantes\\Desktop\\projetos\\estagiarios\\estagiarios\\vendor\\laravel\\framework\\src\\Illuminate\\View\\Engines\\CompilerEngine.php(70): Illuminate\\View\\Engines\\PhpEngine->evaluatePath('C:\\\\Users\\\\ana.ab...', Array)
#6 C:\\Users\\ana.abrantes\\Desktop\\projetos\\estagiarios\\estagiarios\\vendor\\laravel\\framework\\src\\Illuminate\\View\\View.php(195): Illuminate\\View\\Engines\\CompilerEngine->get('C:\\\\Users\\\\ana.ab...', Array)
#7 C:\\Users\\ana.abrantes\\Desktop\\projetos\\estagiarios\\estagiarios\\vendor\\laravel\\framework\\src\\Illuminate\\View\\View.php(178): Illuminate\\View\\View->getContents()
#8 C:\\Users\\ana.abrantes\\Desktop\\projetos\\estagiarios\\estagiarios\\vendor\\laravel\\framework\\src\\Illuminate\\View\\View.php(147): Illuminate\\View\\View->renderContents()
#9 C:\\Users\\ana.abrantes\\Desktop\\projetos\\estagiarios\\estagiarios\\vendor\\laravel\\framework\\src\\Illuminate\\View\\Concerns\\ManagesComponents.php(104): Illuminate\\View\\View->render()
#10 C:\\Users\\ana.abrantes\\Desktop\\projetos\\estagiarios\\estagiarios\\storage\\framework\\views\\5cfe43a5090b099c6b80f4afc651cc08.php(126): Illuminate\\View\\Factory->renderComponent()
#11 C:\\Users\\ana.abrantes\\Desktop\\projetos\\estagiarios\\estagiarios\\vendor\\laravel\\framework\\src\\Illuminate\\Filesystem\\Filesystem.php(124): require('C:\\\\Users\\\\ana.ab...')
#12 C:\\Users\\ana.abrantes\\Desktop\\projetos\\estagiarios\\estagiarios\\vendor\\laravel\\framework\\src\\Illuminate\\Filesystem\\Filesystem.php(125): Illuminate\\Filesystem\\Filesystem::Illuminate\\Filesystem\\{closure}()
#13 C:\\Users\\ana.abrantes\\Desktop\\projetos\\estagiarios\\estagiarios\\vendor\\laravel\\framework\\src\\Illuminate\\View\\Engines\\PhpEngine.php(58): Illuminate\\Filesystem\\Filesystem->getRequire('C:\\\\Users\\\\ana.ab...', Array)
#14 C:\\Users\\ana.abrantes\\Desktop\\projetos\\estagiarios\\estagiarios\\vendor\\laravel\\framework\\src\\Illuminate\\View\\Engines\\CompilerEngine.php(70): Illuminate\\View\\Engines\\PhpEngine->evaluatePath('C:\\\\Users\\\\ana.ab...', Array)
#15 C:\\Users\\ana.abrantes\\Desktop\\projetos\\estagiarios\\estagiarios\\vendor\\laravel\\framework\\src\\Illuminate\\View\\View.php(195): Illuminate\\View\\Engines\\CompilerEngine->get('C:\\\\Users\\\\ana.ab...', Array)
#16 C:\\Users\\ana.abrantes\\Desktop\\projetos\\estagiarios\\estagiarios\\vendor\\laravel\\framework\\src\\Illuminate\\View\\View.php(178): Illuminate\\View\\View->getContents()
#17 C:\\Users\\ana.abrantes\\Desktop\\projetos\\estagiarios\\estagiarios\\vendor\\laravel\\framework\\src\\Illuminate\\View\\View.php(147): Illuminate\\View\\View->renderContents()
#18 C:\\Users\\ana.abrantes\\Desktop\\projetos\\estagiarios\\estagiarios\\vendor\\laravel\\framework\\src\\Illuminate\\Http\\Response.php(69): Illuminate\\View\\View->render()
#19 C:\\Users\\ana.abrantes\\Desktop\\projetos\\estagiarios\\estagiarios\\vendor\\laravel\\framework\\src\\Illuminate\\Http\\Response.php(35): Illuminate\\Http\\Response->setContent(Object(Illuminate\\View\\View))
#20 C:\\Users\\ana.abrantes\\Desktop\\projetos\\estagiarios\\estagiarios\\vendor\\laravel\\framework\\src\\Illuminate\\Routing\\Router.php(906): Illuminate\\Http\\Response->__construct(Object(Illuminate\\View\\View), 200, Array)
#21 C:\\Users\\ana.abrantes\\Desktop\\projetos\\estagiarios\\estagiarios\\vendor\\laravel\\framework\\src\\Illuminate\\Routing\\Router.php(875): Illuminate\\Routing\\Router::toResponse(Object(Illuminate\\Http\\Request), Object(Illuminate\\View\\View))
#22 C:\\Users\\ana.abrantes\\Desktop\\projetos\\estagiarios\\estagiarios\\vendor\\laravel\\framework\\src\\Illuminate\\Routing\\Router.php(797): Illuminate\\Routing\\Router->prepareResponse(Object(Illuminate\\Http\\Request), Object(Illuminate\\View\\View))
#23 C:\\Users\\ana.abrantes\\Desktop\\projetos\\estagiarios\\estagiarios\\vendor\\laravel\\framework\\src\\Illuminate\\Pipeline\\Pipeline.php(141): Illuminate\\Routing\\Router->Illuminate\\Routing\\{closure}(Object(Illuminate\\Http\\Request))
#24 C:\\Users\\ana.abrantes\\Desktop\\projetos\\estagiarios\\estagiarios\\vendor\\laravel\\framework\\src\\Illuminate\\Routing\\Middleware\\SubstituteBindings.php(50): Illuminate\\Pipeline\\Pipeline->Illuminate\\Pipeline\\{closure}(Object(Illuminate\\Http\\Request))
#25 C:\\Users\\ana.abrantes\\Desktop\\projetos\\estagiarios\\estagiarios\\vendor\\laravel\\framework\\src\\Illuminate\\Pipeline\\Pipeline.php(180): Illuminate\\Routing\\Middleware\\SubstituteBindings->handle(Object(Illuminate\\Http\\Request), Object(Closure))
#26 C:\\Users\\ana.abrantes\\Desktop\\projetos\\estagiarios\\estagiarios\\vendor\\laravel\\framework\\src\\Illuminate\\Foundation\\Http\\Middleware\\VerifyCsrfToken.php(78): Illuminate\\Pipeline\\Pipeline->Illuminate\\Pipeline\\{closure}(Object(Illuminate\\Http\\Request))
#27 C:\\Users\\ana.abrantes\\Desktop\\projetos\\estagiarios\\estagiarios\\vendor\\laravel\\framework\\src\\Illuminate\\Pipeline\\Pipeline.php(180): Illuminate\\Foundation\\Http\\Middleware\\VerifyCsrfToken->handle(Object(Illuminate\\Http\\Request), Object(Closure))
#28 C:\\Users\\ana.abrantes\\Desktop\\projetos\\estagiarios\\estagiarios\\vendor\\laravel\\framework\\src\\Illuminate\\View\\Middleware\\ShareErrorsFromSession.php(49): Illuminate\\Pipeline\\Pipeline->Illuminate\\Pipeline\\{closure}(Object(Illuminate\\Http\\Request))
#29 C:\\Users\\ana.abrantes\\Desktop\\projetos\\estagiarios\\estagiarios\\vendor\\laravel\\framework\\src\\Illuminate\\Pipeline\\Pipeline.php(180): Illuminate\\View\\Middleware\\ShareErrorsFromSession->handle(Object(Illuminate\\Http\\Request), Object(Closure))
#30 C:\\Users\\ana.abrantes\\Desktop\\projetos\\estagiarios\\estagiarios\\vendor\\laravel\\framework\\src\\Illuminate\\Session\\Middleware\\StartSession.php(121): Illuminate\\Pipeline\\Pipeline->Illuminate\\Pipeline\\{closure}(Object(Illuminate\\Http\\Request))
#31 C:\\Users\\ana.abrantes\\Desktop\\projetos\\estagiarios\\estagiarios\\vendor\\laravel\\framework\\src\\Illuminate\\Session\\Middleware\\StartSession.php(64): Illuminate\\Session\\Middleware\\StartSession->handleStatefulRequest(Object(Illuminate\\Http\\Request), Object(Illuminate\\Session\\Store), Object(Closure))
#32 C:\\Users\\ana.abrantes\\Desktop\\projetos\\estagiarios\\estagiarios\\vendor\\laravel\\framework\\src\\Illuminate\\Pipeline\\Pipeline.php(180): Illuminate\\Session\\Middleware\\StartSession->handle(Object(Illuminate\\Http\\Request), Object(Closure))
#33 C:\\Users\\ana.abrantes\\Desktop\\projetos\\estagiarios\\estagiarios\\vendor\\laravel\\framework\\src\\Illuminate\\Cookie\\Middleware\\AddQueuedCookiesToResponse.php(37): Illuminate\\Pipeline\\Pipeline->Illuminate\\Pipeline\\{closure}(Object(Illuminate\\Http\\Request))
#34 C:\\Users\\ana.abrantes\\Desktop\\projetos\\estagiarios\\estagiarios\\vendor\\laravel\\framework\\src\\Illuminate\\Pipeline\\Pipeline.php(180): Illuminate\\Cookie\\Middleware\\AddQueuedCookiesToResponse->handle(Object(Illuminate\\Http\\Request), Object(Closure))
#35 C:\\Users\\ana.abrantes\\Desktop\\projetos\\estagiarios\\estagiarios\\vendor\\laravel\\framework\\src\\Illuminate\\Cookie\\Middleware\\EncryptCookies.php(67): Illuminate\\Pipeline\\Pipeline->Illuminate\\Pipeline\\{closure}(Object(Illuminate\\Http\\Request))
#36 C:\\Users\\ana.abrantes\\Desktop\\projetos\\estagiarios\\estagiarios\\vendor\\laravel\\framework\\src\\Illuminate\\Pipeline\\Pipeline.php(180): Illuminate\\Cookie\\Middleware\\EncryptCookies->handle(Object(Illuminate\\Http\\Request), Object(Closure))
#37 C:\\Users\\ana.abrantes\\Desktop\\projetos\\estagiarios\\estagiarios\\vendor\\laravel\\framework\\src\\Illuminate\\Pipeline\\Pipeline.php(116): Illuminate\\Pipeline\\Pipeline->Illuminate\\Pipeline\\{closure}(Object(Illuminate\\Http\\Request))
#38 C:\\Users\\ana.abrantes\\Desktop\\projetos\\estagiarios\\estagiarios\\vendor\\laravel\\framework\\src\\Illuminate\\Routing\\Router.php(797): Illuminate\\Pipeline\\Pipeline->then(Object(Closure))
#39 C:\\Users\\ana.abrantes\\Desktop\\projetos\\estagiarios\\estagiarios\\vendor\\laravel\\framework\\src\\Illuminate\\Routing\\Router.php(776): Illuminate\\Routing\\Router->runRouteWithinStack(Object(Illuminate\\Routing\\Route), Object(Illuminate\\Http\\Request))
#40 C:\\Users\\ana.abrantes\\Desktop\\projetos\\estagiarios\\estagiarios\\vendor\\laravel\\framework\\src\\Illuminate\\Routing\\Router.php(740): Illuminate\\Routing\\Router->runRoute(Object(Illuminate\\Http\\Request), Object(Illuminate\\Routing\\Route))
#41 C:\\Users\\ana.abrantes\\Desktop\\projetos\\estagiarios\\estagiarios\\vendor\\laravel\\framework\\src\\Illuminate\\Routing\\Router.php(729): Illuminate\\Routing\\Router->dispatchToRoute(Object(Illuminate\\Http\\Request))
#42 C:\\Users\\ana.abrantes\\Desktop\\projetos\\estagiarios\\estagiarios\\vendor\\laravel\\framework\\src\\Illuminate\\Foundation\\Http\\Kernel.php(200): Illuminate\\Routing\\Router->dispatch(Object(Illuminate\\Http\\Request))
#43 C:\\Users\\ana.abrantes\\Desktop\\projetos\\estagiarios\\estagiarios\\vendor\\laravel\\framework\\src\\Illuminate\\Pipeline\\Pipeline.php(141): Illuminate\\Foundation\\Http\\Kernel->Illuminate\\Foundation\\Http\\{closure}(Object(Illuminate\\Http\\Request))
#44 C:\\Users\\ana.abrantes\\Desktop\\projetos\\estagiarios\\estagiarios\\vendor\\laravel\\framework\\src\\Illuminate\\Foundation\\Http\\Middleware\\TransformsRequest.php(21): Illuminate\\Pipeline\\Pipeline->Illuminate\\Pipeline\\{closure}(Object(Illuminate\\Http\\Request))
#45 C:\\Users\\ana.abrantes\\Desktop\\projetos\\estagiarios\\estagiarios\\vendor\\laravel\\framework\\src\\Illuminate\\Foundation\\Http\\Middleware\\ConvertEmptyStringsToNull.php(31): Illuminate\\Foundation\\Http\\Middleware\\TransformsRequest->handle(Object(Illuminate\\Http\\Request), Object(Closure))
#46 C:\\Users\\ana.abrantes\\Desktop\\projetos\\estagiarios\\estagiarios\\vendor\\laravel\\framework\\src\\Illuminate\\Pipeline\\Pipeline.php(180): Illuminate\\Foundation\\Http\\Middleware\\ConvertEmptyStringsToNull->handle(Object(Illuminate\\Http\\Request), Object(Closure))
#47 C:\\Users\\ana.abrantes\\Desktop\\projetos\\estagiarios\\estagiarios\\vendor\\laravel\\framework\\src\\Illuminate\\Foundation\\Http\\Middleware\\TransformsRequest.php(21): Illuminate\\Pipeline\\Pipeline->Illuminate\\Pipeline\\{closure}(Object(Illuminate\\Http\\Request))
#48 C:\\Users\\ana.abrantes\\Desktop\\projetos\\estagiarios\\estagiarios\\vendor\\laravel\\framework\\src\\Illuminate\\Foundation\\Http\\Middleware\\TrimStrings.php(40): Illuminate\\Foundation\\Http\\Middleware\\TransformsRequest->handle(Object(Illuminate\\Http\\Request), Object(Closure))
#49 C:\\Users\\ana.abrantes\\Desktop\\projetos\\estagiarios\\estagiarios\\vendor\\laravel\\framework\\src\\Illuminate\\Pipeline\\Pipeline.php(180): Illuminate\\Foundation\\Http\\Middleware\\TrimStrings->handle(Object(Illuminate\\Http\\Request), Object(Closure))
#50 C:\\Users\\ana.abrantes\\Desktop\\projetos\\estagiarios\\estagiarios\\vendor\\laravel\\framework\\src\\Illuminate\\Foundation\\Http\\Middleware\\ValidatePostSize.php(27): Illuminate\\Pipeline\\Pipeline->Illuminate\\Pipeline\\{closure}(Object(Illuminate\\Http\\Request))
#51 C:\\Users\\ana.abrantes\\Desktop\\projetos\\estagiarios\\estagiarios\\vendor\\laravel\\framework\\src\\Illuminate\\Pipeline\\Pipeline.php(180): Illuminate\\Foundation\\Http\\Middleware\\ValidatePostSize->handle(Object(Illuminate\\Http\\Request), Object(Closure))
#52 C:\\Users\\ana.abrantes\\Desktop\\projetos\\estagiarios\\estagiarios\\vendor\\laravel\\framework\\src\\Illuminate\\Foundation\\Http\\Middleware\\PreventRequestsDuringMaintenance.php(86): Illuminate\\Pipeline\\Pipeline->Illuminate\\Pipeline\\{closure}(Object(Illuminate\\Http\\Request))
#53 C:\\Users\\ana.abrantes\\Desktop\\projetos\\estagiarios\\estagiarios\\vendor\\laravel\\framework\\src\\Illuminate\\Pipeline\\Pipeline.php(180): Illuminate\\Foundation\\Http\\Middleware\\PreventRequestsDuringMaintenance->handle(Object(Illuminate\\Http\\Request), Object(Closure))
#54 C:\\Users\\ana.abrantes\\Desktop\\projetos\\estagiarios\\estagiarios\\vendor\\laravel\\framework\\src\\Illuminate\\Http\\Middleware\\HandleCors.php(49): Illuminate\\Pipeline\\Pipeline->Illuminate\\Pipeline\\{closure}(Object(Illuminate\\Http\\Request))
#55 C:\\Users\\ana.abrantes\\Desktop\\projetos\\estagiarios\\estagiarios\\vendor\\laravel\\framework\\src\\Illuminate\\Pipeline\\Pipeline.php(180): Illuminate\\Http\\Middleware\\HandleCors->handle(Object(Illuminate\\Http\\Request), Object(Closure))
#56 C:\\Users\\ana.abrantes\\Desktop\\projetos\\estagiarios\\estagiarios\\vendor\\laravel\\framework\\src\\Illuminate\\Http\\Middleware\\TrustProxies.php(39): Illuminate\\Pipeline\\Pipeline->Illuminate\\Pipeline\\{closure}(Object(Illuminate\\Http\\Request))
#57 C:\\Users\\ana.abrantes\\Desktop\\projetos\\estagiarios\\estagiarios\\vendor\\laravel\\framework\\src\\Illuminate\\Pipeline\\Pipeline.php(180): Illuminate\\Http\\Middleware\\TrustProxies->handle(Object(Illuminate\\Http\\Request), Object(Closure))
#58 C:\\Users\\ana.abrantes\\Desktop\\projetos\\estagiarios\\estagiarios\\vendor\\laravel\\framework\\src\\Illuminate\\Pipeline\\Pipeline.php(116): Illuminate\\Pipeline\\Pipeline->Illuminate\\Pipeline\\{closure}(Object(Illuminate\\Http\\Request))
#59 C:\\Users\\ana.abrantes\\Desktop\\projetos\\estagiarios\\estagiarios\\vendor\\laravel\\framework\\src\\Illuminate\\Foundation\\Http\\Kernel.php(175): Illuminate\\Pipeline\\Pipeline->then(Object(Closure))
#60 C:\\Users\\ana.abrantes\\Desktop\\projetos\\estagiarios\\estagiarios\\vendor\\laravel\\framework\\src\\Illuminate\\Foundation\\Http\\Kernel.php(144): Illuminate\\Foundation\\Http\\Kernel->sendRequestThroughRouter(Object(Illuminate\\Http\\Request))
#61 C:\\Users\\ana.abrantes\\Desktop\\projetos\\estagiarios\\estagiarios\\public\\index.php(51): Illuminate\\Foundation\\Http\\Kernel->handle(Object(Illuminate\\Http\\Request))
#62 C:\\Users\\ana.abrantes\\Desktop\\projetos\\estagiarios\\estagiarios\\vendor\\laravel\\framework\\src\\Illuminate\\Foundation\\resources\\server.php(16): require_once('C:\\\\Users\\\\ana.ab...')
#63 {main}
"} 
[2023-06-20 14:49:13] local.ERROR: htmlspecialchars(): Argument #1 ($string) must be of type string, array given {"view":{"view":"C:\\Users\\ana.abrantes\\Desktop\\projetos\\estagiarios\\estagiarios\\resources\\views\\components\\layout.blade.php","data":{"errors":"<pre class=sf-dump id=sf-dump-954634766 data-indent-pad=\"  \"><span class=sf-dump-note>Illuminate\\Support\\ViewErrorBag</span> {<a class=sf-dump-ref>#280</a><samp data-depth=1 class=sf-dump-expanded>
  #<span class=sf-dump-protected title=\"Protected property\">bags</span>: []
</samp>}
</pre><script>Sfdump(\"sf-dump-954634766\", {\"maxDepth\":3,\"maxStringLength\":160})</script>
","attributes":"<pre class=sf-dump id=sf-dump-2111057016 data-indent-pad=\"  \"><span class=sf-dump-note>Illuminate\\View\\ComponentAttributeBag</span> {<a class=sf-dump-ref>#1243</a><samp data-depth=1 class=sf-dump-expanded>
  #<span class=sf-dump-protected title=\"Protected property\">attributes</span>: []
</samp>}
</pre><script>Sfdump(\"sf-dump-2111057016\", {\"maxDepth\":3,\"maxStringLength\":160})</script>
","slot":"<pre class=sf-dump id=sf-dump-1399639641 data-indent-pad=\"  \"><span class=sf-dump-note>Illuminate\\Support\\HtmlString</span> {<a class=sf-dump-ref>#1253</a><samp data-depth=1 class=sf-dump-expanded>
  #<span class=sf-dump-protected title=\"Protected property\">html</span>: \"\"\"
    <span class=sf-dump-str title=\"6494 characters\">&lt;div&gt;<span class=\"sf-dump-default sf-dump-ns\">\\n</span></span>
    <span class=sf-dump-str title=\"6494 characters\"><span class=\"sf-dump-default sf-dump-ns\">\\n</span></span>
    <span class=sf-dump-str title=\"6494 characters\">        &lt;div class=&quot;form p-2 &quot;&gt;<span class=\"sf-dump-default sf-dump-ns\">\\n</span></span>
    <span class=sf-dump-str title=\"6494 characters\">            &lt;div class=&quot;flex&quot;&gt;<span class=\"sf-dump-default sf-dump-ns\">\\n</span></span>
    <span class=sf-dump-str title=\"6494 characters\">                &lt;h2 class=&quot;font-bold text-lg p-2&quot;&gt;Lista de estagi&#225;rios&lt;/h2&gt;<span class=\"sf-dump-default sf-dump-ns\">\\n</span></span>
    <span class=sf-dump-str title=\"6494 characters\">                &lt;a class=&quot;bg-[#002D4B] text-white font-bold rounded p-2 mx-2 my-3 ml-auto&quot;<span class=\"sf-dump-default sf-dump-ns\">\\n</span></span>
    <span class=sf-dump-str title=\"6494 characters\">                    href=&quot;http://127.0.0.1:8000/create&quot;&gt;Cadastrar novo&lt;/a&gt;<span class=\"sf-dump-default sf-dump-ns\">\\n</span></span>
    <span class=sf-dump-str title=\"6494 characters\">            &lt;/div&gt;<span class=\"sf-dump-default sf-dump-ns\">\\n</span></span>
    <span class=sf-dump-str title=\"6494 characters\"><span class=\"sf-dump-default sf-dump-ns\">\\n</span></span>
    <span class=sf-dump-str title=\"6494 characters\">            &lt;div class=&quot;overflow-x-auto&quot;&gt;<span class=\"sf-dump-default sf-dump-ns\">\\n</span></span>
    <span class=sf-dump-str title=\"6494 characters\">                &lt;table class=&quot;table table-zebra w-full&quot;&gt;<span class=\"sf-dump-default sf-dump-ns\">\\n</span></span>
    <span class=sf-dump-str title=\"6494 characters\">                    &lt;!-- head --&gt;<span class=\"sf-dump-default sf-dump-ns\">\\n</span></span>
    <span class=sf-dump-str title=\"6494 characters\">                    &lt;thead&gt;<span class=\"sf-dump-default sf-dump-ns\">\\n</span></span>
    <span class=sf-dump-str title=\"6494 characters\">                        &lt;tr&gt;<span class=\"sf-dump-default sf-dump-ns\">\\n</span></span>
    <span class=sf-dump-str title=\"6494 characters\"><span class=\"sf-dump-default sf-dump-ns\">\\n</span></span>
    <span class=sf-dump-str title=\"6494 characters\">                            &lt;th&gt;Nome&lt;/th&gt;<span class=\"sf-dump-default sf-dump-ns\">\\n</span></span>
    <span class=sf-dump-str title=\"6494 characters\">                            &lt;th&gt;Faculdade&lt;/th&gt;<span class=\"sf-dump-default sf-dump-ns\">\\n</span></span>
    <span class=sf-dump-str title=\"6494 characters\">                            &lt;th&gt;Curso&lt;/th&gt;<span class=\"sf-dump-default sf-dump-ns\">\\n</span></span>
    <span class=sf-dump-str title=\"6494 characters\">                            &lt;th&gt;In&#237;cio contrato&lt;/th&gt;<span class=\"sf-dump-default sf-dump-ns\">\\n</span></span>
    <span class=sf-dump-str title=\"6494 characters\">                            &lt;th&gt;Fim contrato&lt;/th&gt;<span class=\"sf-dump-default sf-dump-ns\">\\n</span></span>
    <span class=sf-dump-str title=\"6494 characters\">                            &lt;th&gt;Anivers&#225;rio&lt;/th&gt;<span class=\"sf-dump-default sf-dump-ns\">\\n</span></span>
    <span class=sf-dump-str title=\"6494 characters\">                            &lt;th&gt;A&#231;&#245;es&lt;/th&gt;<span class=\"sf-dump-default sf-dump-ns\">\\n</span></span>
    <span class=sf-dump-str title=\"6494 characters\">                        &lt;/tr&gt;<span class=\"sf-dump-default sf-dump-ns\">\\n</span></span>
    <span class=sf-dump-str title=\"6494 characters\">                    &lt;/thead&gt;<span class=\"sf-dump-default sf-dump-ns\">\\n</span></span>
    <span class=sf-dump-str title=\"6494 characters\">                    &lt;tbody&gt;<span class=\"sf-dump-default sf-dump-ns\">\\n</span></span>
    <span class=sf-dump-str title=\"6494 characters\">                                                    &lt;tr&gt;<span class=\"sf-dump-default sf-dump-ns\">\\n</span></span>
    <span class=sf-dump-str title=\"6494 characters\">                                &lt;th&gt;<span class=\"sf-dump-default sf-dump-ns\">\\n</span></span>
    <span class=sf-dump-str title=\"6494 characters\"><span class=\"sf-dump-default sf-dump-ns\">\\n</span></span>
    <span class=sf-dump-str title=\"6494 characters\">                                    &lt;!-- The button to open modal --&gt;<span class=\"sf-dump-default sf-dump-ns\">\\n</span></span>
    <span class=sf-dump-str title=\"6494 characters\">                                    &lt;label for=&quot;modal-detalhe-estagiario-1&quot; class=&quot;btn&quot;&gt;<span class=\"sf-dump-default sf-dump-ns\">\\n</span></span>
    <span class=sf-dump-str title=\"6494 characters\">                                        &lt;svg xmlns=&quot;http://www.w3.org/2000/svg&quot; fill=&quot;none&quot; viewBox=&quot;0 0 24 24&quot;<span class=\"sf-dump-default sf-dump-ns\">\\n</span></span>
    <span class=sf-dump-str title=\"6494 characters\">                                            stroke-width=&quot;1.5&quot; stroke=&quot;currentColor&quot; class=&quot;w-6 h-6 mr-2 inline&quot;&gt;<span class=\"sf-dump-default sf-dump-ns\">\\n</span></span>
    <span class=sf-dump-str title=\"6494 characters\">                                            &lt;path stroke-linecap=&quot;round&quot; stroke-linejoin=&quot;round&quot;<span class=\"sf-dump-default sf-dump-ns\">\\n</span></span>
    <span class=sf-dump-str title=\"6494 characters\">                                                d=&quot;M15 9h3.75M15 12h3.75M15 15h3.75M4.5 19.5h15a2.25 2.25 0 002.25-2.25V6.75A2.25 2.25 0 0019.5 4.5h-15a2.25 2.25 0 00-2.25 2.25v10.5A2.25 2.25 0 004.5 19.5zm6-10.125a1.875 1.875 0 11-3.75 0 1.875 1.875 0 013.75 0zm1.294 6.336a6.721 6.721 0 01-3.17.789 6.721 6.721 0 01-3.168-.789 3.376 3.376 0 016.338 0z&quot; /&gt;<span class=\"sf-dump-default sf-dump-ns\">\\n</span></span>
    <span class=sf-dump-str title=\"6494 characters\">                                        &lt;/svg&gt;<span class=\"sf-dump-default sf-dump-ns\">\\n</span></span>
    <span class=sf-dump-str title=\"6494 characters\"><span class=\"sf-dump-default sf-dump-ns\">\\n</span></span>
    <span class=sf-dump-str title=\"6494 characters\">                                        Ana Luiza Borba de Abrantes<span class=\"sf-dump-default sf-dump-ns\">\\n</span></span>
    <span class=sf-dump-str title=\"6494 characters\">                                    &lt;/label&gt;<span class=\"sf-dump-default sf-dump-ns\">\\n</span></span>
    <span class=sf-dump-str title=\"6494 characters\"><span class=\"sf-dump-default sf-dump-ns\">\\n</span></span>
    <span class=sf-dump-str title=\"6494 characters\">                                &lt;/th&gt;<span class=\"sf-dump-default sf-dump-ns\">\\n</span></span>
    <span class=sf-dump-str title=\"6494 characters\">                                &lt;td&gt;UnB&lt;/td&gt;<span class=\"sf-dump-default sf-dump-ns\">\\n</span></span>
    <span class=sf-dump-str title=\"6494 characters\">                                &lt;td&gt;Engenharia&lt;/td&gt;<span class=\"sf-dump-default sf-dump-ns\">\\n</span></span>
    <span class=sf-dump-str title=\"6494 characters\">                                &lt;td&gt;2022-11-11&lt;/td&gt;<span class=\"sf-dump-default sf-dump-ns\">\\n</span></span>
    <span class=sf-dump-str title=\"6494 characters\">                                &lt;td&gt;2023-10-10&lt;/td&gt;<span class=\"sf-dump-default sf-dump-ns\">\\n</span></span>
    <span class=sf-dump-str title=\"6494 characters\">                                &lt;td&gt;2002-05-31&lt;/td&gt;<span class=\"sf-dump-default sf-dump-ns\">\\n</span></span>
    <span class=sf-dump-str title=\"6494 characters\">                                &lt;td&gt;<span class=\"sf-dump-default sf-dump-ns\">\\n</span></span>
    <span class=sf-dump-str title=\"6494 characters\">                                    &lt;a href=&quot;http://127.0.0.1:8000/edit/1&quot;&gt;&lt;svg<span class=\"sf-dump-default sf-dump-ns\">\\n</span></span>
    <span class=sf-dump-str title=\"6494 characters\">                                            xmlns=&quot;http://www.w3.org/2000/svg&quot; fill=&quot;none&quot; viewBox=&quot;0 0 24 24&quot;<span class=\"sf-dump-default sf-dump-ns\">\\n</span></span>
    <span class=sf-dump-str title=\"6494 characters\">                                            stroke-width=&quot;1.5&quot; stroke=&quot;currentColor&quot; class=&quot;w-6 h-6 inline&quot;&gt;<span class=\"sf-dump-default sf-dump-ns\">\\n</span></span>
    <span class=sf-dump-str title=\"6494 characters\">                                            &lt;path stroke-linecap=&quot;round&quot; stroke-linejoin=&quot;round&quot;<span class=\"sf-dump-default sf-dump-ns\">\\n</span></span>
    <span class=sf-dump-str title=\"6494 characters\">                                                d=&quot;M16.862 4.487l1.687-1.688a1.875 1.875 0 112.652 2.652L10.582 16.07a4.5 4.5 0 01-1.897 1.13L6 18l.8-2.685a4.5 4.5 0 011.13-1.897l8.932-8.931zm0 0L19.5 7.125M18 14v4.75A2.25 2.25 0 0115.75 21H5.25A2.25 2.25 0 013 18.75V8.25A2.25 2.25 0 015.25 6H10&quot; /&gt;<span class=\"sf-dump-default sf-dump-ns\">\\n</span></span>
    <span class=sf-dump-str title=\"6494 characters\">                                    &lt;/svg&gt;&lt;/a&gt;<span class=\"sf-dump-default sf-dump-ns\">\\n</span></span>
    <span class=sf-dump-str title=\"6494 characters\">                                           &lt;!-- The button to open modal --&gt;<span class=\"sf-dump-default sf-dump-ns\">\\n</span></span>
    <span class=sf-dump-str title=\"6494 characters\">                                    &lt;label for=&quot;my-modal&quot; class=&quot;btn btn-xs btn-circle btn-outline rounded-full&quot;&gt;x&lt;/label&gt;<span class=\"sf-dump-default sf-dump-ns\">\\n</span></span>
    <span class=sf-dump-str title=\"6494 characters\"><span class=\"sf-dump-default sf-dump-ns\">\\n</span></span>
    <span class=sf-dump-str title=\"6494 characters\">                                    &lt;!-- Put this part before &lt;/body&gt; tag --&gt;<span class=\"sf-dump-default sf-dump-ns\">\\n</span></span>
    <span class=sf-dump-str title=\"6494 characters\">                                    &lt;input type=&quot;checkbox&quot; id=&quot;my-modal&quot; class=&quot;modal-toggle&quot; /&gt;<span class=\"sf-dump-default sf-dump-ns\">\\n</span></span>
    <span class=sf-dump-str title=\"6494 characters\"><span class=\"sf-dump-default sf-dump-ns\">\\n</span></span>
    <span class=sf-dump-str title=\"6494 characters\">                                        &lt;div class=&quot;modal&quot;&gt;<span class=\"sf-dump-default sf-dump-ns\">\\n</span></span>
    <span class=sf-dump-str title=\"6494 characters\">                                        &lt;div class=&quot;modal-box&quot;&gt;<span class=\"sf-dump-default sf-dump-ns\">\\n</span></span>
    <span class=sf-dump-str title=\"6494 characters\">                                            &lt;h3 class=&quot;font-bold text-lg&quot;&gt;Excluir&lt;/h3&gt;<span class=\"sf-dump-default sf-dump-ns\">\\n</span></span>
    <span class=sf-dump-str title=\"6494 characters\">                                            &lt;p class=&quot;py-4&quot;&gt;Tem certeza que deseja excluir esse usu&#225;rio?&lt;/p&gt;<span class=\"sf-dump-default sf-dump-ns\">\\n</span></span>
    <span class=sf-dump-str title=\"6494 characters\">                                            &lt;div class=&quot;modal-action&quot;&gt;<span class=\"sf-dump-default sf-dump-ns\">\\n</span></span>
    <span class=sf-dump-str title=\"6494 characters\">                                                &lt;form  action=&quot;http://127.0.0.1:8000/delete/1&quot; method=&quot;POST&quot;&gt;<span class=\"sf-dump-default sf-dump-ns\">\\n</span></span>
    <span class=sf-dump-str title=\"6494 characters\">                                                    &lt;input type=&quot;hidden&quot; name=&quot;_method&quot; value=&quot;DELETE&quot;&gt;<span class=\"sf-dump-default sf-dump-ns\">\\n</span></span>
    <span class=sf-dump-str title=\"6494 characters\">                                                    &lt;input type=&quot;hidden&quot; name=&quot;_token&quot; value=&quot;FQfO5xlvUwBlexs8x9R69fkE7K85op7PrrUmOZjo&quot;&gt;<span class=\"sf-dump-default sf-dump-ns\">\\n</span></span>
    <span class=sf-dump-str title=\"6494 characters\">                                                    &lt;button class=&quot;btn btn-outline btn-success&quot; type=&quot;submit&quot;&gt;Sim&lt;/button&gt;<span class=\"sf-dump-default sf-dump-ns\">\\n</span></span>
    <span class=sf-dump-str title=\"6494 characters\">                                                &lt;/form&gt;<span class=\"sf-dump-default sf-dump-ns\">\\n</span></span>
    <span class=sf-dump-str title=\"6494 characters\">                                                &lt;a role=&quot;button&quot;  href=&quot;http://127.0.0.1:8000&quot; class=&quot;btn btn-ghost&quot;&gt;N&#227;o&lt;/a&gt;<span class=\"sf-dump-default sf-dump-ns\">\\n</span></span>
    <span class=sf-dump-str title=\"6494 characters\">                                            &lt;/div&gt;<span class=\"sf-dump-default sf-dump-ns\">\\n</span></span>
    <span class=sf-dump-str title=\"6494 characters\">                                        &lt;/div&gt;<span class=\"sf-dump-default sf-dump-ns\">\\n</span></span>
    <span class=sf-dump-str title=\"6494 characters\">                                        &lt;/div&gt;<span class=\"sf-dump-default sf-dump-ns\">\\n</span></span>
    <span class=sf-dump-str title=\"6494 characters\"><span class=\"sf-dump-default sf-dump-ns\">\\n</span></span>
    <span class=sf-dump-str title=\"6494 characters\"><span class=\"sf-dump-default sf-dump-ns\">\\n</span></span>
    <span class=sf-dump-str title=\"6494 characters\"><span class=\"sf-dump-default sf-dump-ns\">\\n</span></span>
    <span class=sf-dump-str title=\"6494 characters\"><span class=\"sf-dump-default sf-dump-ns\">\\n</span></span>
    <span class=sf-dump-str title=\"6494 characters\">                                &lt;/td&gt;<span class=\"sf-dump-default sf-dump-ns\">\\n</span></span>
    <span class=sf-dump-str title=\"6494 characters\"><span class=\"sf-dump-default sf-dump-ns\">\\n</span></span>
    <span class=sf-dump-str title=\"6494 characters\">                            &lt;/tr&gt;<span class=\"sf-dump-default sf-dump-ns\">\\n</span></span>
    <span class=sf-dump-str title=\"6494 characters\"><span class=\"sf-dump-default sf-dump-ns\">\\n</span></span>
    <span class=sf-dump-str title=\"6494 characters\"><span class=\"sf-dump-default sf-dump-ns\">\\n</span></span>
    <span class=sf-dump-str title=\"6494 characters\">                            &lt;!-- Put this part before &lt;/body&gt; tag --&gt;<span class=\"sf-dump-default sf-dump-ns\">\\n</span></span>
    <span class=sf-dump-str title=\"6494 characters\">                            &lt;input type=&quot;checkbox&quot; id=&quot;modal-detalhe-estagiario-1&quot;<span class=\"sf-dump-default sf-dump-ns\">\\n</span></span>
    <span class=sf-dump-str title=\"6494 characters\">                                class=&quot;modal-toggle&quot; /&gt;<span class=\"sf-dump-default sf-dump-ns\">\\n</span></span>
    <span class=sf-dump-str title=\"6494 characters\">                            &lt;div class=&quot;modal&quot;&gt;<span class=\"sf-dump-default sf-dump-ns\">\\n</span></span>
    <span class=sf-dump-str title=\"6494 characters\">                                &lt;div class=&quot;modal-box w-6/12 max-w-5xl&quot;&gt;<span class=\"sf-dump-default sf-dump-ns\">\\n</span></span>
    <span class=sf-dump-str title=\"6494 characters\">                                    &lt;h3 class=&quot;font-bold text-lg&quot;&gt;Ana Luiza Borba de Abrantes&lt;/h3&gt;<span class=\"sf-dump-default sf-dump-ns\">\\n</span></span>
    <span class=sf-dump-str title=\"6494 characters\">                                    &lt;p class=&quot;py-4&quot;&gt;Inicio de contrato: 2022-11-11&lt;/p&gt;<span class=\"sf-dump-default sf-dump-ns\">\\n</span></span>
    <span class=sf-dump-str title=\"6494 characters\">                                    &lt;p class=&quot;py-4&quot;&gt;Fim de contrato: 2023-10-10&lt;/p&gt;<span class=\"sf-dump-default sf-dump-ns\">\\n</span></span>
    <span class=sf-dump-str title=\"6494 characters\">                                    &lt;p class=&quot;py-4&quot;&gt;Faculdade: UnB&lt;/p&gt;<span class=\"sf-dump-default sf-dump-ns\">\\n</span></span>
    <span class=sf-dump-str title=\"6494 characters\">                                    &lt;p class=&quot;py-4&quot;&gt;CNPJ Faculdade: 09809899987844&lt;/p&gt;<span class=\"sf-dump-default sf-dump-ns\">\\n</span></span>
    <span class=sf-dump-str title=\"6494 characters\">                                    &lt;p class=&quot;py-4&quot;&gt;Curso: Engenharia&lt;/p&gt;<span class=\"sf-dump-default sf-dump-ns\">\\n</span></span>
    <span class=sf-dump-str title=\"6494 characters\">                                    &lt;p class=&quot;py-4&quot;&gt;Expectativa de forma&#231;&#227;o: 2025-07-01<span class=\"sf-dump-default sf-dump-ns\">\\n</span></span>
    <span class=sf-dump-str title=\"6494 characters\">                                    &lt;/p&gt;<span class=\"sf-dump-default sf-dump-ns\">\\n</span></span>
    <span class=sf-dump-str title=\"6494 characters\">                                    &lt;p class=&quot;py-4&quot;&gt;Data de nascimento: 2002-05-31&lt;/p&gt;<span class=\"sf-dump-default sf-dump-ns\">\\n</span></span>
    <span class=sf-dump-str title=\"6494 characters\">                                    &lt;p class=&quot;py-4&quot;&gt;Telefone: 61992176224&lt;/p&gt;<span class=\"sf-dump-default sf-dump-ns\">\\n</span></span>
    <span class=sf-dump-str title=\"6494 characters\">                                    &lt;p class=&quot;py-4&quot;&gt;CPF: 08308072178&lt;/p&gt;<span class=\"sf-dump-default sf-dump-ns\">\\n</span></span>
    <span class=sf-dump-str title=\"6494 characters\">                                    &lt;p class=&quot;py-4&quot;&gt;Email: analuizaabr4@gmail.com&lt;/p&gt;<span class=\"sf-dump-default sf-dump-ns\">\\n</span></span>
    <span class=sf-dump-str title=\"6494 characters\">                                    &lt;div class=&quot;modal-action&quot;&gt;<span class=\"sf-dump-default sf-dump-ns\">\\n</span></span>
    <span class=sf-dump-str title=\"6494 characters\">                                        &lt;label for=&quot;modal-detalhe-estagiario-1&quot;<span class=\"sf-dump-default sf-dump-ns\">\\n</span></span>
    <span class=sf-dump-str title=\"6494 characters\">                                            class=&quot;btn&quot;&gt;Fechar&lt;/label&gt;<span class=\"sf-dump-default sf-dump-ns\">\\n</span></span>
    <span class=sf-dump-str title=\"6494 characters\">                                    &lt;/div&gt;<span class=\"sf-dump-default sf-dump-ns\">\\n</span></span>
    <span class=sf-dump-str title=\"6494 characters\">                                &lt;/div&gt;<span class=\"sf-dump-default sf-dump-ns\">\\n</span></span>
    <span class=sf-dump-str title=\"6494 characters\">                            &lt;/div&gt;<span class=\"sf-dump-default sf-dump-ns\">\\n</span></span>
    <span class=sf-dump-str title=\"6494 characters\">                                            &lt;/tbody&gt;<span class=\"sf-dump-default sf-dump-ns\">\\n</span></span>
    <span class=sf-dump-str title=\"6494 characters\">                &lt;/table&gt;<span class=\"sf-dump-default sf-dump-ns\">\\n</span></span>
    <span class=sf-dump-str title=\"6494 characters\">            &lt;/div&gt;<span class=\"sf-dump-default sf-dump-ns\">\\n</span></span>
    <span class=sf-dump-str title=\"6494 characters\"><span class=\"sf-dump-default sf-dump-ns\">\\n</span></span>
    <span class=sf-dump-str title=\"6494 characters\">        &lt;/div&gt;<span class=\"sf-dump-default sf-dump-ns\">\\n</span></span>
    <span class=sf-dump-str title=\"6494 characters\"><span class=\"sf-dump-default sf-dump-ns\">\\n</span></span>
    <span class=sf-dump-str title=\"6494 characters\">    &lt;/div&gt;</span>
    \"\"\"
</samp>}
</pre><script>Sfdump(\"sf-dump-1399639641\", {\"maxDepth\":3,\"maxStringLength\":160})</script>
","__laravel_slots":"<pre class=sf-dump id=sf-dump-417453865 data-indent-pad=\"  \"><span class=sf-dump-note>array:1</span> [<samp data-depth=1 class=sf-dump-expanded>
  \"<span class=sf-dump-key>__default</span>\" => <span class=sf-dump-note title=\"Illuminate\\Support\\HtmlString
\"><span class=\"sf-dump-ellipsis sf-dump-ellipsis-note\">Illuminate\\Support</span><span class=\"sf-dump-ellipsis sf-dump-ellipsis-note\">\\</span>HtmlString</span> {<a class=sf-dump-ref>#1253</a><samp data-depth=2 class=sf-dump-compact>
    #<span class=sf-dump-protected title=\"Protected property\">html</span>: \"\"\"
      <span class=sf-dump-str title=\"6494 characters\">&lt;div&gt;<span class=\"sf-dump-default sf-dump-ns\">\\n</span></span>
      <span class=sf-dump-str title=\"6494 characters\"><span class=\"sf-dump-default sf-dump-ns\">\\n</span></span>
      <span class=sf-dump-str title=\"6494 characters\">        &lt;div class=&quot;form p-2 &quot;&gt;<span class=\"sf-dump-default sf-dump-ns\">\\n</span></span>
      <span class=sf-dump-str title=\"6494 characters\">            &lt;div class=&quot;flex&quot;&gt;<span class=\"sf-dump-default sf-dump-ns\">\\n</span></span>
      <span class=sf-dump-str title=\"6494 characters\">                &lt;h2 class=&quot;font-bold text-lg p-2&quot;&gt;Lista de estagi&#225;rios&lt;/h2&gt;<span class=\"sf-dump-default sf-dump-ns\">\\n</span></span>
      <span class=sf-dump-str title=\"6494 characters\">                &lt;a class=&quot;bg-[#002D4B] text-white font-bold rounded p-2 mx-2 my-3 ml-auto&quot;<span class=\"sf-dump-default sf-dump-ns\">\\n</span></span>
      <span class=sf-dump-str title=\"6494 characters\">                    href=&quot;http://127.0.0.1:8000/create&quot;&gt;Cadastrar novo&lt;/a&gt;<span class=\"sf-dump-default sf-dump-ns\">\\n</span></span>
      <span class=sf-dump-str title=\"6494 characters\">            &lt;/div&gt;<span class=\"sf-dump-default sf-dump-ns\">\\n</span></span>
      <span class=sf-dump-str title=\"6494 characters\"><span class=\"sf-dump-default sf-dump-ns\">\\n</span></span>
      <span class=sf-dump-str title=\"6494 characters\">            &lt;div class=&quot;overflow-x-auto&quot;&gt;<span class=\"sf-dump-default sf-dump-ns\">\\n</span></span>
      <span class=sf-dump-str title=\"6494 characters\">                &lt;table class=&quot;table table-zebra w-full&quot;&gt;<span class=\"sf-dump-default sf-dump-ns\">\\n</span></span>
      <span class=sf-dump-str title=\"6494 characters\">                    &lt;!-- head --&gt;<span class=\"sf-dump-default sf-dump-ns\">\\n</span></span>
      <span class=sf-dump-str title=\"6494 characters\">                    &lt;thead&gt;<span class=\"sf-dump-default sf-dump-ns\">\\n</span></span>
      <span class=sf-dump-str title=\"6494 characters\">                        &lt;tr&gt;<span class=\"sf-dump-default sf-dump-ns\">\\n</span></span>
      <span class=sf-dump-str title=\"6494 characters\"><span class=\"sf-dump-default sf-dump-ns\">\\n</span></span>
      <span class=sf-dump-str title=\"6494 characters\">                            &lt;th&gt;Nome&lt;/th&gt;<span class=\"sf-dump-default sf-dump-ns\">\\n</span></span>
      <span class=sf-dump-str title=\"6494 characters\">                            &lt;th&gt;Faculdade&lt;/th&gt;<span class=\"sf-dump-default sf-dump-ns\">\\n</span></span>
      <span class=sf-dump-str title=\"6494 characters\">                            &lt;th&gt;Curso&lt;/th&gt;<span class=\"sf-dump-default sf-dump-ns\">\\n</span></span>
      <span class=sf-dump-str title=\"6494 characters\">                            &lt;th&gt;In&#237;cio contrato&lt;/th&gt;<span class=\"sf-dump-default sf-dump-ns\">\\n</span></span>
      <span class=sf-dump-str title=\"6494 characters\">                            &lt;th&gt;Fim contrato&lt;/th&gt;<span class=\"sf-dump-default sf-dump-ns\">\\n</span></span>
      <span class=sf-dump-str title=\"6494 characters\">                            &lt;th&gt;Anivers&#225;rio&lt;/th&gt;<span class=\"sf-dump-default sf-dump-ns\">\\n</span></span>
      <span class=sf-dump-str title=\"6494 characters\">                            &lt;th&gt;A&#231;&#245;es&lt;/th&gt;<span class=\"sf-dump-default sf-dump-ns\">\\n</span></span>
      <span class=sf-dump-str title=\"6494 characters\">                        &lt;/tr&gt;<span class=\"sf-dump-default sf-dump-ns\">\\n</span></span>
      <span class=sf-dump-str title=\"6494 characters\">                    &lt;/thead&gt;<span class=\"sf-dump-default sf-dump-ns\">\\n</span></span>
      <span class=sf-dump-str title=\"6494 characters\">                    &lt;tbody&gt;<span class=\"sf-dump-default sf-dump-ns\">\\n</span></span>
      <span class=sf-dump-str title=\"6494 characters\">                                                    &lt;tr&gt;<span class=\"sf-dump-default sf-dump-ns\">\\n</span></span>
      <span class=sf-dump-str title=\"6494 characters\">                                &lt;th&gt;<span class=\"sf-dump-default sf-dump-ns\">\\n</span></span>
      <span class=sf-dump-str title=\"6494 characters\"><span class=\"sf-dump-default sf-dump-ns\">\\n</span></span>
      <span class=sf-dump-str title=\"6494 characters\">                                    &lt;!-- The button to open modal --&gt;<span class=\"sf-dump-default sf-dump-ns\">\\n</span></span>
      <span class=sf-dump-str title=\"6494 characters\">                                    &lt;label for=&quot;modal-detalhe-estagiario-1&quot; class=&quot;btn&quot;&gt;<span class=\"sf-dump-default sf-dump-ns\">\\n</span></span>
      <span class=sf-dump-str title=\"6494 characters\">                                        &lt;svg xmlns=&quot;http://www.w3.org/2000/svg&quot; fill=&quot;none&quot; viewBox=&quot;0 0 24 24&quot;<span class=\"sf-dump-default sf-dump-ns\">\\n</span></span>
      <span class=sf-dump-str title=\"6494 characters\">                                            stroke-width=&quot;1.5&quot; stroke=&quot;currentColor&quot; class=&quot;w-6 h-6 mr-2 inline&quot;&gt;<span class=\"sf-dump-default sf-dump-ns\">\\n</span></span>
      <span class=sf-dump-str title=\"6494 characters\">                                            &lt;path stroke-linecap=&quot;round&quot; stroke-linejoin=&quot;round&quot;<span class=\"sf-dump-default sf-dump-ns\">\\n</span></span>
      <span class=sf-dump-str title=\"6494 characters\">                                                d=&quot;M15 9h3.75M15 12h3.75M15 15h3.75M4.5 19.5h15a2.25 2.25 0 002.25-2.25V6.75A2.25 2.25 0 0019.5 4.5h-15a2.25 2.25 0 00-2.25 2.25v10.5A2.25 2.25 0 004.5 19.5zm6-10.125a1.875 1.875 0 11-3.75 0 1.875 1.875 0 013.75 0zm1.294 6.336a6.721 6.721 0 01-3.17.789 6.721 6.721 0 01-3.168-.789 3.376 3.376 0 016.338 0z&quot; /&gt;<span class=\"sf-dump-default sf-dump-ns\">\\n</span></span>
      <span class=sf-dump-str title=\"6494 characters\">                                        &lt;/svg&gt;<span class=\"sf-dump-default sf-dump-ns\">\\n</span></span>
      <span class=sf-dump-str title=\"6494 characters\"><span class=\"sf-dump-default sf-dump-ns\">\\n</span></span>
      <span class=sf-dump-str title=\"6494 characters\">                                        Ana Luiza Borba de Abrantes<span class=\"sf-dump-default sf-dump-ns\">\\n</span></span>
      <span class=sf-dump-str title=\"6494 characters\">                                    &lt;/label&gt;<span class=\"sf-dump-default sf-dump-ns\">\\n</span></span>
      <span class=sf-dump-str title=\"6494 characters\"><span class=\"sf-dump-default sf-dump-ns\">\\n</span></span>
      <span class=sf-dump-str title=\"6494 characters\">                                &lt;/th&gt;<span class=\"sf-dump-default sf-dump-ns\">\\n</span></span>
      <span class=sf-dump-str title=\"6494 characters\">                                &lt;td&gt;UnB&lt;/td&gt;<span class=\"sf-dump-default sf-dump-ns\">\\n</span></span>
      <span class=sf-dump-str title=\"6494 characters\">                                &lt;td&gt;Engenharia&lt;/td&gt;<span class=\"sf-dump-default sf-dump-ns\">\\n</span></span>
      <span class=sf-dump-str title=\"6494 characters\">                                &lt;td&gt;2022-11-11&lt;/td&gt;<span class=\"sf-dump-default sf-dump-ns\">\\n</span></span>
      <span class=sf-dump-str title=\"6494 characters\">                                &lt;td&gt;2023-10-10&lt;/td&gt;<span class=\"sf-dump-default sf-dump-ns\">\\n</span></span>
      <span class=sf-dump-str title=\"6494 characters\">                                &lt;td&gt;2002-05-31&lt;/td&gt;<span class=\"sf-dump-default sf-dump-ns\">\\n</span></span>
      <span class=sf-dump-str title=\"6494 characters\">                                &lt;td&gt;<span class=\"sf-dump-default sf-dump-ns\">\\n</span></span>
      <span class=sf-dump-str title=\"6494 characters\">                                    &lt;a href=&quot;http://127.0.0.1:8000/edit/1&quot;&gt;&lt;svg<span class=\"sf-dump-default sf-dump-ns\">\\n</span></span>
      <span class=sf-dump-str title=\"6494 characters\">                                            xmlns=&quot;http://www.w3.org/2000/svg&quot; fill=&quot;none&quot; viewBox=&quot;0 0 24 24&quot;<span class=\"sf-dump-default sf-dump-ns\">\\n</span></span>
      <span class=sf-dump-str title=\"6494 characters\">                                            stroke-width=&quot;1.5&quot; stroke=&quot;currentColor&quot; class=&quot;w-6 h-6 inline&quot;&gt;<span class=\"sf-dump-default sf-dump-ns\">\\n</span></span>
      <span class=sf-dump-str title=\"6494 characters\">                                            &lt;path stroke-linecap=&quot;round&quot; stroke-linejoin=&quot;round&quot;<span class=\"sf-dump-default sf-dump-ns\">\\n</span></span>
      <span class=sf-dump-str title=\"6494 characters\">                                                d=&quot;M16.862 4.487l1.687-1.688a1.875 1.875 0 112.652 2.652L10.582 16.07a4.5 4.5 0 01-1.897 1.13L6 18l.8-2.685a4.5 4.5 0 011.13-1.897l8.932-8.931zm0 0L19.5 7.125M18 14v4.75A2.25 2.25 0 0115.75 21H5.25A2.25 2.25 0 013 18.75V8.25A2.25 2.25 0 015.25 6H10&quot; /&gt;<span class=\"sf-dump-default sf-dump-ns\">\\n</span></span>
      <span class=sf-dump-str title=\"6494 characters\">                                    &lt;/svg&gt;&lt;/a&gt;<span class=\"sf-dump-default sf-dump-ns\">\\n</span></span>
      <span class=sf-dump-str title=\"6494 characters\">                                           &lt;!-- The button to open modal --&gt;<span class=\"sf-dump-default sf-dump-ns\">\\n</span></span>
      <span class=sf-dump-str title=\"6494 characters\">                                    &lt;label for=&quot;my-modal&quot; class=&quot;btn btn-xs btn-circle btn-outline rounded-full&quot;&gt;x&lt;/label&gt;<span class=\"sf-dump-default sf-dump-ns\">\\n</span></span>
      <span class=sf-dump-str title=\"6494 characters\"><span class=\"sf-dump-default sf-dump-ns\">\\n</span></span>
      <span class=sf-dump-str title=\"6494 characters\">                                    &lt;!-- Put this part before &lt;/body&gt; tag --&gt;<span class=\"sf-dump-default sf-dump-ns\">\\n</span></span>
      <span class=sf-dump-str title=\"6494 characters\">                                    &lt;input type=&quot;checkbox&quot; id=&quot;my-modal&quot; class=&quot;modal-toggle&quot; /&gt;<span class=\"sf-dump-default sf-dump-ns\">\\n</span></span>
      <span class=sf-dump-str title=\"6494 characters\"><span class=\"sf-dump-default sf-dump-ns\">\\n</span></span>
      <span class=sf-dump-str title=\"6494 characters\">                                        &lt;div class=&quot;modal&quot;&gt;<span class=\"sf-dump-default sf-dump-ns\">\\n</span></span>
      <span class=sf-dump-str title=\"6494 characters\">                                        &lt;div class=&quot;modal-box&quot;&gt;<span class=\"sf-dump-default sf-dump-ns\">\\n</span></span>
      <span class=sf-dump-str title=\"6494 characters\">                                            &lt;h3 class=&quot;font-bold text-lg&quot;&gt;Excluir&lt;/h3&gt;<span class=\"sf-dump-default sf-dump-ns\">\\n</span></span>
      <span class=sf-dump-str title=\"6494 characters\">                                            &lt;p class=&quot;py-4&quot;&gt;Tem certeza que deseja excluir esse usu&#225;rio?&lt;/p&gt;<span class=\"sf-dump-default sf-dump-ns\">\\n</span></span>
      <span class=sf-dump-str title=\"6494 characters\">                                            &lt;div class=&quot;modal-action&quot;&gt;<span class=\"sf-dump-default sf-dump-ns\">\\n</span></span>
      <span class=sf-dump-str title=\"6494 characters\">                                                &lt;form  action=&quot;http://127.0.0.1:8000/delete/1&quot; method=&quot;POST&quot;&gt;<span class=\"sf-dump-default sf-dump-ns\">\\n</span></span>
      <span class=sf-dump-str title=\"6494 characters\">                                                    &lt;input type=&quot;hidden&quot; name=&quot;_method&quot; value=&quot;DELETE&quot;&gt;<span class=\"sf-dump-default sf-dump-ns\">\\n</span></span>
      <span class=sf-dump-str title=\"6494 characters\">                                                    &lt;input type=&quot;hidden&quot; name=&quot;_token&quot; value=&quot;FQfO5xlvUwBlexs8x9R69fkE7K85op7PrrUmOZjo&quot;&gt;<span class=\"sf-dump-default sf-dump-ns\">\\n</span></span>
      <span class=sf-dump-str title=\"6494 characters\">                                                    &lt;button class=&quot;btn btn-outline btn-success&quot; type=&quot;submit&quot;&gt;Sim&lt;/button&gt;<span class=\"sf-dump-default sf-dump-ns\">\\n</span></span>
      <span class=sf-dump-str title=\"6494 characters\">                                                &lt;/form&gt;<span class=\"sf-dump-default sf-dump-ns\">\\n</span></span>
      <span class=sf-dump-str title=\"6494 characters\">                                                &lt;a role=&quot;button&quot;  href=&quot;http://127.0.0.1:8000&quot; class=&quot;btn btn-ghost&quot;&gt;N&#227;o&lt;/a&gt;<span class=\"sf-dump-default sf-dump-ns\">\\n</span></span>
      <span class=sf-dump-str title=\"6494 characters\">                                            &lt;/div&gt;<span class=\"sf-dump-default sf-dump-ns\">\\n</span></span>
      <span class=sf-dump-str title=\"6494 characters\">                                        &lt;/div&gt;<span class=\"sf-dump-default sf-dump-ns\">\\n</span></span>
      <span class=sf-dump-str title=\"6494 characters\">                                        &lt;/div&gt;<span class=\"sf-dump-default sf-dump-ns\">\\n</span></span>
      <span class=sf-dump-str title=\"6494 characters\"><span class=\"sf-dump-default sf-dump-ns\">\\n</span></span>
      <span class=sf-dump-str title=\"6494 characters\"><span class=\"sf-dump-default sf-dump-ns\">\\n</span></span>
      <span class=sf-dump-str title=\"6494 characters\"><span class=\"sf-dump-default sf-dump-ns\">\\n</span></span>
      <span class=sf-dump-str title=\"6494 characters\"><span class=\"sf-dump-default sf-dump-ns\">\\n</span></span>
      <span class=sf-dump-str title=\"6494 characters\">                                &lt;/td&gt;<span class=\"sf-dump-default sf-dump-ns\">\\n</span></span>
      <span class=sf-dump-str title=\"6494 characters\"><span class=\"sf-dump-default sf-dump-ns\">\\n</span></span>
      <span class=sf-dump-str title=\"6494 characters\">                            &lt;/tr&gt;<span class=\"sf-dump-default sf-dump-ns\">\\n</span></span>
      <span class=sf-dump-str title=\"6494 characters\"><span class=\"sf-dump-default sf-dump-ns\">\\n</span></span>
      <span class=sf-dump-str title=\"6494 characters\"><span class=\"sf-dump-default sf-dump-ns\">\\n</span></span>
      <span class=sf-dump-str title=\"6494 characters\">                            &lt;!-- Put this part before &lt;/body&gt; tag --&gt;<span class=\"sf-dump-default sf-dump-ns\">\\n</span></span>
      <span class=sf-dump-str title=\"6494 characters\">                            &lt;input type=&quot;checkbox&quot; id=&quot;modal-detalhe-estagiario-1&quot;<span class=\"sf-dump-default sf-dump-ns\">\\n</span></span>
      <span class=sf-dump-str title=\"6494 characters\">                                class=&quot;modal-toggle&quot; /&gt;<span class=\"sf-dump-default sf-dump-ns\">\\n</span></span>
      <span class=sf-dump-str title=\"6494 characters\">                            &lt;div class=&quot;modal&quot;&gt;<span class=\"sf-dump-default sf-dump-ns\">\\n</span></span>
      <span class=sf-dump-str title=\"6494 characters\">                                &lt;div class=&quot;modal-box w-6/12 max-w-5xl&quot;&gt;<span class=\"sf-dump-default sf-dump-ns\">\\n</span></span>
      <span class=sf-dump-str title=\"6494 characters\">                                    &lt;h3 class=&quot;font-bold text-lg&quot;&gt;Ana Luiza Borba de Abrantes&lt;/h3&gt;<span class=\"sf-dump-default sf-dump-ns\">\\n</span></span>
      <span class=sf-dump-str title=\"6494 characters\">                                    &lt;p class=&quot;py-4&quot;&gt;Inicio de contrato: 2022-11-11&lt;/p&gt;<span class=\"sf-dump-default sf-dump-ns\">\\n</span></span>
      <span class=sf-dump-str title=\"6494 characters\">                                    &lt;p class=&quot;py-4&quot;&gt;Fim de contrato: 2023-10-10&lt;/p&gt;<span class=\"sf-dump-default sf-dump-ns\">\\n</span></span>
      <span class=sf-dump-str title=\"6494 characters\">                                    &lt;p class=&quot;py-4&quot;&gt;Faculdade: UnB&lt;/p&gt;<span class=\"sf-dump-default sf-dump-ns\">\\n</span></span>
      <span class=sf-dump-str title=\"6494 characters\">                                    &lt;p class=&quot;py-4&quot;&gt;CNPJ Faculdade: 09809899987844&lt;/p&gt;<span class=\"sf-dump-default sf-dump-ns\">\\n</span></span>
      <span class=sf-dump-str title=\"6494 characters\">                                    &lt;p class=&quot;py-4&quot;&gt;Curso: Engenharia&lt;/p&gt;<span class=\"sf-dump-default sf-dump-ns\">\\n</span></span>
      <span class=sf-dump-str title=\"6494 characters\">                                    &lt;p class=&quot;py-4&quot;&gt;Expectativa de forma&#231;&#227;o: 2025-07-01<span class=\"sf-dump-default sf-dump-ns\">\\n</span></span>
      <span class=sf-dump-str title=\"6494 characters\">                                    &lt;/p&gt;<span class=\"sf-dump-default sf-dump-ns\">\\n</span></span>
      <span class=sf-dump-str title=\"6494 characters\">                                    &lt;p class=&quot;py-4&quot;&gt;Data de nascimento: 2002-05-31&lt;/p&gt;<span class=\"sf-dump-default sf-dump-ns\">\\n</span></span>
      <span class=sf-dump-str title=\"6494 characters\">                                    &lt;p class=&quot;py-4&quot;&gt;Telefone: 61992176224&lt;/p&gt;<span class=\"sf-dump-default sf-dump-ns\">\\n</span></span>
      <span class=sf-dump-str title=\"6494 characters\">                                    &lt;p class=&quot;py-4&quot;&gt;CPF: 08308072178&lt;/p&gt;<span class=\"sf-dump-default sf-dump-ns\">\\n</span></span>
      <span class=sf-dump-str title=\"6494 characters\">                                    &lt;p class=&quot;py-4&quot;&gt;Email: analuizaabr4@gmail.com&lt;/p&gt;<span class=\"sf-dump-default sf-dump-ns\">\\n</span></span>
      <span class=sf-dump-str title=\"6494 characters\">                                    &lt;div class=&quot;modal-action&quot;&gt;<span class=\"sf-dump-default sf-dump-ns\">\\n</span></span>
      <span class=sf-dump-str title=\"6494 characters\">                                        &lt;label for=&quot;modal-detalhe-estagiario-1&quot;<span class=\"sf-dump-default sf-dump-ns\">\\n</span></span>
      <span class=sf-dump-str title=\"6494 characters\">                                            class=&quot;btn&quot;&gt;Fechar&lt;/label&gt;<span class=\"sf-dump-default sf-dump-ns\">\\n</span></span>
      <span class=sf-dump-str title=\"6494 characters\">                                    &lt;/div&gt;<span class=\"sf-dump-default sf-dump-ns\">\\n</span></span>
      <span class=sf-dump-str title=\"6494 characters\">                                &lt;/div&gt;<span class=\"sf-dump-default sf-dump-ns\">\\n</span></span>
      <span class=sf-dump-str title=\"6494 characters\">                            &lt;/div&gt;<span class=\"sf-dump-default sf-dump-ns\">\\n</span></span>
      <span class=sf-dump-str title=\"6494 characters\">                                            &lt;/tbody&gt;<span class=\"sf-dump-default sf-dump-ns\">\\n</span></span>
      <span class=sf-dump-str title=\"6494 characters\">                &lt;/table&gt;<span class=\"sf-dump-default sf-dump-ns\">\\n</span></span>
      <span class=sf-dump-str title=\"6494 characters\">            &lt;/div&gt;<span class=\"sf-dump-default sf-dump-ns\">\\n</span></span>
      <span class=sf-dump-str title=\"6494 characters\"><span class=\"sf-dump-default sf-dump-ns\">\\n</span></span>
      <span class=sf-dump-str title=\"6494 characters\">        &lt;/div&gt;<span class=\"sf-dump-default sf-dump-ns\">\\n</span></span>
      <span class=sf-dump-str title=\"6494 characters\"><span class=\"sf-dump-default sf-dump-ns\">\\n</span></span>
      <span class=sf-dump-str title=\"6494 characters\">    &lt;/div&gt;</span>
      \"\"\"
  </samp>}
</samp>]
</pre><script>Sfdump(\"sf-dump-417453865\", {\"maxDepth\":3,\"maxStringLength\":160})</script>
"}},"exception":"[object] (Spatie\\LaravelIgnition\\Exceptions\\ViewException(code: 0): htmlspecialchars(): Argument #1 ($string) must be of type string, array given at C:\\Users\\ana.abrantes\\Desktop\\projetos\\estagiarios\\estagiarios\\vendor\\laravel\\framework\\src\\Illuminate\\Support\\helpers.php:123)
[stacktrace]
#0 C:\\Users\\ana.abrantes\\Desktop\\projetos\\estagiarios\\estagiarios\\vendor\\laravel\\framework\\src\\Illuminate\\Support\\helpers.php(123): htmlspecialchars(Array, 3, 'UTF-8', true)
#1 C:\\Users\\ana.abrantes\\Desktop\\projetos\\estagiarios\\estagiarios\\resources\\views\\components\\layout.blade.php(23): e(Array)
#2 C:\\Users\\ana.abrantes\\Desktop\\projetos\\estagiarios\\estagiarios\\vendor\\laravel\\framework\\src\\Illuminate\\Filesystem\\Filesystem.php(124): require('C:\\\\Users\\\\ana.ab...')
#3 C:\\Users\\ana.abrantes\\Desktop\\projetos\\estagiarios\\estagiarios\\vendor\\laravel\\framework\\src\\Illuminate\\Filesystem\\Filesystem.php(125): Illuminate\\Filesystem\\Filesystem::Illuminate\\Filesystem\\{closure}()
#4 C:\\Users\\ana.abrantes\\Desktop\\projetos\\estagiarios\\estagiarios\\vendor\\laravel\\framework\\src\\Illuminate\\View\\Engines\\PhpEngine.php(58): Illuminate\\Filesystem\\Filesystem->getRequire('C:\\\\Users\\\\ana.ab...', Array)
#5 C:\\Users\\ana.abrantes\\Desktop\\projetos\\estagiarios\\estagiarios\\vendor\\laravel\\framework\\src\\Illuminate\\View\\Engines\\CompilerEngine.php(70): Illuminate\\View\\Engines\\PhpEngine->evaluatePath('C:\\\\Users\\\\ana.ab...', Array)
#6 C:\\Users\\ana.abrantes\\Desktop\\projetos\\estagiarios\\estagiarios\\vendor\\laravel\\framework\\src\\Illuminate\\View\\View.php(195): Illuminate\\View\\Engines\\CompilerEngine->get('C:\\\\Users\\\\ana.ab...', Array)
#7 C:\\Users\\ana.abrantes\\Desktop\\projetos\\estagiarios\\estagiarios\\vendor\\laravel\\framework\\src\\Illuminate\\View\\View.php(178): Illuminate\\View\\View->getContents()
#8 C:\\Users\\ana.abrantes\\Desktop\\projetos\\estagiarios\\estagiarios\\vendor\\laravel\\framework\\src\\Illuminate\\View\\View.php(147): Illuminate\\View\\View->renderContents()
#9 C:\\Users\\ana.abrantes\\Desktop\\projetos\\estagiarios\\estagiarios\\vendor\\laravel\\framework\\src\\Illuminate\\View\\Concerns\\ManagesComponents.php(104): Illuminate\\View\\View->render()
#10 C:\\Users\\ana.abrantes\\Desktop\\projetos\\estagiarios\\estagiarios\\resources\\views\\index.blade.php(108): Illuminate\\View\\Factory->renderComponent()
#11 C:\\Users\\ana.abrantes\\Desktop\\projetos\\estagiarios\\estagiarios\\vendor\\laravel\\framework\\src\\Illuminate\\Filesystem\\Filesystem.php(124): require('C:\\\\Users\\\\ana.ab...')
#12 C:\\Users\\ana.abrantes\\Desktop\\projetos\\estagiarios\\estagiarios\\vendor\\laravel\\framework\\src\\Illuminate\\Filesystem\\Filesystem.php(125): Illuminate\\Filesystem\\Filesystem::Illuminate\\Filesystem\\{closure}()
#13 C:\\Users\\ana.abrantes\\Desktop\\projetos\\estagiarios\\estagiarios\\vendor\\laravel\\framework\\src\\Illuminate\\View\\Engines\\PhpEngine.php(58): Illuminate\\Filesystem\\Filesystem->getRequire('C:\\\\Users\\\\ana.ab...', Array)
#14 C:\\Users\\ana.abrantes\\Desktop\\projetos\\estagiarios\\estagiarios\\vendor\\laravel\\framework\\src\\Illuminate\\View\\Engines\\CompilerEngine.php(70): Illuminate\\View\\Engines\\PhpEngine->evaluatePath('C:\\\\Users\\\\ana.ab...', Array)
#15 C:\\Users\\ana.abrantes\\Desktop\\projetos\\estagiarios\\estagiarios\\vendor\\laravel\\framework\\src\\Illuminate\\View\\View.php(195): Illuminate\\View\\Engines\\CompilerEngine->get('C:\\\\Users\\\\ana.ab...', Array)
#16 C:\\Users\\ana.abrantes\\Desktop\\projetos\\estagiarios\\estagiarios\\vendor\\laravel\\framework\\src\\Illuminate\\View\\View.php(178): Illuminate\\View\\View->getContents()
#17 C:\\Users\\ana.abrantes\\Desktop\\projetos\\estagiarios\\estagiarios\\vendor\\laravel\\framework\\src\\Illuminate\\View\\View.php(147): Illuminate\\View\\View->renderContents()
#18 C:\\Users\\ana.abrantes\\Desktop\\projetos\\estagiarios\\estagiarios\\vendor\\laravel\\framework\\src\\Illuminate\\Http\\Response.php(69): Illuminate\\View\\View->render()
#19 C:\\Users\\ana.abrantes\\Desktop\\projetos\\estagiarios\\estagiarios\\vendor\\laravel\\framework\\src\\Illuminate\\Http\\Response.php(35): Illuminate\\Http\\Response->setContent(Object(Illuminate\\View\\View))
#20 C:\\Users\\ana.abrantes\\Desktop\\projetos\\estagiarios\\estagiarios\\vendor\\laravel\\framework\\src\\Illuminate\\Routing\\Router.php(906): Illuminate\\Http\\Response->__construct(Object(Illuminate\\View\\View), 200, Array)
#21 C:\\Users\\ana.abrantes\\Desktop\\projetos\\estagiarios\\estagiarios\\vendor\\laravel\\framework\\src\\Illuminate\\Routing\\Router.php(875): Illuminate\\Routing\\Router::toResponse(Object(Illuminate\\Http\\Request), Object(Illuminate\\View\\View))
#22 C:\\Users\\ana.abrantes\\Desktop\\projetos\\estagiarios\\estagiarios\\vendor\\laravel\\framework\\src\\Illuminate\\Routing\\Router.php(797): Illuminate\\Routing\\Router->prepareResponse(Object(Illuminate\\Http\\Request), Object(Illuminate\\View\\View))
#23 C:\\Users\\ana.abrantes\\Desktop\\projetos\\estagiarios\\estagiarios\\vendor\\laravel\\framework\\src\\Illuminate\\Pipeline\\Pipeline.php(141): Illuminate\\Routing\\Router->Illuminate\\Routing\\{closure}(Object(Illuminate\\Http\\Request))
#24 C:\\Users\\ana.abrantes\\Desktop\\projetos\\estagiarios\\estagiarios\\vendor\\laravel\\framework\\src\\Illuminate\\Routing\\Middleware\\SubstituteBindings.php(50): Illuminate\\Pipeline\\Pipeline->Illuminate\\Pipeline\\{closure}(Object(Illuminate\\Http\\Request))
#25 C:\\Users\\ana.abrantes\\Desktop\\projetos\\estagiarios\\estagiarios\\vendor\\laravel\\framework\\src\\Illuminate\\Pipeline\\Pipeline.php(180): Illuminate\\Routing\\Middleware\\SubstituteBindings->handle(Object(Illuminate\\Http\\Request), Object(Closure))
#26 C:\\Users\\ana.abrantes\\Desktop\\projetos\\estagiarios\\estagiarios\\vendor\\laravel\\framework\\src\\Illuminate\\Foundation\\Http\\Middleware\\VerifyCsrfToken.php(78): Illuminate\\Pipeline\\Pipeline->Illuminate\\Pipeline\\{closure}(Object(Illuminate\\Http\\Request))
#27 C:\\Users\\ana.abrantes\\Desktop\\projetos\\estagiarios\\estagiarios\\vendor\\laravel\\framework\\src\\Illuminate\\Pipeline\\Pipeline.php(180): Illuminate\\Foundation\\Http\\Middleware\\VerifyCsrfToken->handle(Object(Illuminate\\Http\\Request), Object(Closure))
#28 C:\\Users\\ana.abrantes\\Desktop\\projetos\\estagiarios\\estagiarios\\vendor\\laravel\\framework\\src\\Illuminate\\View\\Middleware\\ShareErrorsFromSession.php(49): Illuminate\\Pipeline\\Pipeline->Illuminate\\Pipeline\\{closure}(Object(Illuminate\\Http\\Request))
#29 C:\\Users\\ana.abrantes\\Desktop\\projetos\\estagiarios\\estagiarios\\vendor\\laravel\\framework\\src\\Illuminate\\Pipeline\\Pipeline.php(180): Illuminate\\View\\Middleware\\ShareErrorsFromSession->handle(Object(Illuminate\\Http\\Request), Object(Closure))
#30 C:\\Users\\ana.abrantes\\Desktop\\projetos\\estagiarios\\estagiarios\\vendor\\laravel\\framework\\src\\Illuminate\\Session\\Middleware\\StartSession.php(121): Illuminate\\Pipeline\\Pipeline->Illuminate\\Pipeline\\{closure}(Object(Illuminate\\Http\\Request))
#31 C:\\Users\\ana.abrantes\\Desktop\\projetos\\estagiarios\\estagiarios\\vendor\\laravel\\framework\\src\\Illuminate\\Session\\Middleware\\StartSession.php(64): Illuminate\\Session\\Middleware\\StartSession->handleStatefulRequest(Object(Illuminate\\Http\\Request), Object(Illuminate\\Session\\Store), Object(Closure))
#32 C:\\Users\\ana.abrantes\\Desktop\\projetos\\estagiarios\\estagiarios\\vendor\\laravel\\framework\\src\\Illuminate\\Pipeline\\Pipeline.php(180): Illuminate\\Session\\Middleware\\StartSession->handle(Object(Illuminate\\Http\\Request), Object(Closure))
#33 C:\\Users\\ana.abrantes\\Desktop\\projetos\\estagiarios\\estagiarios\\vendor\\laravel\\framework\\src\\Illuminate\\Cookie\\Middleware\\AddQueuedCookiesToResponse.php(37): Illuminate\\Pipeline\\Pipeline->Illuminate\\Pipeline\\{closure}(Object(Illuminate\\Http\\Request))
#34 C:\\Users\\ana.abrantes\\Desktop\\projetos\\estagiarios\\estagiarios\\vendor\\laravel\\framework\\src\\Illuminate\\Pipeline\\Pipeline.php(180): Illuminate\\Cookie\\Middleware\\AddQueuedCookiesToResponse->handle(Object(Illuminate\\Http\\Request), Object(Closure))
#35 C:\\Users\\ana.abrantes\\Desktop\\projetos\\estagiarios\\estagiarios\\vendor\\laravel\\framework\\src\\Illuminate\\Cookie\\Middleware\\EncryptCookies.php(67): Illuminate\\Pipeline\\Pipeline->Illuminate\\Pipeline\\{closure}(Object(Illuminate\\Http\\Request))
#36 C:\\Users\\ana.abrantes\\Desktop\\projetos\\estagiarios\\estagiarios\\vendor\\laravel\\framework\\src\\Illuminate\\Pipeline\\Pipeline.php(180): Illuminate\\Cookie\\Middleware\\EncryptCookies->handle(Object(Illuminate\\Http\\Request), Object(Closure))
#37 C:\\Users\\ana.abrantes\\Desktop\\projetos\\estagiarios\\estagiarios\\vendor\\laravel\\framework\\src\\Illuminate\\Pipeline\\Pipeline.php(116): Illuminate\\Pipeline\\Pipeline->Illuminate\\Pipeline\\{closure}(Object(Illuminate\\Http\\Request))
#38 C:\\Users\\ana.abrantes\\Desktop\\projetos\\estagiarios\\estagiarios\\vendor\\laravel\\framework\\src\\Illuminate\\Routing\\Router.php(797): Illuminate\\Pipeline\\Pipeline->then(Object(Closure))
#39 C:\\Users\\ana.abrantes\\Desktop\\projetos\\estagiarios\\estagiarios\\vendor\\laravel\\framework\\src\\Illuminate\\Routing\\Router.php(776): Illuminate\\Routing\\Router->runRouteWithinStack(Object(Illuminate\\Routing\\Route), Object(Illuminate\\Http\\Request))
#40 C:\\Users\\ana.abrantes\\Desktop\\projetos\\estagiarios\\estagiarios\\vendor\\laravel\\framework\\src\\Illuminate\\Routing\\Router.php(740): Illuminate\\Routing\\Router->runRoute(Object(Illuminate\\Http\\Request), Object(Illuminate\\Routing\\Route))
#41 C:\\Users\\ana.abrantes\\Desktop\\projetos\\estagiarios\\estagiarios\\vendor\\laravel\\framework\\src\\Illuminate\\Routing\\Router.php(729): Illuminate\\Routing\\Router->dispatchToRoute(Object(Illuminate\\Http\\Request))
#42 C:\\Users\\ana.abrantes\\Desktop\\projetos\\estagiarios\\estagiarios\\vendor\\laravel\\framework\\src\\Illuminate\\Foundation\\Http\\Kernel.php(200): Illuminate\\Routing\\Router->dispatch(Object(Illuminate\\Http\\Request))
#43 C:\\Users\\ana.abrantes\\Desktop\\projetos\\estagiarios\\estagiarios\\vendor\\laravel\\framework\\src\\Illuminate\\Pipeline\\Pipeline.php(141): Illuminate\\Foundation\\Http\\Kernel->Illuminate\\Foundation\\Http\\{closure}(Object(Illuminate\\Http\\Request))
#44 C:\\Users\\ana.abrantes\\Desktop\\projetos\\estagiarios\\estagiarios\\vendor\\laravel\\framework\\src\\Illuminate\\Foundation\\Http\\Middleware\\TransformsRequest.php(21): Illuminate\\Pipeline\\Pipeline->Illuminate\\Pipeline\\{closure}(Object(Illuminate\\Http\\Request))
#45 C:\\Users\\ana.abrantes\\Desktop\\projetos\\estagiarios\\estagiarios\\vendor\\laravel\\framework\\src\\Illuminate\\Foundation\\Http\\Middleware\\ConvertEmptyStringsToNull.php(31): Illuminate\\Foundation\\Http\\Middleware\\TransformsRequest->handle(Object(Illuminate\\Http\\Request), Object(Closure))
#46 C:\\Users\\ana.abrantes\\Desktop\\projetos\\estagiarios\\estagiarios\\vendor\\laravel\\framework\\src\\Illuminate\\Pipeline\\Pipeline.php(180): Illuminate\\Foundation\\Http\\Middleware\\ConvertEmptyStringsToNull->handle(Object(Illuminate\\Http\\Request), Object(Closure))
#47 C:\\Users\\ana.abrantes\\Desktop\\projetos\\estagiarios\\estagiarios\\vendor\\laravel\\framework\\src\\Illuminate\\Foundation\\Http\\Middleware\\TransformsRequest.php(21): Illuminate\\Pipeline\\Pipeline->Illuminate\\Pipeline\\{closure}(Object(Illuminate\\Http\\Request))
#48 C:\\Users\\ana.abrantes\\Desktop\\projetos\\estagiarios\\estagiarios\\vendor\\laravel\\framework\\src\\Illuminate\\Foundation\\Http\\Middleware\\TrimStrings.php(40): Illuminate\\Foundation\\Http\\Middleware\\TransformsRequest->handle(Object(Illuminate\\Http\\Request), Object(Closure))
#49 C:\\Users\\ana.abrantes\\Desktop\\projetos\\estagiarios\\estagiarios\\vendor\\laravel\\framework\\src\\Illuminate\\Pipeline\\Pipeline.php(180): Illuminate\\Foundation\\Http\\Middleware\\TrimStrings->handle(Object(Illuminate\\Http\\Request), Object(Closure))
#50 C:\\Users\\ana.abrantes\\Desktop\\projetos\\estagiarios\\estagiarios\\vendor\\laravel\\framework\\src\\Illuminate\\Foundation\\Http\\Middleware\\ValidatePostSize.php(27): Illuminate\\Pipeline\\Pipeline->Illuminate\\Pipeline\\{closure}(Object(Illuminate\\Http\\Request))
#51 C:\\Users\\ana.abrantes\\Desktop\\projetos\\estagiarios\\estagiarios\\vendor\\laravel\\framework\\src\\Illuminate\\Pipeline\\Pipeline.php(180): Illuminate\\Foundation\\Http\\Middleware\\ValidatePostSize->handle(Object(Illuminate\\Http\\Request), Object(Closure))
#52 C:\\Users\\ana.abrantes\\Desktop\\projetos\\estagiarios\\estagiarios\\vendor\\laravel\\framework\\src\\Illuminate\\Foundation\\Http\\Middleware\\PreventRequestsDuringMaintenance.php(86): Illuminate\\Pipeline\\Pipeline->Illuminate\\Pipeline\\{closure}(Object(Illuminate\\Http\\Request))
#53 C:\\Users\\ana.abrantes\\Desktop\\projetos\\estagiarios\\estagiarios\\vendor\\laravel\\framework\\src\\Illuminate\\Pipeline\\Pipeline.php(180): Illuminate\\Foundation\\Http\\Middleware\\PreventRequestsDuringMaintenance->handle(Object(Illuminate\\Http\\Request), Object(Closure))
#54 C:\\Users\\ana.abrantes\\Desktop\\projetos\\estagiarios\\estagiarios\\vendor\\laravel\\framework\\src\\Illuminate\\Http\\Middleware\\HandleCors.php(49): Illuminate\\Pipeline\\Pipeline->Illuminate\\Pipeline\\{closure}(Object(Illuminate\\Http\\Request))
#55 C:\\Users\\ana.abrantes\\Desktop\\projetos\\estagiarios\\estagiarios\\vendor\\laravel\\framework\\src\\Illuminate\\Pipeline\\Pipeline.php(180): Illuminate\\Http\\Middleware\\HandleCors->handle(Object(Illuminate\\Http\\Request), Object(Closure))
#56 C:\\Users\\ana.abrantes\\Desktop\\projetos\\estagiarios\\estagiarios\\vendor\\laravel\\framework\\src\\Illuminate\\Http\\Middleware\\TrustProxies.php(39): Illuminate\\Pipeline\\Pipeline->Illuminate\\Pipeline\\{closure}(Object(Illuminate\\Http\\Request))
#57 C:\\Users\\ana.abrantes\\Desktop\\projetos\\estagiarios\\estagiarios\\vendor\\laravel\\framework\\src\\Illuminate\\Pipeline\\Pipeline.php(180): Illuminate\\Http\\Middleware\\TrustProxies->handle(Object(Illuminate\\Http\\Request), Object(Closure))
#58 C:\\Users\\ana.abrantes\\Desktop\\projetos\\estagiarios\\estagiarios\\vendor\\laravel\\framework\\src\\Illuminate\\Pipeline\\Pipeline.php(116): Illuminate\\Pipeline\\Pipeline->Illuminate\\Pipeline\\{closure}(Object(Illuminate\\Http\\Request))
#59 C:\\Users\\ana.abrantes\\Desktop\\projetos\\estagiarios\\estagiarios\\vendor\\laravel\\framework\\src\\Illuminate\\Foundation\\Http\\Kernel.php(175): Illuminate\\Pipeline\\Pipeline->then(Object(Closure))
#60 C:\\Users\\ana.abrantes\\Desktop\\projetos\\estagiarios\\estagiarios\\vendor\\laravel\\framework\\src\\Illuminate\\Foundation\\Http\\Kernel.php(144): Illuminate\\Foundation\\Http\\Kernel->sendRequestThroughRouter(Object(Illuminate\\Http\\Request))
#61 C:\\Users\\ana.abrantes\\Desktop\\projetos\\estagiarios\\estagiarios\\public\\index.php(51): Illuminate\\Foundation\\Http\\Kernel->handle(Object(Illuminate\\Http\\Request))
#62 C:\\Users\\ana.abrantes\\Desktop\\projetos\\estagiarios\\estagiarios\\vendor\\laravel\\framework\\src\\Illuminate\\Foundation\\resources\\server.php(16): require_once('C:\\\\Users\\\\ana.ab...')
#63 {main}

[previous exception] [object] (TypeError(code: 0): htmlspecialchars(): Argument #1 ($string) must be of type string, array given at C:\\Users\\ana.abrantes\\Desktop\\projetos\\estagiarios\\estagiarios\\vendor\\laravel\\framework\\src\\Illuminate\\Support\\helpers.php:123)
[stacktrace]
#0 C:\\Users\\ana.abrantes\\Desktop\\projetos\\estagiarios\\estagiarios\\vendor\\laravel\\framework\\src\\Illuminate\\Support\\helpers.php(123): htmlspecialchars(Array, 3, 'UTF-8', true)
#1 C:\\Users\\ana.abrantes\\Desktop\\projetos\\estagiarios\\estagiarios\\storage\\framework\\views\\015c1adf368e0682b6a9b5a2c397a793.php(24): e(Array)
#2 C:\\Users\\ana.abrantes\\Desktop\\projetos\\estagiarios\\estagiarios\\vendor\\laravel\\framework\\src\\Illuminate\\Filesystem\\Filesystem.php(124): require('C:\\\\Users\\\\ana.ab...')
#3 C:\\Users\\ana.abrantes\\Desktop\\projetos\\estagiarios\\estagiarios\\vendor\\laravel\\framework\\src\\Illuminate\\Filesystem\\Filesystem.php(125): Illuminate\\Filesystem\\Filesystem::Illuminate\\Filesystem\\{closure}()
#4 C:\\Users\\ana.abrantes\\Desktop\\projetos\\estagiarios\\estagiarios\\vendor\\laravel\\framework\\src\\Illuminate\\View\\Engines\\PhpEngine.php(58): Illuminate\\Filesystem\\Filesystem->getRequire('C:\\\\Users\\\\ana.ab...', Array)
#5 C:\\Users\\ana.abrantes\\Desktop\\projetos\\estagiarios\\estagiarios\\vendor\\laravel\\framework\\src\\Illuminate\\View\\Engines\\CompilerEngine.php(70): Illuminate\\View\\Engines\\PhpEngine->evaluatePath('C:\\\\Users\\\\ana.ab...', Array)
#6 C:\\Users\\ana.abrantes\\Desktop\\projetos\\estagiarios\\estagiarios\\vendor\\laravel\\framework\\src\\Illuminate\\View\\View.php(195): Illuminate\\View\\Engines\\CompilerEngine->get('C:\\\\Users\\\\ana.ab...', Array)
#7 C:\\Users\\ana.abrantes\\Desktop\\projetos\\estagiarios\\estagiarios\\vendor\\laravel\\framework\\src\\Illuminate\\View\\View.php(178): Illuminate\\View\\View->getContents()
#8 C:\\Users\\ana.abrantes\\Desktop\\projetos\\estagiarios\\estagiarios\\vendor\\laravel\\framework\\src\\Illuminate\\View\\View.php(147): Illuminate\\View\\View->renderContents()
#9 C:\\Users\\ana.abrantes\\Desktop\\projetos\\estagiarios\\estagiarios\\vendor\\laravel\\framework\\src\\Illuminate\\View\\Concerns\\ManagesComponents.php(104): Illuminate\\View\\View->render()
#10 C:\\Users\\ana.abrantes\\Desktop\\projetos\\estagiarios\\estagiarios\\storage\\framework\\views\\5cfe43a5090b099c6b80f4afc651cc08.php(126): Illuminate\\View\\Factory->renderComponent()
#11 C:\\Users\\ana.abrantes\\Desktop\\projetos\\estagiarios\\estagiarios\\vendor\\laravel\\framework\\src\\Illuminate\\Filesystem\\Filesystem.php(124): require('C:\\\\Users\\\\ana.ab...')
#12 C:\\Users\\ana.abrantes\\Desktop\\projetos\\estagiarios\\estagiarios\\vendor\\laravel\\framework\\src\\Illuminate\\Filesystem\\Filesystem.php(125): Illuminate\\Filesystem\\Filesystem::Illuminate\\Filesystem\\{closure}()
#13 C:\\Users\\ana.abrantes\\Desktop\\projetos\\estagiarios\\estagiarios\\vendor\\laravel\\framework\\src\\Illuminate\\View\\Engines\\PhpEngine.php(58): Illuminate\\Filesystem\\Filesystem->getRequire('C:\\\\Users\\\\ana.ab...', Array)
#14 C:\\Users\\ana.abrantes\\Desktop\\projetos\\estagiarios\\estagiarios\\vendor\\laravel\\framework\\src\\Illuminate\\View\\Engines\\CompilerEngine.php(70): Illuminate\\View\\Engines\\PhpEngine->evaluatePath('C:\\\\Users\\\\ana.ab...', Array)
#15 C:\\Users\\ana.abrantes\\Desktop\\projetos\\estagiarios\\estagiarios\\vendor\\laravel\\framework\\src\\Illuminate\\View\\View.php(195): Illuminate\\View\\Engines\\CompilerEngine->get('C:\\\\Users\\\\ana.ab...', Array)
#16 C:\\Users\\ana.abrantes\\Desktop\\projetos\\estagiarios\\estagiarios\\vendor\\laravel\\framework\\src\\Illuminate\\View\\View.php(178): Illuminate\\View\\View->getContents()
#17 C:\\Users\\ana.abrantes\\Desktop\\projetos\\estagiarios\\estagiarios\\vendor\\laravel\\framework\\src\\Illuminate\\View\\View.php(147): Illuminate\\View\\View->renderContents()
#18 C:\\Users\\ana.abrantes\\Desktop\\projetos\\estagiarios\\estagiarios\\vendor\\laravel\\framework\\src\\Illuminate\\Http\\Response.php(69): Illuminate\\View\\View->render()
#19 C:\\Users\\ana.abrantes\\Desktop\\projetos\\estagiarios\\estagiarios\\vendor\\laravel\\framework\\src\\Illuminate\\Http\\Response.php(35): Illuminate\\Http\\Response->setContent(Object(Illuminate\\View\\View))
#20 C:\\Users\\ana.abrantes\\Desktop\\projetos\\estagiarios\\estagiarios\\vendor\\laravel\\framework\\src\\Illuminate\\Routing\\Router.php(906): Illuminate\\Http\\Response->__construct(Object(Illuminate\\View\\View), 200, Array)
#21 C:\\Users\\ana.abrantes\\Desktop\\projetos\\estagiarios\\estagiarios\\vendor\\laravel\\framework\\src\\Illuminate\\Routing\\Router.php(875): Illuminate\\Routing\\Router::toResponse(Object(Illuminate\\Http\\Request), Object(Illuminate\\View\\View))
#22 C:\\Users\\ana.abrantes\\Desktop\\projetos\\estagiarios\\estagiarios\\vendor\\laravel\\framework\\src\\Illuminate\\Routing\\Router.php(797): Illuminate\\Routing\\Router->prepareResponse(Object(Illuminate\\Http\\Request), Object(Illuminate\\View\\View))
#23 C:\\Users\\ana.abrantes\\Desktop\\projetos\\estagiarios\\estagiarios\\vendor\\laravel\\framework\\src\\Illuminate\\Pipeline\\Pipeline.php(141): Illuminate\\Routing\\Router->Illuminate\\Routing\\{closure}(Object(Illuminate\\Http\\Request))
#24 C:\\Users\\ana.abrantes\\Desktop\\projetos\\estagiarios\\estagiarios\\vendor\\laravel\\framework\\src\\Illuminate\\Routing\\Middleware\\SubstituteBindings.php(50): Illuminate\\Pipeline\\Pipeline->Illuminate\\Pipeline\\{closure}(Object(Illuminate\\Http\\Request))
#25 C:\\Users\\ana.abrantes\\Desktop\\projetos\\estagiarios\\estagiarios\\vendor\\laravel\\framework\\src\\Illuminate\\Pipeline\\Pipeline.php(180): Illuminate\\Routing\\Middleware\\SubstituteBindings->handle(Object(Illuminate\\Http\\Request), Object(Closure))
#26 C:\\Users\\ana.abrantes\\Desktop\\projetos\\estagiarios\\estagiarios\\vendor\\laravel\\framework\\src\\Illuminate\\Foundation\\Http\\Middleware\\VerifyCsrfToken.php(78): Illuminate\\Pipeline\\Pipeline->Illuminate\\Pipeline\\{closure}(Object(Illuminate\\Http\\Request))
#27 C:\\Users\\ana.abrantes\\Desktop\\projetos\\estagiarios\\estagiarios\\vendor\\laravel\\framework\\src\\Illuminate\\Pipeline\\Pipeline.php(180): Illuminate\\Foundation\\Http\\Middleware\\VerifyCsrfToken->handle(Object(Illuminate\\Http\\Request), Object(Closure))
#28 C:\\Users\\ana.abrantes\\Desktop\\projetos\\estagiarios\\estagiarios\\vendor\\laravel\\framework\\src\\Illuminate\\View\\Middleware\\ShareErrorsFromSession.php(49): Illuminate\\Pipeline\\Pipeline->Illuminate\\Pipeline\\{closure}(Object(Illuminate\\Http\\Request))
#29 C:\\Users\\ana.abrantes\\Desktop\\projetos\\estagiarios\\estagiarios\\vendor\\laravel\\framework\\src\\Illuminate\\Pipeline\\Pipeline.php(180): Illuminate\\View\\Middleware\\ShareErrorsFromSession->handle(Object(Illuminate\\Http\\Request), Object(Closure))
#30 C:\\Users\\ana.abrantes\\Desktop\\projetos\\estagiarios\\estagiarios\\vendor\\laravel\\framework\\src\\Illuminate\\Session\\Middleware\\StartSession.php(121): Illuminate\\Pipeline\\Pipeline->Illuminate\\Pipeline\\{closure}(Object(Illuminate\\Http\\Request))
#31 C:\\Users\\ana.abrantes\\Desktop\\projetos\\estagiarios\\estagiarios\\vendor\\laravel\\framework\\src\\Illuminate\\Session\\Middleware\\StartSession.php(64): Illuminate\\Session\\Middleware\\StartSession->handleStatefulRequest(Object(Illuminate\\Http\\Request), Object(Illuminate\\Session\\Store), Object(Closure))
#32 C:\\Users\\ana.abrantes\\Desktop\\projetos\\estagiarios\\estagiarios\\vendor\\laravel\\framework\\src\\Illuminate\\Pipeline\\Pipeline.php(180): Illuminate\\Session\\Middleware\\StartSession->handle(Object(Illuminate\\Http\\Request), Object(Closure))
#33 C:\\Users\\ana.abrantes\\Desktop\\projetos\\estagiarios\\estagiarios\\vendor\\laravel\\framework\\src\\Illuminate\\Cookie\\Middleware\\AddQueuedCookiesToResponse.php(37): Illuminate\\Pipeline\\Pipeline->Illuminate\\Pipeline\\{closure}(Object(Illuminate\\Http\\Request))
#34 C:\\Users\\ana.abrantes\\Desktop\\projetos\\estagiarios\\estagiarios\\vendor\\laravel\\framework\\src\\Illuminate\\Pipeline\\Pipeline.php(180): Illuminate\\Cookie\\Middleware\\AddQueuedCookiesToResponse->handle(Object(Illuminate\\Http\\Request), Object(Closure))
#35 C:\\Users\\ana.abrantes\\Desktop\\projetos\\estagiarios\\estagiarios\\vendor\\laravel\\framework\\src\\Illuminate\\Cookie\\Middleware\\EncryptCookies.php(67): Illuminate\\Pipeline\\Pipeline->Illuminate\\Pipeline\\{closure}(Object(Illuminate\\Http\\Request))
#36 C:\\Users\\ana.abrantes\\Desktop\\projetos\\estagiarios\\estagiarios\\vendor\\laravel\\framework\\src\\Illuminate\\Pipeline\\Pipeline.php(180): Illuminate\\Cookie\\Middleware\\EncryptCookies->handle(Object(Illuminate\\Http\\Request), Object(Closure))
#37 C:\\Users\\ana.abrantes\\Desktop\\projetos\\estagiarios\\estagiarios\\vendor\\laravel\\framework\\src\\Illuminate\\Pipeline\\Pipeline.php(116): Illuminate\\Pipeline\\Pipeline->Illuminate\\Pipeline\\{closure}(Object(Illuminate\\Http\\Request))
#38 C:\\Users\\ana.abrantes\\Desktop\\projetos\\estagiarios\\estagiarios\\vendor\\laravel\\framework\\src\\Illuminate\\Routing\\Router.php(797): Illuminate\\Pipeline\\Pipeline->then(Object(Closure))
#39 C:\\Users\\ana.abrantes\\Desktop\\projetos\\estagiarios\\estagiarios\\vendor\\laravel\\framework\\src\\Illuminate\\Routing\\Router.php(776): Illuminate\\Routing\\Router->runRouteWithinStack(Object(Illuminate\\Routing\\Route), Object(Illuminate\\Http\\Request))
#40 C:\\Users\\ana.abrantes\\Desktop\\projetos\\estagiarios\\estagiarios\\vendor\\laravel\\framework\\src\\Illuminate\\Routing\\Router.php(740): Illuminate\\Routing\\Router->runRoute(Object(Illuminate\\Http\\Request), Object(Illuminate\\Routing\\Route))
#41 C:\\Users\\ana.abrantes\\Desktop\\projetos\\estagiarios\\estagiarios\\vendor\\laravel\\framework\\src\\Illuminate\\Routing\\Router.php(729): Illuminate\\Routing\\Router->dispatchToRoute(Object(Illuminate\\Http\\Request))
#42 C:\\Users\\ana.abrantes\\Desktop\\projetos\\estagiarios\\estagiarios\\vendor\\laravel\\framework\\src\\Illuminate\\Foundation\\Http\\Kernel.php(200): Illuminate\\Routing\\Router->dispatch(Object(Illuminate\\Http\\Request))
#43 C:\\Users\\ana.abrantes\\Desktop\\projetos\\estagiarios\\estagiarios\\vendor\\laravel\\framework\\src\\Illuminate\\Pipeline\\Pipeline.php(141): Illuminate\\Foundation\\Http\\Kernel->Illuminate\\Foundation\\Http\\{closure}(Object(Illuminate\\Http\\Request))
#44 C:\\Users\\ana.abrantes\\Desktop\\projetos\\estagiarios\\estagiarios\\vendor\\laravel\\framework\\src\\Illuminate\\Foundation\\Http\\Middleware\\TransformsRequest.php(21): Illuminate\\Pipeline\\Pipeline->Illuminate\\Pipeline\\{closure}(Object(Illuminate\\Http\\Request))
#45 C:\\Users\\ana.abrantes\\Desktop\\projetos\\estagiarios\\estagiarios\\vendor\\laravel\\framework\\src\\Illuminate\\Foundation\\Http\\Middleware\\ConvertEmptyStringsToNull.php(31): Illuminate\\Foundation\\Http\\Middleware\\TransformsRequest->handle(Object(Illuminate\\Http\\Request), Object(Closure))
#46 C:\\Users\\ana.abrantes\\Desktop\\projetos\\estagiarios\\estagiarios\\vendor\\laravel\\framework\\src\\Illuminate\\Pipeline\\Pipeline.php(180): Illuminate\\Foundation\\Http\\Middleware\\ConvertEmptyStringsToNull->handle(Object(Illuminate\\Http\\Request), Object(Closure))
#47 C:\\Users\\ana.abrantes\\Desktop\\projetos\\estagiarios\\estagiarios\\vendor\\laravel\\framework\\src\\Illuminate\\Foundation\\Http\\Middleware\\TransformsRequest.php(21): Illuminate\\Pipeline\\Pipeline->Illuminate\\Pipeline\\{closure}(Object(Illuminate\\Http\\Request))
#48 C:\\Users\\ana.abrantes\\Desktop\\projetos\\estagiarios\\estagiarios\\vendor\\laravel\\framework\\src\\Illuminate\\Foundation\\Http\\Middleware\\TrimStrings.php(40): Illuminate\\Foundation\\Http\\Middleware\\TransformsRequest->handle(Object(Illuminate\\Http\\Request), Object(Closure))
#49 C:\\Users\\ana.abrantes\\Desktop\\projetos\\estagiarios\\estagiarios\\vendor\\laravel\\framework\\src\\Illuminate\\Pipeline\\Pipeline.php(180): Illuminate\\Foundation\\Http\\Middleware\\TrimStrings->handle(Object(Illuminate\\Http\\Request), Object(Closure))
#50 C:\\Users\\ana.abrantes\\Desktop\\projetos\\estagiarios\\estagiarios\\vendor\\laravel\\framework\\src\\Illuminate\\Foundation\\Http\\Middleware\\ValidatePostSize.php(27): Illuminate\\Pipeline\\Pipeline->Illuminate\\Pipeline\\{closure}(Object(Illuminate\\Http\\Request))
#51 C:\\Users\\ana.abrantes\\Desktop\\projetos\\estagiarios\\estagiarios\\vendor\\laravel\\framework\\src\\Illuminate\\Pipeline\\Pipeline.php(180): Illuminate\\Foundation\\Http\\Middleware\\ValidatePostSize->handle(Object(Illuminate\\Http\\Request), Object(Closure))
#52 C:\\Users\\ana.abrantes\\Desktop\\projetos\\estagiarios\\estagiarios\\vendor\\laravel\\framework\\src\\Illuminate\\Foundation\\Http\\Middleware\\PreventRequestsDuringMaintenance.php(86): Illuminate\\Pipeline\\Pipeline->Illuminate\\Pipeline\\{closure}(Object(Illuminate\\Http\\Request))
#53 C:\\Users\\ana.abrantes\\Desktop\\projetos\\estagiarios\\estagiarios\\vendor\\laravel\\framework\\src\\Illuminate\\Pipeline\\Pipeline.php(180): Illuminate\\Foundation\\Http\\Middleware\\PreventRequestsDuringMaintenance->handle(Object(Illuminate\\Http\\Request), Object(Closure))
#54 C:\\Users\\ana.abrantes\\Desktop\\projetos\\estagiarios\\estagiarios\\vendor\\laravel\\framework\\src\\Illuminate\\Http\\Middleware\\HandleCors.php(49): Illuminate\\Pipeline\\Pipeline->Illuminate\\Pipeline\\{closure}(Object(Illuminate\\Http\\Request))
#55 C:\\Users\\ana.abrantes\\Desktop\\projetos\\estagiarios\\estagiarios\\vendor\\laravel\\framework\\src\\Illuminate\\Pipeline\\Pipeline.php(180): Illuminate\\Http\\Middleware\\HandleCors->handle(Object(Illuminate\\Http\\Request), Object(Closure))
#56 C:\\Users\\ana.abrantes\\Desktop\\projetos\\estagiarios\\estagiarios\\vendor\\laravel\\framework\\src\\Illuminate\\Http\\Middleware\\TrustProxies.php(39): Illuminate\\Pipeline\\Pipeline->Illuminate\\Pipeline\\{closure}(Object(Illuminate\\Http\\Request))
#57 C:\\Users\\ana.abrantes\\Desktop\\projetos\\estagiarios\\estagiarios\\vendor\\laravel\\framework\\src\\Illuminate\\Pipeline\\Pipeline.php(180): Illuminate\\Http\\Middleware\\TrustProxies->handle(Object(Illuminate\\Http\\Request), Object(Closure))
#58 C:\\Users\\ana.abrantes\\Desktop\\projetos\\estagiarios\\estagiarios\\vendor\\laravel\\framework\\src\\Illuminate\\Pipeline\\Pipeline.php(116): Illuminate\\Pipeline\\Pipeline->Illuminate\\Pipeline\\{closure}(Object(Illuminate\\Http\\Request))
#59 C:\\Users\\ana.abrantes\\Desktop\\projetos\\estagiarios\\estagiarios\\vendor\\laravel\\framework\\src\\Illuminate\\Foundation\\Http\\Kernel.php(175): Illuminate\\Pipeline\\Pipeline->then(Object(Closure))
#60 C:\\Users\\ana.abrantes\\Desktop\\projetos\\estagiarios\\estagiarios\\vendor\\laravel\\framework\\src\\Illuminate\\Foundation\\Http\\Kernel.php(144): Illuminate\\Foundation\\Http\\Kernel->sendRequestThroughRouter(Object(Illuminate\\Http\\Request))
#61 C:\\Users\\ana.abrantes\\Desktop\\projetos\\estagiarios\\estagiarios\\public\\index.php(51): Illuminate\\Foundation\\Http\\Kernel->handle(Object(Illuminate\\Http\\Request))
#62 C:\\Users\\ana.abrantes\\Desktop\\projetos\\estagiarios\\estagiarios\\vendor\\laravel\\framework\\src\\Illuminate\\Foundation\\resources\\server.php(16): require_once('C:\\\\Users\\\\ana.ab...')
#63 {main}
"} 
[2023-06-20 14:59:04] local.ERROR: syntax error, unexpected token "endif" {"view":{"view":"C:\\Users\\ana.abrantes\\Desktop\\projetos\\estagiarios\\estagiarios\\resources\\views\\index.blade.php","data":{"errors":"<pre class=sf-dump id=sf-dump-1400124088 data-indent-pad=\"  \"><span class=sf-dump-note>Illuminate\\Support\\ViewErrorBag</span> {<a class=sf-dump-ref>#280</a><samp data-depth=1 class=sf-dump-expanded>
  #<span class=sf-dump-protected title=\"Protected property\">bags</span>: []
</samp>}
</pre><script>Sfdump(\"sf-dump-1400124088\", {\"maxDepth\":3,\"maxStringLength\":160})</script>
","estagiarios":"<pre class=sf-dump id=sf-dump-364999064 data-indent-pad=\"  \"><span class=sf-dump-note>Illuminate\\Database\\Eloquent\\Collection</span> {<a class=sf-dump-ref>#1031</a><samp data-depth=1 class=sf-dump-expanded>
  #<span class=sf-dump-protected title=\"Protected property\">items</span>: <span class=sf-dump-note>array:1</span> [<samp data-depth=2 class=sf-dump-compact>
    <span class=sf-dump-index>0</span> => <span class=sf-dump-note title=\"App\\Models\\Estagiario
\"><span class=\"sf-dump-ellipsis sf-dump-ellipsis-note\">App\\Models</span><span class=\"sf-dump-ellipsis sf-dump-ellipsis-note\">\\</span>Estagiario</span> {<a class=sf-dump-ref>#990</a><samp data-depth=3 class=sf-dump-compact>
      #<span class=sf-dump-protected title=\"Protected property\">connection</span>: \"<span class=sf-dump-str title=\"6 characters\">sqlite</span>\"
      #<span class=sf-dump-protected title=\"Protected property\">table</span>: \"<span class=sf-dump-str title=\"11 characters\">estagiarios</span>\"
      #<span class=sf-dump-protected title=\"Protected property\">primaryKey</span>: \"<span class=sf-dump-str title=\"2 characters\">id</span>\"
      #<span class=sf-dump-protected title=\"Protected property\">keyType</span>: \"<span class=sf-dump-str title=\"3 characters\">int</span>\"
      +<span class=sf-dump-public title=\"Public property\">incrementing</span>: <span class=sf-dump-const>true</span>
      #<span class=sf-dump-protected title=\"Protected property\">with</span>: []
      #<span class=sf-dump-protected title=\"Protected property\">withCount</span>: []
      +<span class=sf-dump-public title=\"Public property\">preventsLazyLoading</span>: <span class=sf-dump-const>false</span>
      #<span class=sf-dump-protected title=\"Protected property\">perPage</span>: <span class=sf-dump-num>15</span>
      +<span class=sf-dump-public title=\"Public property\">exists</span>: <span class=sf-dump-const>true</span>
      +<span class=sf-dump-public title=\"Public property\">wasRecentlyCreated</span>: <span class=sf-dump-const>false</span>
      #<span class=sf-dump-protected title=\"Protected property\">escapeWhenCastingToString</span>: <span class=sf-dump-const>false</span>
      #<span class=sf-dump-protected title=\"Protected property\">attributes</span>: <span class=sf-dump-note>array:15</span> [ &#8230;15]
      #<span class=sf-dump-protected title=\"Protected property\">original</span>: <span class=sf-dump-note>array:15</span> [ &#8230;15]
      #<span class=sf-dump-protected title=\"Protected property\">changes</span>: []
      #<span class=sf-dump-protected title=\"Protected property\">casts</span>: []
      #<span class=sf-dump-protected title=\"Protected property\">classCastCache</span>: []
      #<span class=sf-dump-protected title=\"Protected property\">attributeCastCache</span>: []
      #<span class=sf-dump-protected title=\"Protected property\">dateFormat</span>: <span class=sf-dump-const>null</span>
      #<span class=sf-dump-protected title=\"Protected property\">appends</span>: []
      #<span class=sf-dump-protected title=\"Protected property\">dispatchesEvents</span>: []
      #<span class=sf-dump-protected title=\"Protected property\">observables</span>: []
      #<span class=sf-dump-protected title=\"Protected property\">relations</span>: []
      #<span class=sf-dump-protected title=\"Protected property\">touches</span>: []
      +<span class=sf-dump-public title=\"Public property\">timestamps</span>: <span class=sf-dump-const>true</span>
      +<span class=sf-dump-public title=\"Public property\">usesUniqueIds</span>: <span class=sf-dump-const>false</span>
      #<span class=sf-dump-protected title=\"Protected property\">hidden</span>: []
      #<span class=sf-dump-protected title=\"Protected property\">visible</span>: []
      #<span class=sf-dump-protected title=\"Protected property\">fillable</span>: []
      #<span class=sf-dump-protected title=\"Protected property\">guarded</span>: <span class=sf-dump-note>array:1</span> [ &#8230;1]
    </samp>}
  </samp>]
  #<span class=sf-dump-protected title=\"Protected property\">escapeWhenCastingToString</span>: <span class=sf-dump-const>false</span>
</samp>}
</pre><script>Sfdump(\"sf-dump-364999064\", {\"maxDepth\":3,\"maxStringLength\":160})</script>
"}},"exception":"[object] (Spatie\\LaravelIgnition\\Exceptions\\ViewException(code: 0): syntax error, unexpected token \"endif\" at C:\\Users\\ana.abrantes\\Desktop\\projetos\\estagiarios\\estagiarios\\resources\\views\\index.blade.php:86)
[stacktrace]
#0 C:\\Users\\ana.abrantes\\Desktop\\projetos\\estagiarios\\estagiarios\\vendor\\laravel\\framework\\src\\Illuminate\\Filesystem\\Filesystem.php(125): Illuminate\\Filesystem\\Filesystem::Illuminate\\Filesystem\\{closure}()
#1 C:\\Users\\ana.abrantes\\Desktop\\projetos\\estagiarios\\estagiarios\\vendor\\laravel\\framework\\src\\Illuminate\\View\\Engines\\PhpEngine.php(58): Illuminate\\Filesystem\\Filesystem->getRequire('C:\\\\Users\\\\ana.ab...', Array)
#2 C:\\Users\\ana.abrantes\\Desktop\\projetos\\estagiarios\\estagiarios\\vendor\\laravel\\framework\\src\\Illuminate\\View\\Engines\\CompilerEngine.php(70): Illuminate\\View\\Engines\\PhpEngine->evaluatePath('C:\\\\Users\\\\ana.ab...', Array)
#3 C:\\Users\\ana.abrantes\\Desktop\\projetos\\estagiarios\\estagiarios\\vendor\\laravel\\framework\\src\\Illuminate\\View\\View.php(195): Illuminate\\View\\Engines\\CompilerEngine->get('C:\\\\Users\\\\ana.ab...', Array)
#4 C:\\Users\\ana.abrantes\\Desktop\\projetos\\estagiarios\\estagiarios\\vendor\\laravel\\framework\\src\\Illuminate\\View\\View.php(178): Illuminate\\View\\View->getContents()
#5 C:\\Users\\ana.abrantes\\Desktop\\projetos\\estagiarios\\estagiarios\\vendor\\laravel\\framework\\src\\Illuminate\\View\\View.php(147): Illuminate\\View\\View->renderContents()
#6 C:\\Users\\ana.abrantes\\Desktop\\projetos\\estagiarios\\estagiarios\\vendor\\laravel\\framework\\src\\Illuminate\\Http\\Response.php(69): Illuminate\\View\\View->render()
#7 C:\\Users\\ana.abrantes\\Desktop\\projetos\\estagiarios\\estagiarios\\vendor\\laravel\\framework\\src\\Illuminate\\Http\\Response.php(35): Illuminate\\Http\\Response->setContent(Object(Illuminate\\View\\View))
#8 C:\\Users\\ana.abrantes\\Desktop\\projetos\\estagiarios\\estagiarios\\vendor\\laravel\\framework\\src\\Illuminate\\Routing\\Router.php(906): Illuminate\\Http\\Response->__construct(Object(Illuminate\\View\\View), 200, Array)
#9 C:\\Users\\ana.abrantes\\Desktop\\projetos\\estagiarios\\estagiarios\\vendor\\laravel\\framework\\src\\Illuminate\\Routing\\Router.php(875): Illuminate\\Routing\\Router::toResponse(Object(Illuminate\\Http\\Request), Object(Illuminate\\View\\View))
#10 C:\\Users\\ana.abrantes\\Desktop\\projetos\\estagiarios\\estagiarios\\vendor\\laravel\\framework\\src\\Illuminate\\Routing\\Router.php(797): Illuminate\\Routing\\Router->prepareResponse(Object(Illuminate\\Http\\Request), Object(Illuminate\\View\\View))
#11 C:\\Users\\ana.abrantes\\Desktop\\projetos\\estagiarios\\estagiarios\\vendor\\laravel\\framework\\src\\Illuminate\\Pipeline\\Pipeline.php(141): Illuminate\\Routing\\Router->Illuminate\\Routing\\{closure}(Object(Illuminate\\Http\\Request))
#12 C:\\Users\\ana.abrantes\\Desktop\\projetos\\estagiarios\\estagiarios\\vendor\\laravel\\framework\\src\\Illuminate\\Routing\\Middleware\\SubstituteBindings.php(50): Illuminate\\Pipeline\\Pipeline->Illuminate\\Pipeline\\{closure}(Object(Illuminate\\Http\\Request))
#13 C:\\Users\\ana.abrantes\\Desktop\\projetos\\estagiarios\\estagiarios\\vendor\\laravel\\framework\\src\\Illuminate\\Pipeline\\Pipeline.php(180): Illuminate\\Routing\\Middleware\\SubstituteBindings->handle(Object(Illuminate\\Http\\Request), Object(Closure))
#14 C:\\Users\\ana.abrantes\\Desktop\\projetos\\estagiarios\\estagiarios\\vendor\\laravel\\framework\\src\\Illuminate\\Foundation\\Http\\Middleware\\VerifyCsrfToken.php(78): Illuminate\\Pipeline\\Pipeline->Illuminate\\Pipeline\\{closure}(Object(Illuminate\\Http\\Request))
#15 C:\\Users\\ana.abrantes\\Desktop\\projetos\\estagiarios\\estagiarios\\vendor\\laravel\\framework\\src\\Illuminate\\Pipeline\\Pipeline.php(180): Illuminate\\Foundation\\Http\\Middleware\\VerifyCsrfToken->handle(Object(Illuminate\\Http\\Request), Object(Closure))
#16 C:\\Users\\ana.abrantes\\Desktop\\projetos\\estagiarios\\estagiarios\\vendor\\laravel\\framework\\src\\Illuminate\\View\\Middleware\\ShareErrorsFromSession.php(49): Illuminate\\Pipeline\\Pipeline->Illuminate\\Pipeline\\{closure}(Object(Illuminate\\Http\\Request))
#17 C:\\Users\\ana.abrantes\\Desktop\\projetos\\estagiarios\\estagiarios\\vendor\\laravel\\framework\\src\\Illuminate\\Pipeline\\Pipeline.php(180): Illuminate\\View\\Middleware\\ShareErrorsFromSession->handle(Object(Illuminate\\Http\\Request), Object(Closure))
#18 C:\\Users\\ana.abrantes\\Desktop\\projetos\\estagiarios\\estagiarios\\vendor\\laravel\\framework\\src\\Illuminate\\Session\\Middleware\\StartSession.php(121): Illuminate\\Pipeline\\Pipeline->Illuminate\\Pipeline\\{closure}(Object(Illuminate\\Http\\Request))
#19 C:\\Users\\ana.abrantes\\Desktop\\projetos\\estagiarios\\estagiarios\\vendor\\laravel\\framework\\src\\Illuminate\\Session\\Middleware\\StartSession.php(64): Illuminate\\Session\\Middleware\\StartSession->handleStatefulRequest(Object(Illuminate\\Http\\Request), Object(Illuminate\\Session\\Store), Object(Closure))
#20 C:\\Users\\ana.abrantes\\Desktop\\projetos\\estagiarios\\estagiarios\\vendor\\laravel\\framework\\src\\Illuminate\\Pipeline\\Pipeline.php(180): Illuminate\\Session\\Middleware\\StartSession->handle(Object(Illuminate\\Http\\Request), Object(Closure))
#21 C:\\Users\\ana.abrantes\\Desktop\\projetos\\estagiarios\\estagiarios\\vendor\\laravel\\framework\\src\\Illuminate\\Cookie\\Middleware\\AddQueuedCookiesToResponse.php(37): Illuminate\\Pipeline\\Pipeline->Illuminate\\Pipeline\\{closure}(Object(Illuminate\\Http\\Request))
#22 C:\\Users\\ana.abrantes\\Desktop\\projetos\\estagiarios\\estagiarios\\vendor\\laravel\\framework\\src\\Illuminate\\Pipeline\\Pipeline.php(180): Illuminate\\Cookie\\Middleware\\AddQueuedCookiesToResponse->handle(Object(Illuminate\\Http\\Request), Object(Closure))
#23 C:\\Users\\ana.abrantes\\Desktop\\projetos\\estagiarios\\estagiarios\\vendor\\laravel\\framework\\src\\Illuminate\\Cookie\\Middleware\\EncryptCookies.php(67): Illuminate\\Pipeline\\Pipeline->Illuminate\\Pipeline\\{closure}(Object(Illuminate\\Http\\Request))
#24 C:\\Users\\ana.abrantes\\Desktop\\projetos\\estagiarios\\estagiarios\\vendor\\laravel\\framework\\src\\Illuminate\\Pipeline\\Pipeline.php(180): Illuminate\\Cookie\\Middleware\\EncryptCookies->handle(Object(Illuminate\\Http\\Request), Object(Closure))
#25 C:\\Users\\ana.abrantes\\Desktop\\projetos\\estagiarios\\estagiarios\\vendor\\laravel\\framework\\src\\Illuminate\\Pipeline\\Pipeline.php(116): Illuminate\\Pipeline\\Pipeline->Illuminate\\Pipeline\\{closure}(Object(Illuminate\\Http\\Request))
#26 C:\\Users\\ana.abrantes\\Desktop\\projetos\\estagiarios\\estagiarios\\vendor\\laravel\\framework\\src\\Illuminate\\Routing\\Router.php(797): Illuminate\\Pipeline\\Pipeline->then(Object(Closure))
#27 C:\\Users\\ana.abrantes\\Desktop\\projetos\\estagiarios\\estagiarios\\vendor\\laravel\\framework\\src\\Illuminate\\Routing\\Router.php(776): Illuminate\\Routing\\Router->runRouteWithinStack(Object(Illuminate\\Routing\\Route), Object(Illuminate\\Http\\Request))
#28 C:\\Users\\ana.abrantes\\Desktop\\projetos\\estagiarios\\estagiarios\\vendor\\laravel\\framework\\src\\Illuminate\\Routing\\Router.php(740): Illuminate\\Routing\\Router->runRoute(Object(Illuminate\\Http\\Request), Object(Illuminate\\Routing\\Route))
#29 C:\\Users\\ana.abrantes\\Desktop\\projetos\\estagiarios\\estagiarios\\vendor\\laravel\\framework\\src\\Illuminate\\Routing\\Router.php(729): Illuminate\\Routing\\Router->dispatchToRoute(Object(Illuminate\\Http\\Request))
#30 C:\\Users\\ana.abrantes\\Desktop\\projetos\\estagiarios\\estagiarios\\vendor\\laravel\\framework\\src\\Illuminate\\Foundation\\Http\\Kernel.php(200): Illuminate\\Routing\\Router->dispatch(Object(Illuminate\\Http\\Request))
#31 C:\\Users\\ana.abrantes\\Desktop\\projetos\\estagiarios\\estagiarios\\vendor\\laravel\\framework\\src\\Illuminate\\Pipeline\\Pipeline.php(141): Illuminate\\Foundation\\Http\\Kernel->Illuminate\\Foundation\\Http\\{closure}(Object(Illuminate\\Http\\Request))
#32 C:\\Users\\ana.abrantes\\Desktop\\projetos\\estagiarios\\estagiarios\\vendor\\laravel\\framework\\src\\Illuminate\\Foundation\\Http\\Middleware\\TransformsRequest.php(21): Illuminate\\Pipeline\\Pipeline->Illuminate\\Pipeline\\{closure}(Object(Illuminate\\Http\\Request))
#33 C:\\Users\\ana.abrantes\\Desktop\\projetos\\estagiarios\\estagiarios\\vendor\\laravel\\framework\\src\\Illuminate\\Foundation\\Http\\Middleware\\ConvertEmptyStringsToNull.php(31): Illuminate\\Foundation\\Http\\Middleware\\TransformsRequest->handle(Object(Illuminate\\Http\\Request), Object(Closure))
#34 C:\\Users\\ana.abrantes\\Desktop\\projetos\\estagiarios\\estagiarios\\vendor\\laravel\\framework\\src\\Illuminate\\Pipeline\\Pipeline.php(180): Illuminate\\Foundation\\Http\\Middleware\\ConvertEmptyStringsToNull->handle(Object(Illuminate\\Http\\Request), Object(Closure))
#35 C:\\Users\\ana.abrantes\\Desktop\\projetos\\estagiarios\\estagiarios\\vendor\\laravel\\framework\\src\\Illuminate\\Foundation\\Http\\Middleware\\TransformsRequest.php(21): Illuminate\\Pipeline\\Pipeline->Illuminate\\Pipeline\\{closure}(Object(Illuminate\\Http\\Request))
#36 C:\\Users\\ana.abrantes\\Desktop\\projetos\\estagiarios\\estagiarios\\vendor\\laravel\\framework\\src\\Illuminate\\Foundation\\Http\\Middleware\\TrimStrings.php(40): Illuminate\\Foundation\\Http\\Middleware\\TransformsRequest->handle(Object(Illuminate\\Http\\Request), Object(Closure))
#37 C:\\Users\\ana.abrantes\\Desktop\\projetos\\estagiarios\\estagiarios\\vendor\\laravel\\framework\\src\\Illuminate\\Pipeline\\Pipeline.php(180): Illuminate\\Foundation\\Http\\Middleware\\TrimStrings->handle(Object(Illuminate\\Http\\Request), Object(Closure))
#38 C:\\Users\\ana.abrantes\\Desktop\\projetos\\estagiarios\\estagiarios\\vendor\\laravel\\framework\\src\\Illuminate\\Foundation\\Http\\Middleware\\ValidatePostSize.php(27): Illuminate\\Pipeline\\Pipeline->Illuminate\\Pipeline\\{closure}(Object(Illuminate\\Http\\Request))
#39 C:\\Users\\ana.abrantes\\Desktop\\projetos\\estagiarios\\estagiarios\\vendor\\laravel\\framework\\src\\Illuminate\\Pipeline\\Pipeline.php(180): Illuminate\\Foundation\\Http\\Middleware\\ValidatePostSize->handle(Object(Illuminate\\Http\\Request), Object(Closure))
#40 C:\\Users\\ana.abrantes\\Desktop\\projetos\\estagiarios\\estagiarios\\vendor\\laravel\\framework\\src\\Illuminate\\Foundation\\Http\\Middleware\\PreventRequestsDuringMaintenance.php(86): Illuminate\\Pipeline\\Pipeline->Illuminate\\Pipeline\\{closure}(Object(Illuminate\\Http\\Request))
#41 C:\\Users\\ana.abrantes\\Desktop\\projetos\\estagiarios\\estagiarios\\vendor\\laravel\\framework\\src\\Illuminate\\Pipeline\\Pipeline.php(180): Illuminate\\Foundation\\Http\\Middleware\\PreventRequestsDuringMaintenance->handle(Object(Illuminate\\Http\\Request), Object(Closure))
#42 C:\\Users\\ana.abrantes\\Desktop\\projetos\\estagiarios\\estagiarios\\vendor\\laravel\\framework\\src\\Illuminate\\Http\\Middleware\\HandleCors.php(49): Illuminate\\Pipeline\\Pipeline->Illuminate\\Pipeline\\{closure}(Object(Illuminate\\Http\\Request))
#43 C:\\Users\\ana.abrantes\\Desktop\\projetos\\estagiarios\\estagiarios\\vendor\\laravel\\framework\\src\\Illuminate\\Pipeline\\Pipeline.php(180): Illuminate\\Http\\Middleware\\HandleCors->handle(Object(Illuminate\\Http\\Request), Object(Closure))
#44 C:\\Users\\ana.abrantes\\Desktop\\projetos\\estagiarios\\estagiarios\\vendor\\laravel\\framework\\src\\Illuminate\\Http\\Middleware\\TrustProxies.php(39): Illuminate\\Pipeline\\Pipeline->Illuminate\\Pipeline\\{closure}(Object(Illuminate\\Http\\Request))
#45 C:\\Users\\ana.abrantes\\Desktop\\projetos\\estagiarios\\estagiarios\\vendor\\laravel\\framework\\src\\Illuminate\\Pipeline\\Pipeline.php(180): Illuminate\\Http\\Middleware\\TrustProxies->handle(Object(Illuminate\\Http\\Request), Object(Closure))
#46 C:\\Users\\ana.abrantes\\Desktop\\projetos\\estagiarios\\estagiarios\\vendor\\laravel\\framework\\src\\Illuminate\\Pipeline\\Pipeline.php(116): Illuminate\\Pipeline\\Pipeline->Illuminate\\Pipeline\\{closure}(Object(Illuminate\\Http\\Request))
#47 C:\\Users\\ana.abrantes\\Desktop\\projetos\\estagiarios\\estagiarios\\vendor\\laravel\\framework\\src\\Illuminate\\Foundation\\Http\\Kernel.php(175): Illuminate\\Pipeline\\Pipeline->then(Object(Closure))
#48 C:\\Users\\ana.abrantes\\Desktop\\projetos\\estagiarios\\estagiarios\\vendor\\laravel\\framework\\src\\Illuminate\\Foundation\\Http\\Kernel.php(144): Illuminate\\Foundation\\Http\\Kernel->sendRequestThroughRouter(Object(Illuminate\\Http\\Request))
#49 C:\\Users\\ana.abrantes\\Desktop\\projetos\\estagiarios\\estagiarios\\public\\index.php(51): Illuminate\\Foundation\\Http\\Kernel->handle(Object(Illuminate\\Http\\Request))
#50 C:\\Users\\ana.abrantes\\Desktop\\projetos\\estagiarios\\estagiarios\\vendor\\laravel\\framework\\src\\Illuminate\\Foundation\\resources\\server.php(16): require_once('C:\\\\Users\\\\ana.ab...')
#51 {main}

[previous exception] [object] (ParseError(code: 0): syntax error, unexpected token \"endif\" at C:\\Users\\ana.abrantes\\Desktop\\projetos\\estagiarios\\estagiarios\\storage\\framework\\views\\5cfe43a5090b099c6b80f4afc651cc08.php:95)
[stacktrace]
#0 C:\\Users\\ana.abrantes\\Desktop\\projetos\\estagiarios\\estagiarios\\vendor\\laravel\\framework\\src\\Illuminate\\Filesystem\\Filesystem.php(125): Illuminate\\Filesystem\\Filesystem::Illuminate\\Filesystem\\{closure}()
#1 C:\\Users\\ana.abrantes\\Desktop\\projetos\\estagiarios\\estagiarios\\vendor\\laravel\\framework\\src\\Illuminate\\View\\Engines\\PhpEngine.php(58): Illuminate\\Filesystem\\Filesystem->getRequire('C:\\\\Users\\\\ana.ab...', Array)
#2 C:\\Users\\ana.abrantes\\Desktop\\projetos\\estagiarios\\estagiarios\\vendor\\laravel\\framework\\src\\Illuminate\\View\\Engines\\CompilerEngine.php(70): Illuminate\\View\\Engines\\PhpEngine->evaluatePath('C:\\\\Users\\\\ana.ab...', Array)
#3 C:\\Users\\ana.abrantes\\Desktop\\projetos\\estagiarios\\estagiarios\\vendor\\laravel\\framework\\src\\Illuminate\\View\\View.php(195): Illuminate\\View\\Engines\\CompilerEngine->get('C:\\\\Users\\\\ana.ab...', Array)
#4 C:\\Users\\ana.abrantes\\Desktop\\projetos\\estagiarios\\estagiarios\\vendor\\laravel\\framework\\src\\Illuminate\\View\\View.php(178): Illuminate\\View\\View->getContents()
#5 C:\\Users\\ana.abrantes\\Desktop\\projetos\\estagiarios\\estagiarios\\vendor\\laravel\\framework\\src\\Illuminate\\View\\View.php(147): Illuminate\\View\\View->renderContents()
#6 C:\\Users\\ana.abrantes\\Desktop\\projetos\\estagiarios\\estagiarios\\vendor\\laravel\\framework\\src\\Illuminate\\Http\\Response.php(69): Illuminate\\View\\View->render()
#7 C:\\Users\\ana.abrantes\\Desktop\\projetos\\estagiarios\\estagiarios\\vendor\\laravel\\framework\\src\\Illuminate\\Http\\Response.php(35): Illuminate\\Http\\Response->setContent(Object(Illuminate\\View\\View))
#8 C:\\Users\\ana.abrantes\\Desktop\\projetos\\estagiarios\\estagiarios\\vendor\\laravel\\framework\\src\\Illuminate\\Routing\\Router.php(906): Illuminate\\Http\\Response->__construct(Object(Illuminate\\View\\View), 200, Array)
#9 C:\\Users\\ana.abrantes\\Desktop\\projetos\\estagiarios\\estagiarios\\vendor\\laravel\\framework\\src\\Illuminate\\Routing\\Router.php(875): Illuminate\\Routing\\Router::toResponse(Object(Illuminate\\Http\\Request), Object(Illuminate\\View\\View))
#10 C:\\Users\\ana.abrantes\\Desktop\\projetos\\estagiarios\\estagiarios\\vendor\\laravel\\framework\\src\\Illuminate\\Routing\\Router.php(797): Illuminate\\Routing\\Router->prepareResponse(Object(Illuminate\\Http\\Request), Object(Illuminate\\View\\View))
#11 C:\\Users\\ana.abrantes\\Desktop\\projetos\\estagiarios\\estagiarios\\vendor\\laravel\\framework\\src\\Illuminate\\Pipeline\\Pipeline.php(141): Illuminate\\Routing\\Router->Illuminate\\Routing\\{closure}(Object(Illuminate\\Http\\Request))
#12 C:\\Users\\ana.abrantes\\Desktop\\projetos\\estagiarios\\estagiarios\\vendor\\laravel\\framework\\src\\Illuminate\\Routing\\Middleware\\SubstituteBindings.php(50): Illuminate\\Pipeline\\Pipeline->Illuminate\\Pipeline\\{closure}(Object(Illuminate\\Http\\Request))
#13 C:\\Users\\ana.abrantes\\Desktop\\projetos\\estagiarios\\estagiarios\\vendor\\laravel\\framework\\src\\Illuminate\\Pipeline\\Pipeline.php(180): Illuminate\\Routing\\Middleware\\SubstituteBindings->handle(Object(Illuminate\\Http\\Request), Object(Closure))
#14 C:\\Users\\ana.abrantes\\Desktop\\projetos\\estagiarios\\estagiarios\\vendor\\laravel\\framework\\src\\Illuminate\\Foundation\\Http\\Middleware\\VerifyCsrfToken.php(78): Illuminate\\Pipeline\\Pipeline->Illuminate\\Pipeline\\{closure}(Object(Illuminate\\Http\\Request))
#15 C:\\Users\\ana.abrantes\\Desktop\\projetos\\estagiarios\\estagiarios\\vendor\\laravel\\framework\\src\\Illuminate\\Pipeline\\Pipeline.php(180): Illuminate\\Foundation\\Http\\Middleware\\VerifyCsrfToken->handle(Object(Illuminate\\Http\\Request), Object(Closure))
#16 C:\\Users\\ana.abrantes\\Desktop\\projetos\\estagiarios\\estagiarios\\vendor\\laravel\\framework\\src\\Illuminate\\View\\Middleware\\ShareErrorsFromSession.php(49): Illuminate\\Pipeline\\Pipeline->Illuminate\\Pipeline\\{closure}(Object(Illuminate\\Http\\Request))
#17 C:\\Users\\ana.abrantes\\Desktop\\projetos\\estagiarios\\estagiarios\\vendor\\laravel\\framework\\src\\Illuminate\\Pipeline\\Pipeline.php(180): Illuminate\\View\\Middleware\\ShareErrorsFromSession->handle(Object(Illuminate\\Http\\Request), Object(Closure))
#18 C:\\Users\\ana.abrantes\\Desktop\\projetos\\estagiarios\\estagiarios\\vendor\\laravel\\framework\\src\\Illuminate\\Session\\Middleware\\StartSession.php(121): Illuminate\\Pipeline\\Pipeline->Illuminate\\Pipeline\\{closure}(Object(Illuminate\\Http\\Request))
#19 C:\\Users\\ana.abrantes\\Desktop\\projetos\\estagiarios\\estagiarios\\vendor\\laravel\\framework\\src\\Illuminate\\Session\\Middleware\\StartSession.php(64): Illuminate\\Session\\Middleware\\StartSession->handleStatefulRequest(Object(Illuminate\\Http\\Request), Object(Illuminate\\Session\\Store), Object(Closure))
#20 C:\\Users\\ana.abrantes\\Desktop\\projetos\\estagiarios\\estagiarios\\vendor\\laravel\\framework\\src\\Illuminate\\Pipeline\\Pipeline.php(180): Illuminate\\Session\\Middleware\\StartSession->handle(Object(Illuminate\\Http\\Request), Object(Closure))
#21 C:\\Users\\ana.abrantes\\Desktop\\projetos\\estagiarios\\estagiarios\\vendor\\laravel\\framework\\src\\Illuminate\\Cookie\\Middleware\\AddQueuedCookiesToResponse.php(37): Illuminate\\Pipeline\\Pipeline->Illuminate\\Pipeline\\{closure}(Object(Illuminate\\Http\\Request))
#22 C:\\Users\\ana.abrantes\\Desktop\\projetos\\estagiarios\\estagiarios\\vendor\\laravel\\framework\\src\\Illuminate\\Pipeline\\Pipeline.php(180): Illuminate\\Cookie\\Middleware\\AddQueuedCookiesToResponse->handle(Object(Illuminate\\Http\\Request), Object(Closure))
#23 C:\\Users\\ana.abrantes\\Desktop\\projetos\\estagiarios\\estagiarios\\vendor\\laravel\\framework\\src\\Illuminate\\Cookie\\Middleware\\EncryptCookies.php(67): Illuminate\\Pipeline\\Pipeline->Illuminate\\Pipeline\\{closure}(Object(Illuminate\\Http\\Request))
#24 C:\\Users\\ana.abrantes\\Desktop\\projetos\\estagiarios\\estagiarios\\vendor\\laravel\\framework\\src\\Illuminate\\Pipeline\\Pipeline.php(180): Illuminate\\Cookie\\Middleware\\EncryptCookies->handle(Object(Illuminate\\Http\\Request), Object(Closure))
#25 C:\\Users\\ana.abrantes\\Desktop\\projetos\\estagiarios\\estagiarios\\vendor\\laravel\\framework\\src\\Illuminate\\Pipeline\\Pipeline.php(116): Illuminate\\Pipeline\\Pipeline->Illuminate\\Pipeline\\{closure}(Object(Illuminate\\Http\\Request))
#26 C:\\Users\\ana.abrantes\\Desktop\\projetos\\estagiarios\\estagiarios\\vendor\\laravel\\framework\\src\\Illuminate\\Routing\\Router.php(797): Illuminate\\Pipeline\\Pipeline->then(Object(Closure))
#27 C:\\Users\\ana.abrantes\\Desktop\\projetos\\estagiarios\\estagiarios\\vendor\\laravel\\framework\\src\\Illuminate\\Routing\\Router.php(776): Illuminate\\Routing\\Router->runRouteWithinStack(Object(Illuminate\\Routing\\Route), Object(Illuminate\\Http\\Request))
#28 C:\\Users\\ana.abrantes\\Desktop\\projetos\\estagiarios\\estagiarios\\vendor\\laravel\\framework\\src\\Illuminate\\Routing\\Router.php(740): Illuminate\\Routing\\Router->runRoute(Object(Illuminate\\Http\\Request), Object(Illuminate\\Routing\\Route))
#29 C:\\Users\\ana.abrantes\\Desktop\\projetos\\estagiarios\\estagiarios\\vendor\\laravel\\framework\\src\\Illuminate\\Routing\\Router.php(729): Illuminate\\Routing\\Router->dispatchToRoute(Object(Illuminate\\Http\\Request))
#30 C:\\Users\\ana.abrantes\\Desktop\\projetos\\estagiarios\\estagiarios\\vendor\\laravel\\framework\\src\\Illuminate\\Foundation\\Http\\Kernel.php(200): Illuminate\\Routing\\Router->dispatch(Object(Illuminate\\Http\\Request))
#31 C:\\Users\\ana.abrantes\\Desktop\\projetos\\estagiarios\\estagiarios\\vendor\\laravel\\framework\\src\\Illuminate\\Pipeline\\Pipeline.php(141): Illuminate\\Foundation\\Http\\Kernel->Illuminate\\Foundation\\Http\\{closure}(Object(Illuminate\\Http\\Request))
#32 C:\\Users\\ana.abrantes\\Desktop\\projetos\\estagiarios\\estagiarios\\vendor\\laravel\\framework\\src\\Illuminate\\Foundation\\Http\\Middleware\\TransformsRequest.php(21): Illuminate\\Pipeline\\Pipeline->Illuminate\\Pipeline\\{closure}(Object(Illuminate\\Http\\Request))
#33 C:\\Users\\ana.abrantes\\Desktop\\projetos\\estagiarios\\estagiarios\\vendor\\laravel\\framework\\src\\Illuminate\\Foundation\\Http\\Middleware\\ConvertEmptyStringsToNull.php(31): Illuminate\\Foundation\\Http\\Middleware\\TransformsRequest->handle(Object(Illuminate\\Http\\Request), Object(Closure))
#34 C:\\Users\\ana.abrantes\\Desktop\\projetos\\estagiarios\\estagiarios\\vendor\\laravel\\framework\\src\\Illuminate\\Pipeline\\Pipeline.php(180): Illuminate\\Foundation\\Http\\Middleware\\ConvertEmptyStringsToNull->handle(Object(Illuminate\\Http\\Request), Object(Closure))
#35 C:\\Users\\ana.abrantes\\Desktop\\projetos\\estagiarios\\estagiarios\\vendor\\laravel\\framework\\src\\Illuminate\\Foundation\\Http\\Middleware\\TransformsRequest.php(21): Illuminate\\Pipeline\\Pipeline->Illuminate\\Pipeline\\{closure}(Object(Illuminate\\Http\\Request))
#36 C:\\Users\\ana.abrantes\\Desktop\\projetos\\estagiarios\\estagiarios\\vendor\\laravel\\framework\\src\\Illuminate\\Foundation\\Http\\Middleware\\TrimStrings.php(40): Illuminate\\Foundation\\Http\\Middleware\\TransformsRequest->handle(Object(Illuminate\\Http\\Request), Object(Closure))
#37 C:\\Users\\ana.abrantes\\Desktop\\projetos\\estagiarios\\estagiarios\\vendor\\laravel\\framework\\src\\Illuminate\\Pipeline\\Pipeline.php(180): Illuminate\\Foundation\\Http\\Middleware\\TrimStrings->handle(Object(Illuminate\\Http\\Request), Object(Closure))
#38 C:\\Users\\ana.abrantes\\Desktop\\projetos\\estagiarios\\estagiarios\\vendor\\laravel\\framework\\src\\Illuminate\\Foundation\\Http\\Middleware\\ValidatePostSize.php(27): Illuminate\\Pipeline\\Pipeline->Illuminate\\Pipeline\\{closure}(Object(Illuminate\\Http\\Request))
#39 C:\\Users\\ana.abrantes\\Desktop\\projetos\\estagiarios\\estagiarios\\vendor\\laravel\\framework\\src\\Illuminate\\Pipeline\\Pipeline.php(180): Illuminate\\Foundation\\Http\\Middleware\\ValidatePostSize->handle(Object(Illuminate\\Http\\Request), Object(Closure))
#40 C:\\Users\\ana.abrantes\\Desktop\\projetos\\estagiarios\\estagiarios\\vendor\\laravel\\framework\\src\\Illuminate\\Foundation\\Http\\Middleware\\PreventRequestsDuringMaintenance.php(86): Illuminate\\Pipeline\\Pipeline->Illuminate\\Pipeline\\{closure}(Object(Illuminate\\Http\\Request))
#41 C:\\Users\\ana.abrantes\\Desktop\\projetos\\estagiarios\\estagiarios\\vendor\\laravel\\framework\\src\\Illuminate\\Pipeline\\Pipeline.php(180): Illuminate\\Foundation\\Http\\Middleware\\PreventRequestsDuringMaintenance->handle(Object(Illuminate\\Http\\Request), Object(Closure))
#42 C:\\Users\\ana.abrantes\\Desktop\\projetos\\estagiarios\\estagiarios\\vendor\\laravel\\framework\\src\\Illuminate\\Http\\Middleware\\HandleCors.php(49): Illuminate\\Pipeline\\Pipeline->Illuminate\\Pipeline\\{closure}(Object(Illuminate\\Http\\Request))
#43 C:\\Users\\ana.abrantes\\Desktop\\projetos\\estagiarios\\estagiarios\\vendor\\laravel\\framework\\src\\Illuminate\\Pipeline\\Pipeline.php(180): Illuminate\\Http\\Middleware\\HandleCors->handle(Object(Illuminate\\Http\\Request), Object(Closure))
#44 C:\\Users\\ana.abrantes\\Desktop\\projetos\\estagiarios\\estagiarios\\vendor\\laravel\\framework\\src\\Illuminate\\Http\\Middleware\\TrustProxies.php(39): Illuminate\\Pipeline\\Pipeline->Illuminate\\Pipeline\\{closure}(Object(Illuminate\\Http\\Request))
#45 C:\\Users\\ana.abrantes\\Desktop\\projetos\\estagiarios\\estagiarios\\vendor\\laravel\\framework\\src\\Illuminate\\Pipeline\\Pipeline.php(180): Illuminate\\Http\\Middleware\\TrustProxies->handle(Object(Illuminate\\Http\\Request), Object(Closure))
#46 C:\\Users\\ana.abrantes\\Desktop\\projetos\\estagiarios\\estagiarios\\vendor\\laravel\\framework\\src\\Illuminate\\Pipeline\\Pipeline.php(116): Illuminate\\Pipeline\\Pipeline->Illuminate\\Pipeline\\{closure}(Object(Illuminate\\Http\\Request))
#47 C:\\Users\\ana.abrantes\\Desktop\\projetos\\estagiarios\\estagiarios\\vendor\\laravel\\framework\\src\\Illuminate\\Foundation\\Http\\Kernel.php(175): Illuminate\\Pipeline\\Pipeline->then(Object(Closure))
#48 C:\\Users\\ana.abrantes\\Desktop\\projetos\\estagiarios\\estagiarios\\vendor\\laravel\\framework\\src\\Illuminate\\Foundation\\Http\\Kernel.php(144): Illuminate\\Foundation\\Http\\Kernel->sendRequestThroughRouter(Object(Illuminate\\Http\\Request))
#49 C:\\Users\\ana.abrantes\\Desktop\\projetos\\estagiarios\\estagiarios\\public\\index.php(51): Illuminate\\Foundation\\Http\\Kernel->handle(Object(Illuminate\\Http\\Request))
#50 C:\\Users\\ana.abrantes\\Desktop\\projetos\\estagiarios\\estagiarios\\vendor\\laravel\\framework\\src\\Illuminate\\Foundation\\resources\\server.php(16): require_once('C:\\\\Users\\\\ana.ab...')
#51 {main}
"} 
[2023-06-20 15:06:40] local.ERROR: Call to undefined method Illuminate\Http\RedirectResponse::set_time_limit() {"exception":"[object] (BadMethodCallException(code: 0): Call to undefined method Illuminate\\Http\\RedirectResponse::set_time_limit() at C:\\Users\\ana.abrantes\\Desktop\\projetos\\estagiarios\\estagiarios\\vendor\\laravel\\framework\\src\\Illuminate\\Support\\Traits\\ForwardsCalls.php:71)
[stacktrace]
#0 C:\\Users\\ana.abrantes\\Desktop\\projetos\\estagiarios\\estagiarios\\vendor\\laravel\\framework\\src\\Illuminate\\Http\\RedirectResponse.php(256): Illuminate\\Http\\RedirectResponse::throwBadMethodCallException('set_time_limit')
#1 C:\\Users\\ana.abrantes\\Desktop\\projetos\\estagiarios\\estagiarios\\app\\Http\\Controllers\\EstagiarioController.php(116): Illuminate\\Http\\RedirectResponse->__call('set_time_limit', Array)
#2 C:\\Users\\ana.abrantes\\Desktop\\projetos\\estagiarios\\estagiarios\\vendor\\laravel\\framework\\src\\Illuminate\\Routing\\Controller.php(54): App\\Http\\Controllers\\EstagiarioController->store(Object(Illuminate\\Http\\Request))
#3 C:\\Users\\ana.abrantes\\Desktop\\projetos\\estagiarios\\estagiarios\\vendor\\laravel\\framework\\src\\Illuminate\\Routing\\ControllerDispatcher.php(43): Illuminate\\Routing\\Controller->callAction('store', Array)
#4 C:\\Users\\ana.abrantes\\Desktop\\projetos\\estagiarios\\estagiarios\\vendor\\laravel\\framework\\src\\Illuminate\\Routing\\Route.php(259): Illuminate\\Routing\\ControllerDispatcher->dispatch(Object(Illuminate\\Routing\\Route), Object(App\\Http\\Controllers\\EstagiarioController), 'store')
#5 C:\\Users\\ana.abrantes\\Desktop\\projetos\\estagiarios\\estagiarios\\vendor\\laravel\\framework\\src\\Illuminate\\Routing\\Route.php(205): Illuminate\\Routing\\Route->runController()
#6 C:\\Users\\ana.abrantes\\Desktop\\projetos\\estagiarios\\estagiarios\\vendor\\laravel\\framework\\src\\Illuminate\\Routing\\Router.php(798): Illuminate\\Routing\\Route->run()
#7 C:\\Users\\ana.abrantes\\Desktop\\projetos\\estagiarios\\estagiarios\\vendor\\laravel\\framework\\src\\Illuminate\\Pipeline\\Pipeline.php(141): Illuminate\\Routing\\Router->Illuminate\\Routing\\{closure}(Object(Illuminate\\Http\\Request))
#8 C:\\Users\\ana.abrantes\\Desktop\\projetos\\estagiarios\\estagiarios\\vendor\\laravel\\framework\\src\\Illuminate\\Routing\\Middleware\\SubstituteBindings.php(50): Illuminate\\Pipeline\\Pipeline->Illuminate\\Pipeline\\{closure}(Object(Illuminate\\Http\\Request))
#9 C:\\Users\\ana.abrantes\\Desktop\\projetos\\estagiarios\\estagiarios\\vendor\\laravel\\framework\\src\\Illuminate\\Pipeline\\Pipeline.php(180): Illuminate\\Routing\\Middleware\\SubstituteBindings->handle(Object(Illuminate\\Http\\Request), Object(Closure))
#10 C:\\Users\\ana.abrantes\\Desktop\\projetos\\estagiarios\\estagiarios\\vendor\\laravel\\framework\\src\\Illuminate\\Foundation\\Http\\Middleware\\VerifyCsrfToken.php(78): Illuminate\\Pipeline\\Pipeline->Illuminate\\Pipeline\\{closure}(Object(Illuminate\\Http\\Request))
#11 C:\\Users\\ana.abrantes\\Desktop\\projetos\\estagiarios\\estagiarios\\vendor\\laravel\\framework\\src\\Illuminate\\Pipeline\\Pipeline.php(180): Illuminate\\Foundation\\Http\\Middleware\\VerifyCsrfToken->handle(Object(Illuminate\\Http\\Request), Object(Closure))
#12 C:\\Users\\ana.abrantes\\Desktop\\projetos\\estagiarios\\estagiarios\\vendor\\laravel\\framework\\src\\Illuminate\\View\\Middleware\\ShareErrorsFromSession.php(49): Illuminate\\Pipeline\\Pipeline->Illuminate\\Pipeline\\{closure}(Object(Illuminate\\Http\\Request))
#13 C:\\Users\\ana.abrantes\\Desktop\\projetos\\estagiarios\\estagiarios\\vendor\\laravel\\framework\\src\\Illuminate\\Pipeline\\Pipeline.php(180): Illuminate\\View\\Middleware\\ShareErrorsFromSession->handle(Object(Illuminate\\Http\\Request), Object(Closure))
#14 C:\\Users\\ana.abrantes\\Desktop\\projetos\\estagiarios\\estagiarios\\vendor\\laravel\\framework\\src\\Illuminate\\Session\\Middleware\\StartSession.php(121): Illuminate\\Pipeline\\Pipeline->Illuminate\\Pipeline\\{closure}(Object(Illuminate\\Http\\Request))
#15 C:\\Users\\ana.abrantes\\Desktop\\projetos\\estagiarios\\estagiarios\\vendor\\laravel\\framework\\src\\Illuminate\\Session\\Middleware\\StartSession.php(64): Illuminate\\Session\\Middleware\\StartSession->handleStatefulRequest(Object(Illuminate\\Http\\Request), Object(Illuminate\\Session\\Store), Object(Closure))
#16 C:\\Users\\ana.abrantes\\Desktop\\projetos\\estagiarios\\estagiarios\\vendor\\laravel\\framework\\src\\Illuminate\\Pipeline\\Pipeline.php(180): Illuminate\\Session\\Middleware\\StartSession->handle(Object(Illuminate\\Http\\Request), Object(Closure))
#17 C:\\Users\\ana.abrantes\\Desktop\\projetos\\estagiarios\\estagiarios\\vendor\\laravel\\framework\\src\\Illuminate\\Cookie\\Middleware\\AddQueuedCookiesToResponse.php(37): Illuminate\\Pipeline\\Pipeline->Illuminate\\Pipeline\\{closure}(Object(Illuminate\\Http\\Request))
#18 C:\\Users\\ana.abrantes\\Desktop\\projetos\\estagiarios\\estagiarios\\vendor\\laravel\\framework\\src\\Illuminate\\Pipeline\\Pipeline.php(180): Illuminate\\Cookie\\Middleware\\AddQueuedCookiesToResponse->handle(Object(Illuminate\\Http\\Request), Object(Closure))
#19 C:\\Users\\ana.abrantes\\Desktop\\projetos\\estagiarios\\estagiarios\\vendor\\laravel\\framework\\src\\Illuminate\\Cookie\\Middleware\\EncryptCookies.php(67): Illuminate\\Pipeline\\Pipeline->Illuminate\\Pipeline\\{closure}(Object(Illuminate\\Http\\Request))
#20 C:\\Users\\ana.abrantes\\Desktop\\projetos\\estagiarios\\estagiarios\\vendor\\laravel\\framework\\src\\Illuminate\\Pipeline\\Pipeline.php(180): Illuminate\\Cookie\\Middleware\\EncryptCookies->handle(Object(Illuminate\\Http\\Request), Object(Closure))
#21 C:\\Users\\ana.abrantes\\Desktop\\projetos\\estagiarios\\estagiarios\\vendor\\laravel\\framework\\src\\Illuminate\\Pipeline\\Pipeline.php(116): Illuminate\\Pipeline\\Pipeline->Illuminate\\Pipeline\\{closure}(Object(Illuminate\\Http\\Request))
#22 C:\\Users\\ana.abrantes\\Desktop\\projetos\\estagiarios\\estagiarios\\vendor\\laravel\\framework\\src\\Illuminate\\Routing\\Router.php(797): Illuminate\\Pipeline\\Pipeline->then(Object(Closure))
#23 C:\\Users\\ana.abrantes\\Desktop\\projetos\\estagiarios\\estagiarios\\vendor\\laravel\\framework\\src\\Illuminate\\Routing\\Router.php(776): Illuminate\\Routing\\Router->runRouteWithinStack(Object(Illuminate\\Routing\\Route), Object(Illuminate\\Http\\Request))
#24 C:\\Users\\ana.abrantes\\Desktop\\projetos\\estagiarios\\estagiarios\\vendor\\laravel\\framework\\src\\Illuminate\\Routing\\Router.php(740): Illuminate\\Routing\\Router->runRoute(Object(Illuminate\\Http\\Request), Object(Illuminate\\Routing\\Route))
#25 C:\\Users\\ana.abrantes\\Desktop\\projetos\\estagiarios\\estagiarios\\vendor\\laravel\\framework\\src\\Illuminate\\Routing\\Router.php(729): Illuminate\\Routing\\Router->dispatchToRoute(Object(Illuminate\\Http\\Request))
#26 C:\\Users\\ana.abrantes\\Desktop\\projetos\\estagiarios\\estagiarios\\vendor\\laravel\\framework\\src\\Illuminate\\Foundation\\Http\\Kernel.php(200): Illuminate\\Routing\\Router->dispatch(Object(Illuminate\\Http\\Request))
#27 C:\\Users\\ana.abrantes\\Desktop\\projetos\\estagiarios\\estagiarios\\vendor\\laravel\\framework\\src\\Illuminate\\Pipeline\\Pipeline.php(141): Illuminate\\Foundation\\Http\\Kernel->Illuminate\\Foundation\\Http\\{closure}(Object(Illuminate\\Http\\Request))
#28 C:\\Users\\ana.abrantes\\Desktop\\projetos\\estagiarios\\estagiarios\\vendor\\laravel\\framework\\src\\Illuminate\\Foundation\\Http\\Middleware\\TransformsRequest.php(21): Illuminate\\Pipeline\\Pipeline->Illuminate\\Pipeline\\{closure}(Object(Illuminate\\Http\\Request))
#29 C:\\Users\\ana.abrantes\\Desktop\\projetos\\estagiarios\\estagiarios\\vendor\\laravel\\framework\\src\\Illuminate\\Foundation\\Http\\Middleware\\ConvertEmptyStringsToNull.php(31): Illuminate\\Foundation\\Http\\Middleware\\TransformsRequest->handle(Object(Illuminate\\Http\\Request), Object(Closure))
#30 C:\\Users\\ana.abrantes\\Desktop\\projetos\\estagiarios\\estagiarios\\vendor\\laravel\\framework\\src\\Illuminate\\Pipeline\\Pipeline.php(180): Illuminate\\Foundation\\Http\\Middleware\\ConvertEmptyStringsToNull->handle(Object(Illuminate\\Http\\Request), Object(Closure))
#31 C:\\Users\\ana.abrantes\\Desktop\\projetos\\estagiarios\\estagiarios\\vendor\\laravel\\framework\\src\\Illuminate\\Foundation\\Http\\Middleware\\TransformsRequest.php(21): Illuminate\\Pipeline\\Pipeline->Illuminate\\Pipeline\\{closure}(Object(Illuminate\\Http\\Request))
#32 C:\\Users\\ana.abrantes\\Desktop\\projetos\\estagiarios\\estagiarios\\vendor\\laravel\\framework\\src\\Illuminate\\Foundation\\Http\\Middleware\\TrimStrings.php(40): Illuminate\\Foundation\\Http\\Middleware\\TransformsRequest->handle(Object(Illuminate\\Http\\Request), Object(Closure))
#33 C:\\Users\\ana.abrantes\\Desktop\\projetos\\estagiarios\\estagiarios\\vendor\\laravel\\framework\\src\\Illuminate\\Pipeline\\Pipeline.php(180): Illuminate\\Foundation\\Http\\Middleware\\TrimStrings->handle(Object(Illuminate\\Http\\Request), Object(Closure))
#34 C:\\Users\\ana.abrantes\\Desktop\\projetos\\estagiarios\\estagiarios\\vendor\\laravel\\framework\\src\\Illuminate\\Foundation\\Http\\Middleware\\ValidatePostSize.php(27): Illuminate\\Pipeline\\Pipeline->Illuminate\\Pipeline\\{closure}(Object(Illuminate\\Http\\Request))
#35 C:\\Users\\ana.abrantes\\Desktop\\projetos\\estagiarios\\estagiarios\\vendor\\laravel\\framework\\src\\Illuminate\\Pipeline\\Pipeline.php(180): Illuminate\\Foundation\\Http\\Middleware\\ValidatePostSize->handle(Object(Illuminate\\Http\\Request), Object(Closure))
#36 C:\\Users\\ana.abrantes\\Desktop\\projetos\\estagiarios\\estagiarios\\vendor\\laravel\\framework\\src\\Illuminate\\Foundation\\Http\\Middleware\\PreventRequestsDuringMaintenance.php(86): Illuminate\\Pipeline\\Pipeline->Illuminate\\Pipeline\\{closure}(Object(Illuminate\\Http\\Request))
#37 C:\\Users\\ana.abrantes\\Desktop\\projetos\\estagiarios\\estagiarios\\vendor\\laravel\\framework\\src\\Illuminate\\Pipeline\\Pipeline.php(180): Illuminate\\Foundation\\Http\\Middleware\\PreventRequestsDuringMaintenance->handle(Object(Illuminate\\Http\\Request), Object(Closure))
#38 C:\\Users\\ana.abrantes\\Desktop\\projetos\\estagiarios\\estagiarios\\vendor\\laravel\\framework\\src\\Illuminate\\Http\\Middleware\\HandleCors.php(49): Illuminate\\Pipeline\\Pipeline->Illuminate\\Pipeline\\{closure}(Object(Illuminate\\Http\\Request))
#39 C:\\Users\\ana.abrantes\\Desktop\\projetos\\estagiarios\\estagiarios\\vendor\\laravel\\framework\\src\\Illuminate\\Pipeline\\Pipeline.php(180): Illuminate\\Http\\Middleware\\HandleCors->handle(Object(Illuminate\\Http\\Request), Object(Closure))
#40 C:\\Users\\ana.abrantes\\Desktop\\projetos\\estagiarios\\estagiarios\\vendor\\laravel\\framework\\src\\Illuminate\\Http\\Middleware\\TrustProxies.php(39): Illuminate\\Pipeline\\Pipeline->Illuminate\\Pipeline\\{closure}(Object(Illuminate\\Http\\Request))
#41 C:\\Users\\ana.abrantes\\Desktop\\projetos\\estagiarios\\estagiarios\\vendor\\laravel\\framework\\src\\Illuminate\\Pipeline\\Pipeline.php(180): Illuminate\\Http\\Middleware\\TrustProxies->handle(Object(Illuminate\\Http\\Request), Object(Closure))
#42 C:\\Users\\ana.abrantes\\Desktop\\projetos\\estagiarios\\estagiarios\\vendor\\laravel\\framework\\src\\Illuminate\\Pipeline\\Pipeline.php(116): Illuminate\\Pipeline\\Pipeline->Illuminate\\Pipeline\\{closure}(Object(Illuminate\\Http\\Request))
#43 C:\\Users\\ana.abrantes\\Desktop\\projetos\\estagiarios\\estagiarios\\vendor\\laravel\\framework\\src\\Illuminate\\Foundation\\Http\\Kernel.php(175): Illuminate\\Pipeline\\Pipeline->then(Object(Closure))
#44 C:\\Users\\ana.abrantes\\Desktop\\projetos\\estagiarios\\estagiarios\\vendor\\laravel\\framework\\src\\Illuminate\\Foundation\\Http\\Kernel.php(144): Illuminate\\Foundation\\Http\\Kernel->sendRequestThroughRouter(Object(Illuminate\\Http\\Request))
#45 C:\\Users\\ana.abrantes\\Desktop\\projetos\\estagiarios\\estagiarios\\public\\index.php(51): Illuminate\\Foundation\\Http\\Kernel->handle(Object(Illuminate\\Http\\Request))
#46 C:\\Users\\ana.abrantes\\Desktop\\projetos\\estagiarios\\estagiarios\\vendor\\laravel\\framework\\src\\Illuminate\\Foundation\\resources\\server.php(16): require_once('C:\\\\Users\\\\ana.ab...')
#47 {main}
"} 
[2023-06-21 14:25:04] local.ERROR: Call to a member function store() on null {"exception":"[object] (Error(code: 0): Call to a member function store() on null at C:\\Users\\ana.abrantes\\Desktop\\projetos\\estagiarios\\estagiarios\\app\\Http\\Controllers\\EstagiarioController.php:65)
[stacktrace]
#0 C:\\Users\\ana.abrantes\\Desktop\\projetos\\estagiarios\\estagiarios\\vendor\\laravel\\framework\\src\\Illuminate\\Routing\\Controller.php(54): App\\Http\\Controllers\\EstagiarioController->update(Object(Illuminate\\Http\\Request), Object(App\\Models\\Estagiario))
#1 C:\\Users\\ana.abrantes\\Desktop\\projetos\\estagiarios\\estagiarios\\vendor\\laravel\\framework\\src\\Illuminate\\Routing\\ControllerDispatcher.php(43): Illuminate\\Routing\\Controller->callAction('update', Array)
#2 C:\\Users\\ana.abrantes\\Desktop\\projetos\\estagiarios\\estagiarios\\vendor\\laravel\\framework\\src\\Illuminate\\Routing\\Route.php(259): Illuminate\\Routing\\ControllerDispatcher->dispatch(Object(Illuminate\\Routing\\Route), Object(App\\Http\\Controllers\\EstagiarioController), 'update')
#3 C:\\Users\\ana.abrantes\\Desktop\\projetos\\estagiarios\\estagiarios\\vendor\\laravel\\framework\\src\\Illuminate\\Routing\\Route.php(205): Illuminate\\Routing\\Route->runController()
#4 C:\\Users\\ana.abrantes\\Desktop\\projetos\\estagiarios\\estagiarios\\vendor\\laravel\\framework\\src\\Illuminate\\Routing\\Router.php(798): Illuminate\\Routing\\Route->run()
#5 C:\\Users\\ana.abrantes\\Desktop\\projetos\\estagiarios\\estagiarios\\vendor\\laravel\\framework\\src\\Illuminate\\Pipeline\\Pipeline.php(141): Illuminate\\Routing\\Router->Illuminate\\Routing\\{closure}(Object(Illuminate\\Http\\Request))
#6 C:\\Users\\ana.abrantes\\Desktop\\projetos\\estagiarios\\estagiarios\\vendor\\laravel\\framework\\src\\Illuminate\\Routing\\Middleware\\SubstituteBindings.php(50): Illuminate\\Pipeline\\Pipeline->Illuminate\\Pipeline\\{closure}(Object(Illuminate\\Http\\Request))
#7 C:\\Users\\ana.abrantes\\Desktop\\projetos\\estagiarios\\estagiarios\\vendor\\laravel\\framework\\src\\Illuminate\\Pipeline\\Pipeline.php(180): Illuminate\\Routing\\Middleware\\SubstituteBindings->handle(Object(Illuminate\\Http\\Request), Object(Closure))
#8 C:\\Users\\ana.abrantes\\Desktop\\projetos\\estagiarios\\estagiarios\\vendor\\laravel\\framework\\src\\Illuminate\\Foundation\\Http\\Middleware\\VerifyCsrfToken.php(78): Illuminate\\Pipeline\\Pipeline->Illuminate\\Pipeline\\{closure}(Object(Illuminate\\Http\\Request))
#9 C:\\Users\\ana.abrantes\\Desktop\\projetos\\estagiarios\\estagiarios\\vendor\\laravel\\framework\\src\\Illuminate\\Pipeline\\Pipeline.php(180): Illuminate\\Foundation\\Http\\Middleware\\VerifyCsrfToken->handle(Object(Illuminate\\Http\\Request), Object(Closure))
#10 C:\\Users\\ana.abrantes\\Desktop\\projetos\\estagiarios\\estagiarios\\vendor\\laravel\\framework\\src\\Illuminate\\View\\Middleware\\ShareErrorsFromSession.php(49): Illuminate\\Pipeline\\Pipeline->Illuminate\\Pipeline\\{closure}(Object(Illuminate\\Http\\Request))
#11 C:\\Users\\ana.abrantes\\Desktop\\projetos\\estagiarios\\estagiarios\\vendor\\laravel\\framework\\src\\Illuminate\\Pipeline\\Pipeline.php(180): Illuminate\\View\\Middleware\\ShareErrorsFromSession->handle(Object(Illuminate\\Http\\Request), Object(Closure))
#12 C:\\Users\\ana.abrantes\\Desktop\\projetos\\estagiarios\\estagiarios\\vendor\\laravel\\framework\\src\\Illuminate\\Session\\Middleware\\StartSession.php(121): Illuminate\\Pipeline\\Pipeline->Illuminate\\Pipeline\\{closure}(Object(Illuminate\\Http\\Request))
#13 C:\\Users\\ana.abrantes\\Desktop\\projetos\\estagiarios\\estagiarios\\vendor\\laravel\\framework\\src\\Illuminate\\Session\\Middleware\\StartSession.php(64): Illuminate\\Session\\Middleware\\StartSession->handleStatefulRequest(Object(Illuminate\\Http\\Request), Object(Illuminate\\Session\\Store), Object(Closure))
#14 C:\\Users\\ana.abrantes\\Desktop\\projetos\\estagiarios\\estagiarios\\vendor\\laravel\\framework\\src\\Illuminate\\Pipeline\\Pipeline.php(180): Illuminate\\Session\\Middleware\\StartSession->handle(Object(Illuminate\\Http\\Request), Object(Closure))
#15 C:\\Users\\ana.abrantes\\Desktop\\projetos\\estagiarios\\estagiarios\\vendor\\laravel\\framework\\src\\Illuminate\\Cookie\\Middleware\\AddQueuedCookiesToResponse.php(37): Illuminate\\Pipeline\\Pipeline->Illuminate\\Pipeline\\{closure}(Object(Illuminate\\Http\\Request))
#16 C:\\Users\\ana.abrantes\\Desktop\\projetos\\estagiarios\\estagiarios\\vendor\\laravel\\framework\\src\\Illuminate\\Pipeline\\Pipeline.php(180): Illuminate\\Cookie\\Middleware\\AddQueuedCookiesToResponse->handle(Object(Illuminate\\Http\\Request), Object(Closure))
#17 C:\\Users\\ana.abrantes\\Desktop\\projetos\\estagiarios\\estagiarios\\vendor\\laravel\\framework\\src\\Illuminate\\Cookie\\Middleware\\EncryptCookies.php(67): Illuminate\\Pipeline\\Pipeline->Illuminate\\Pipeline\\{closure}(Object(Illuminate\\Http\\Request))
#18 C:\\Users\\ana.abrantes\\Desktop\\projetos\\estagiarios\\estagiarios\\vendor\\laravel\\framework\\src\\Illuminate\\Pipeline\\Pipeline.php(180): Illuminate\\Cookie\\Middleware\\EncryptCookies->handle(Object(Illuminate\\Http\\Request), Object(Closure))
#19 C:\\Users\\ana.abrantes\\Desktop\\projetos\\estagiarios\\estagiarios\\vendor\\laravel\\framework\\src\\Illuminate\\Pipeline\\Pipeline.php(116): Illuminate\\Pipeline\\Pipeline->Illuminate\\Pipeline\\{closure}(Object(Illuminate\\Http\\Request))
#20 C:\\Users\\ana.abrantes\\Desktop\\projetos\\estagiarios\\estagiarios\\vendor\\laravel\\framework\\src\\Illuminate\\Routing\\Router.php(797): Illuminate\\Pipeline\\Pipeline->then(Object(Closure))
#21 C:\\Users\\ana.abrantes\\Desktop\\projetos\\estagiarios\\estagiarios\\vendor\\laravel\\framework\\src\\Illuminate\\Routing\\Router.php(776): Illuminate\\Routing\\Router->runRouteWithinStack(Object(Illuminate\\Routing\\Route), Object(Illuminate\\Http\\Request))
#22 C:\\Users\\ana.abrantes\\Desktop\\projetos\\estagiarios\\estagiarios\\vendor\\laravel\\framework\\src\\Illuminate\\Routing\\Router.php(740): Illuminate\\Routing\\Router->runRoute(Object(Illuminate\\Http\\Request), Object(Illuminate\\Routing\\Route))
#23 C:\\Users\\ana.abrantes\\Desktop\\projetos\\estagiarios\\estagiarios\\vendor\\laravel\\framework\\src\\Illuminate\\Routing\\Router.php(729): Illuminate\\Routing\\Router->dispatchToRoute(Object(Illuminate\\Http\\Request))
#24 C:\\Users\\ana.abrantes\\Desktop\\projetos\\estagiarios\\estagiarios\\vendor\\laravel\\framework\\src\\Illuminate\\Foundation\\Http\\Kernel.php(200): Illuminate\\Routing\\Router->dispatch(Object(Illuminate\\Http\\Request))
#25 C:\\Users\\ana.abrantes\\Desktop\\projetos\\estagiarios\\estagiarios\\vendor\\laravel\\framework\\src\\Illuminate\\Pipeline\\Pipeline.php(141): Illuminate\\Foundation\\Http\\Kernel->Illuminate\\Foundation\\Http\\{closure}(Object(Illuminate\\Http\\Request))
#26 C:\\Users\\ana.abrantes\\Desktop\\projetos\\estagiarios\\estagiarios\\vendor\\laravel\\framework\\src\\Illuminate\\Foundation\\Http\\Middleware\\TransformsRequest.php(21): Illuminate\\Pipeline\\Pipeline->Illuminate\\Pipeline\\{closure}(Object(Illuminate\\Http\\Request))
#27 C:\\Users\\ana.abrantes\\Desktop\\projetos\\estagiarios\\estagiarios\\vendor\\laravel\\framework\\src\\Illuminate\\Foundation\\Http\\Middleware\\ConvertEmptyStringsToNull.php(31): Illuminate\\Foundation\\Http\\Middleware\\TransformsRequest->handle(Object(Illuminate\\Http\\Request), Object(Closure))
#28 C:\\Users\\ana.abrantes\\Desktop\\projetos\\estagiarios\\estagiarios\\vendor\\laravel\\framework\\src\\Illuminate\\Pipeline\\Pipeline.php(180): Illuminate\\Foundation\\Http\\Middleware\\ConvertEmptyStringsToNull->handle(Object(Illuminate\\Http\\Request), Object(Closure))
#29 C:\\Users\\ana.abrantes\\Desktop\\projetos\\estagiarios\\estagiarios\\vendor\\laravel\\framework\\src\\Illuminate\\Foundation\\Http\\Middleware\\TransformsRequest.php(21): Illuminate\\Pipeline\\Pipeline->Illuminate\\Pipeline\\{closure}(Object(Illuminate\\Http\\Request))
#30 C:\\Users\\ana.abrantes\\Desktop\\projetos\\estagiarios\\estagiarios\\vendor\\laravel\\framework\\src\\Illuminate\\Foundation\\Http\\Middleware\\TrimStrings.php(40): Illuminate\\Foundation\\Http\\Middleware\\TransformsRequest->handle(Object(Illuminate\\Http\\Request), Object(Closure))
#31 C:\\Users\\ana.abrantes\\Desktop\\projetos\\estagiarios\\estagiarios\\vendor\\laravel\\framework\\src\\Illuminate\\Pipeline\\Pipeline.php(180): Illuminate\\Foundation\\Http\\Middleware\\TrimStrings->handle(Object(Illuminate\\Http\\Request), Object(Closure))
#32 C:\\Users\\ana.abrantes\\Desktop\\projetos\\estagiarios\\estagiarios\\vendor\\laravel\\framework\\src\\Illuminate\\Foundation\\Http\\Middleware\\ValidatePostSize.php(27): Illuminate\\Pipeline\\Pipeline->Illuminate\\Pipeline\\{closure}(Object(Illuminate\\Http\\Request))
#33 C:\\Users\\ana.abrantes\\Desktop\\projetos\\estagiarios\\estagiarios\\vendor\\laravel\\framework\\src\\Illuminate\\Pipeline\\Pipeline.php(180): Illuminate\\Foundation\\Http\\Middleware\\ValidatePostSize->handle(Object(Illuminate\\Http\\Request), Object(Closure))
#34 C:\\Users\\ana.abrantes\\Desktop\\projetos\\estagiarios\\estagiarios\\vendor\\laravel\\framework\\src\\Illuminate\\Foundation\\Http\\Middleware\\PreventRequestsDuringMaintenance.php(86): Illuminate\\Pipeline\\Pipeline->Illuminate\\Pipeline\\{closure}(Object(Illuminate\\Http\\Request))
#35 C:\\Users\\ana.abrantes\\Desktop\\projetos\\estagiarios\\estagiarios\\vendor\\laravel\\framework\\src\\Illuminate\\Pipeline\\Pipeline.php(180): Illuminate\\Foundation\\Http\\Middleware\\PreventRequestsDuringMaintenance->handle(Object(Illuminate\\Http\\Request), Object(Closure))
#36 C:\\Users\\ana.abrantes\\Desktop\\projetos\\estagiarios\\estagiarios\\vendor\\laravel\\framework\\src\\Illuminate\\Http\\Middleware\\HandleCors.php(49): Illuminate\\Pipeline\\Pipeline->Illuminate\\Pipeline\\{closure}(Object(Illuminate\\Http\\Request))
#37 C:\\Users\\ana.abrantes\\Desktop\\projetos\\estagiarios\\estagiarios\\vendor\\laravel\\framework\\src\\Illuminate\\Pipeline\\Pipeline.php(180): Illuminate\\Http\\Middleware\\HandleCors->handle(Object(Illuminate\\Http\\Request), Object(Closure))
#38 C:\\Users\\ana.abrantes\\Desktop\\projetos\\estagiarios\\estagiarios\\vendor\\laravel\\framework\\src\\Illuminate\\Http\\Middleware\\TrustProxies.php(39): Illuminate\\Pipeline\\Pipeline->Illuminate\\Pipeline\\{closure}(Object(Illuminate\\Http\\Request))
#39 C:\\Users\\ana.abrantes\\Desktop\\projetos\\estagiarios\\estagiarios\\vendor\\laravel\\framework\\src\\Illuminate\\Pipeline\\Pipeline.php(180): Illuminate\\Http\\Middleware\\TrustProxies->handle(Object(Illuminate\\Http\\Request), Object(Closure))
#40 C:\\Users\\ana.abrantes\\Desktop\\projetos\\estagiarios\\estagiarios\\vendor\\laravel\\framework\\src\\Illuminate\\Pipeline\\Pipeline.php(116): Illuminate\\Pipeline\\Pipeline->Illuminate\\Pipeline\\{closure}(Object(Illuminate\\Http\\Request))
#41 C:\\Users\\ana.abrantes\\Desktop\\projetos\\estagiarios\\estagiarios\\vendor\\laravel\\framework\\src\\Illuminate\\Foundation\\Http\\Kernel.php(175): Illuminate\\Pipeline\\Pipeline->then(Object(Closure))
#42 C:\\Users\\ana.abrantes\\Desktop\\projetos\\estagiarios\\estagiarios\\vendor\\laravel\\framework\\src\\Illuminate\\Foundation\\Http\\Kernel.php(144): Illuminate\\Foundation\\Http\\Kernel->sendRequestThroughRouter(Object(Illuminate\\Http\\Request))
#43 C:\\Users\\ana.abrantes\\Desktop\\projetos\\estagiarios\\estagiarios\\public\\index.php(51): Illuminate\\Foundation\\Http\\Kernel->handle(Object(Illuminate\\Http\\Request))
#44 C:\\Users\\ana.abrantes\\Desktop\\projetos\\estagiarios\\estagiarios\\vendor\\laravel\\framework\\src\\Illuminate\\Foundation\\resources\\server.php(16): require_once('C:\\\\Users\\\\ana.ab...')
#45 {main}
"} 
[2023-06-21 14:29:21] local.ERROR: Call to a member function store() on null {"exception":"[object] (Error(code: 0): Call to a member function store() on null at C:\\Users\\ana.abrantes\\Desktop\\projetos\\estagiarios\\estagiarios\\app\\Http\\Controllers\\EstagiarioController.php:65)
[stacktrace]
#0 C:\\Users\\ana.abrantes\\Desktop\\projetos\\estagiarios\\estagiarios\\vendor\\laravel\\framework\\src\\Illuminate\\Routing\\Controller.php(54): App\\Http\\Controllers\\EstagiarioController->update(Object(Illuminate\\Http\\Request), Object(App\\Models\\Estagiario))
#1 C:\\Users\\ana.abrantes\\Desktop\\projetos\\estagiarios\\estagiarios\\vendor\\laravel\\framework\\src\\Illuminate\\Routing\\ControllerDispatcher.php(43): Illuminate\\Routing\\Controller->callAction('update', Array)
#2 C:\\Users\\ana.abrantes\\Desktop\\projetos\\estagiarios\\estagiarios\\vendor\\laravel\\framework\\src\\Illuminate\\Routing\\Route.php(259): Illuminate\\Routing\\ControllerDispatcher->dispatch(Object(Illuminate\\Routing\\Route), Object(App\\Http\\Controllers\\EstagiarioController), 'update')
#3 C:\\Users\\ana.abrantes\\Desktop\\projetos\\estagiarios\\estagiarios\\vendor\\laravel\\framework\\src\\Illuminate\\Routing\\Route.php(205): Illuminate\\Routing\\Route->runController()
#4 C:\\Users\\ana.abrantes\\Desktop\\projetos\\estagiarios\\estagiarios\\vendor\\laravel\\framework\\src\\Illuminate\\Routing\\Router.php(798): Illuminate\\Routing\\Route->run()
#5 C:\\Users\\ana.abrantes\\Desktop\\projetos\\estagiarios\\estagiarios\\vendor\\laravel\\framework\\src\\Illuminate\\Pipeline\\Pipeline.php(141): Illuminate\\Routing\\Router->Illuminate\\Routing\\{closure}(Object(Illuminate\\Http\\Request))
#6 C:\\Users\\ana.abrantes\\Desktop\\projetos\\estagiarios\\estagiarios\\vendor\\laravel\\framework\\src\\Illuminate\\Routing\\Middleware\\SubstituteBindings.php(50): Illuminate\\Pipeline\\Pipeline->Illuminate\\Pipeline\\{closure}(Object(Illuminate\\Http\\Request))
#7 C:\\Users\\ana.abrantes\\Desktop\\projetos\\estagiarios\\estagiarios\\vendor\\laravel\\framework\\src\\Illuminate\\Pipeline\\Pipeline.php(180): Illuminate\\Routing\\Middleware\\SubstituteBindings->handle(Object(Illuminate\\Http\\Request), Object(Closure))
#8 C:\\Users\\ana.abrantes\\Desktop\\projetos\\estagiarios\\estagiarios\\vendor\\laravel\\framework\\src\\Illuminate\\Foundation\\Http\\Middleware\\VerifyCsrfToken.php(78): Illuminate\\Pipeline\\Pipeline->Illuminate\\Pipeline\\{closure}(Object(Illuminate\\Http\\Request))
#9 C:\\Users\\ana.abrantes\\Desktop\\projetos\\estagiarios\\estagiarios\\vendor\\laravel\\framework\\src\\Illuminate\\Pipeline\\Pipeline.php(180): Illuminate\\Foundation\\Http\\Middleware\\VerifyCsrfToken->handle(Object(Illuminate\\Http\\Request), Object(Closure))
#10 C:\\Users\\ana.abrantes\\Desktop\\projetos\\estagiarios\\estagiarios\\vendor\\laravel\\framework\\src\\Illuminate\\View\\Middleware\\ShareErrorsFromSession.php(49): Illuminate\\Pipeline\\Pipeline->Illuminate\\Pipeline\\{closure}(Object(Illuminate\\Http\\Request))
#11 C:\\Users\\ana.abrantes\\Desktop\\projetos\\estagiarios\\estagiarios\\vendor\\laravel\\framework\\src\\Illuminate\\Pipeline\\Pipeline.php(180): Illuminate\\View\\Middleware\\ShareErrorsFromSession->handle(Object(Illuminate\\Http\\Request), Object(Closure))
#12 C:\\Users\\ana.abrantes\\Desktop\\projetos\\estagiarios\\estagiarios\\vendor\\laravel\\framework\\src\\Illuminate\\Session\\Middleware\\StartSession.php(121): Illuminate\\Pipeline\\Pipeline->Illuminate\\Pipeline\\{closure}(Object(Illuminate\\Http\\Request))
#13 C:\\Users\\ana.abrantes\\Desktop\\projetos\\estagiarios\\estagiarios\\vendor\\laravel\\framework\\src\\Illuminate\\Session\\Middleware\\StartSession.php(64): Illuminate\\Session\\Middleware\\StartSession->handleStatefulRequest(Object(Illuminate\\Http\\Request), Object(Illuminate\\Session\\Store), Object(Closure))
#14 C:\\Users\\ana.abrantes\\Desktop\\projetos\\estagiarios\\estagiarios\\vendor\\laravel\\framework\\src\\Illuminate\\Pipeline\\Pipeline.php(180): Illuminate\\Session\\Middleware\\StartSession->handle(Object(Illuminate\\Http\\Request), Object(Closure))
#15 C:\\Users\\ana.abrantes\\Desktop\\projetos\\estagiarios\\estagiarios\\vendor\\laravel\\framework\\src\\Illuminate\\Cookie\\Middleware\\AddQueuedCookiesToResponse.php(37): Illuminate\\Pipeline\\Pipeline->Illuminate\\Pipeline\\{closure}(Object(Illuminate\\Http\\Request))
#16 C:\\Users\\ana.abrantes\\Desktop\\projetos\\estagiarios\\estagiarios\\vendor\\laravel\\framework\\src\\Illuminate\\Pipeline\\Pipeline.php(180): Illuminate\\Cookie\\Middleware\\AddQueuedCookiesToResponse->handle(Object(Illuminate\\Http\\Request), Object(Closure))
#17 C:\\Users\\ana.abrantes\\Desktop\\projetos\\estagiarios\\estagiarios\\vendor\\laravel\\framework\\src\\Illuminate\\Cookie\\Middleware\\EncryptCookies.php(67): Illuminate\\Pipeline\\Pipeline->Illuminate\\Pipeline\\{closure}(Object(Illuminate\\Http\\Request))
#18 C:\\Users\\ana.abrantes\\Desktop\\projetos\\estagiarios\\estagiarios\\vendor\\laravel\\framework\\src\\Illuminate\\Pipeline\\Pipeline.php(180): Illuminate\\Cookie\\Middleware\\EncryptCookies->handle(Object(Illuminate\\Http\\Request), Object(Closure))
#19 C:\\Users\\ana.abrantes\\Desktop\\projetos\\estagiarios\\estagiarios\\vendor\\laravel\\framework\\src\\Illuminate\\Pipeline\\Pipeline.php(116): Illuminate\\Pipeline\\Pipeline->Illuminate\\Pipeline\\{closure}(Object(Illuminate\\Http\\Request))
#20 C:\\Users\\ana.abrantes\\Desktop\\projetos\\estagiarios\\estagiarios\\vendor\\laravel\\framework\\src\\Illuminate\\Routing\\Router.php(797): Illuminate\\Pipeline\\Pipeline->then(Object(Closure))
#21 C:\\Users\\ana.abrantes\\Desktop\\projetos\\estagiarios\\estagiarios\\vendor\\laravel\\framework\\src\\Illuminate\\Routing\\Router.php(776): Illuminate\\Routing\\Router->runRouteWithinStack(Object(Illuminate\\Routing\\Route), Object(Illuminate\\Http\\Request))
#22 C:\\Users\\ana.abrantes\\Desktop\\projetos\\estagiarios\\estagiarios\\vendor\\laravel\\framework\\src\\Illuminate\\Routing\\Router.php(740): Illuminate\\Routing\\Router->runRoute(Object(Illuminate\\Http\\Request), Object(Illuminate\\Routing\\Route))
#23 C:\\Users\\ana.abrantes\\Desktop\\projetos\\estagiarios\\estagiarios\\vendor\\laravel\\framework\\src\\Illuminate\\Routing\\Router.php(729): Illuminate\\Routing\\Router->dispatchToRoute(Object(Illuminate\\Http\\Request))
#24 C:\\Users\\ana.abrantes\\Desktop\\projetos\\estagiarios\\estagiarios\\vendor\\laravel\\framework\\src\\Illuminate\\Foundation\\Http\\Kernel.php(200): Illuminate\\Routing\\Router->dispatch(Object(Illuminate\\Http\\Request))
#25 C:\\Users\\ana.abrantes\\Desktop\\projetos\\estagiarios\\estagiarios\\vendor\\laravel\\framework\\src\\Illuminate\\Pipeline\\Pipeline.php(141): Illuminate\\Foundation\\Http\\Kernel->Illuminate\\Foundation\\Http\\{closure}(Object(Illuminate\\Http\\Request))
#26 C:\\Users\\ana.abrantes\\Desktop\\projetos\\estagiarios\\estagiarios\\vendor\\laravel\\framework\\src\\Illuminate\\Foundation\\Http\\Middleware\\TransformsRequest.php(21): Illuminate\\Pipeline\\Pipeline->Illuminate\\Pipeline\\{closure}(Object(Illuminate\\Http\\Request))
#27 C:\\Users\\ana.abrantes\\Desktop\\projetos\\estagiarios\\estagiarios\\vendor\\laravel\\framework\\src\\Illuminate\\Foundation\\Http\\Middleware\\ConvertEmptyStringsToNull.php(31): Illuminate\\Foundation\\Http\\Middleware\\TransformsRequest->handle(Object(Illuminate\\Http\\Request), Object(Closure))
#28 C:\\Users\\ana.abrantes\\Desktop\\projetos\\estagiarios\\estagiarios\\vendor\\laravel\\framework\\src\\Illuminate\\Pipeline\\Pipeline.php(180): Illuminate\\Foundation\\Http\\Middleware\\ConvertEmptyStringsToNull->handle(Object(Illuminate\\Http\\Request), Object(Closure))
#29 C:\\Users\\ana.abrantes\\Desktop\\projetos\\estagiarios\\estagiarios\\vendor\\laravel\\framework\\src\\Illuminate\\Foundation\\Http\\Middleware\\TransformsRequest.php(21): Illuminate\\Pipeline\\Pipeline->Illuminate\\Pipeline\\{closure}(Object(Illuminate\\Http\\Request))
#30 C:\\Users\\ana.abrantes\\Desktop\\projetos\\estagiarios\\estagiarios\\vendor\\laravel\\framework\\src\\Illuminate\\Foundation\\Http\\Middleware\\TrimStrings.php(40): Illuminate\\Foundation\\Http\\Middleware\\TransformsRequest->handle(Object(Illuminate\\Http\\Request), Object(Closure))
#31 C:\\Users\\ana.abrantes\\Desktop\\projetos\\estagiarios\\estagiarios\\vendor\\laravel\\framework\\src\\Illuminate\\Pipeline\\Pipeline.php(180): Illuminate\\Foundation\\Http\\Middleware\\TrimStrings->handle(Object(Illuminate\\Http\\Request), Object(Closure))
#32 C:\\Users\\ana.abrantes\\Desktop\\projetos\\estagiarios\\estagiarios\\vendor\\laravel\\framework\\src\\Illuminate\\Foundation\\Http\\Middleware\\ValidatePostSize.php(27): Illuminate\\Pipeline\\Pipeline->Illuminate\\Pipeline\\{closure}(Object(Illuminate\\Http\\Request))
#33 C:\\Users\\ana.abrantes\\Desktop\\projetos\\estagiarios\\estagiarios\\vendor\\laravel\\framework\\src\\Illuminate\\Pipeline\\Pipeline.php(180): Illuminate\\Foundation\\Http\\Middleware\\ValidatePostSize->handle(Object(Illuminate\\Http\\Request), Object(Closure))
#34 C:\\Users\\ana.abrantes\\Desktop\\projetos\\estagiarios\\estagiarios\\vendor\\laravel\\framework\\src\\Illuminate\\Foundation\\Http\\Middleware\\PreventRequestsDuringMaintenance.php(86): Illuminate\\Pipeline\\Pipeline->Illuminate\\Pipeline\\{closure}(Object(Illuminate\\Http\\Request))
#35 C:\\Users\\ana.abrantes\\Desktop\\projetos\\estagiarios\\estagiarios\\vendor\\laravel\\framework\\src\\Illuminate\\Pipeline\\Pipeline.php(180): Illuminate\\Foundation\\Http\\Middleware\\PreventRequestsDuringMaintenance->handle(Object(Illuminate\\Http\\Request), Object(Closure))
#36 C:\\Users\\ana.abrantes\\Desktop\\projetos\\estagiarios\\estagiarios\\vendor\\laravel\\framework\\src\\Illuminate\\Http\\Middleware\\HandleCors.php(49): Illuminate\\Pipeline\\Pipeline->Illuminate\\Pipeline\\{closure}(Object(Illuminate\\Http\\Request))
#37 C:\\Users\\ana.abrantes\\Desktop\\projetos\\estagiarios\\estagiarios\\vendor\\laravel\\framework\\src\\Illuminate\\Pipeline\\Pipeline.php(180): Illuminate\\Http\\Middleware\\HandleCors->handle(Object(Illuminate\\Http\\Request), Object(Closure))
#38 C:\\Users\\ana.abrantes\\Desktop\\projetos\\estagiarios\\estagiarios\\vendor\\laravel\\framework\\src\\Illuminate\\Http\\Middleware\\TrustProxies.php(39): Illuminate\\Pipeline\\Pipeline->Illuminate\\Pipeline\\{closure}(Object(Illuminate\\Http\\Request))
#39 C:\\Users\\ana.abrantes\\Desktop\\projetos\\estagiarios\\estagiarios\\vendor\\laravel\\framework\\src\\Illuminate\\Pipeline\\Pipeline.php(180): Illuminate\\Http\\Middleware\\TrustProxies->handle(Object(Illuminate\\Http\\Request), Object(Closure))
#40 C:\\Users\\ana.abrantes\\Desktop\\projetos\\estagiarios\\estagiarios\\vendor\\laravel\\framework\\src\\Illuminate\\Pipeline\\Pipeline.php(116): Illuminate\\Pipeline\\Pipeline->Illuminate\\Pipeline\\{closure}(Object(Illuminate\\Http\\Request))
#41 C:\\Users\\ana.abrantes\\Desktop\\projetos\\estagiarios\\estagiarios\\vendor\\laravel\\framework\\src\\Illuminate\\Foundation\\Http\\Kernel.php(175): Illuminate\\Pipeline\\Pipeline->then(Object(Closure))
#42 C:\\Users\\ana.abrantes\\Desktop\\projetos\\estagiarios\\estagiarios\\vendor\\laravel\\framework\\src\\Illuminate\\Foundation\\Http\\Kernel.php(144): Illuminate\\Foundation\\Http\\Kernel->sendRequestThroughRouter(Object(Illuminate\\Http\\Request))
#43 C:\\Users\\ana.abrantes\\Desktop\\projetos\\estagiarios\\estagiarios\\public\\index.php(51): Illuminate\\Foundation\\Http\\Kernel->handle(Object(Illuminate\\Http\\Request))
#44 C:\\Users\\ana.abrantes\\Desktop\\projetos\\estagiarios\\estagiarios\\vendor\\laravel\\framework\\src\\Illuminate\\Foundation\\resources\\server.php(16): require_once('C:\\\\Users\\\\ana.ab...')
#45 {main}
"} 
[2023-06-21 14:32:45] local.ERROR: Call to a member function store() on null {"exception":"[object] (Error(code: 0): Call to a member function store() on null at C:\\Users\\ana.abrantes\\Desktop\\projetos\\estagiarios\\estagiarios\\app\\Http\\Controllers\\EstagiarioController.php:65)
[stacktrace]
#0 C:\\Users\\ana.abrantes\\Desktop\\projetos\\estagiarios\\estagiarios\\vendor\\laravel\\framework\\src\\Illuminate\\Routing\\Controller.php(54): App\\Http\\Controllers\\EstagiarioController->update(Object(Illuminate\\Http\\Request), Object(App\\Models\\Estagiario))
#1 C:\\Users\\ana.abrantes\\Desktop\\projetos\\estagiarios\\estagiarios\\vendor\\laravel\\framework\\src\\Illuminate\\Routing\\ControllerDispatcher.php(43): Illuminate\\Routing\\Controller->callAction('update', Array)
#2 C:\\Users\\ana.abrantes\\Desktop\\projetos\\estagiarios\\estagiarios\\vendor\\laravel\\framework\\src\\Illuminate\\Routing\\Route.php(259): Illuminate\\Routing\\ControllerDispatcher->dispatch(Object(Illuminate\\Routing\\Route), Object(App\\Http\\Controllers\\EstagiarioController), 'update')
#3 C:\\Users\\ana.abrantes\\Desktop\\projetos\\estagiarios\\estagiarios\\vendor\\laravel\\framework\\src\\Illuminate\\Routing\\Route.php(205): Illuminate\\Routing\\Route->runController()
#4 C:\\Users\\ana.abrantes\\Desktop\\projetos\\estagiarios\\estagiarios\\vendor\\laravel\\framework\\src\\Illuminate\\Routing\\Router.php(798): Illuminate\\Routing\\Route->run()
#5 C:\\Users\\ana.abrantes\\Desktop\\projetos\\estagiarios\\estagiarios\\vendor\\laravel\\framework\\src\\Illuminate\\Pipeline\\Pipeline.php(141): Illuminate\\Routing\\Router->Illuminate\\Routing\\{closure}(Object(Illuminate\\Http\\Request))
#6 C:\\Users\\ana.abrantes\\Desktop\\projetos\\estagiarios\\estagiarios\\vendor\\laravel\\framework\\src\\Illuminate\\Routing\\Middleware\\SubstituteBindings.php(50): Illuminate\\Pipeline\\Pipeline->Illuminate\\Pipeline\\{closure}(Object(Illuminate\\Http\\Request))
#7 C:\\Users\\ana.abrantes\\Desktop\\projetos\\estagiarios\\estagiarios\\vendor\\laravel\\framework\\src\\Illuminate\\Pipeline\\Pipeline.php(180): Illuminate\\Routing\\Middleware\\SubstituteBindings->handle(Object(Illuminate\\Http\\Request), Object(Closure))
#8 C:\\Users\\ana.abrantes\\Desktop\\projetos\\estagiarios\\estagiarios\\vendor\\laravel\\framework\\src\\Illuminate\\Foundation\\Http\\Middleware\\VerifyCsrfToken.php(78): Illuminate\\Pipeline\\Pipeline->Illuminate\\Pipeline\\{closure}(Object(Illuminate\\Http\\Request))
#9 C:\\Users\\ana.abrantes\\Desktop\\projetos\\estagiarios\\estagiarios\\vendor\\laravel\\framework\\src\\Illuminate\\Pipeline\\Pipeline.php(180): Illuminate\\Foundation\\Http\\Middleware\\VerifyCsrfToken->handle(Object(Illuminate\\Http\\Request), Object(Closure))
#10 C:\\Users\\ana.abrantes\\Desktop\\projetos\\estagiarios\\estagiarios\\vendor\\laravel\\framework\\src\\Illuminate\\View\\Middleware\\ShareErrorsFromSession.php(49): Illuminate\\Pipeline\\Pipeline->Illuminate\\Pipeline\\{closure}(Object(Illuminate\\Http\\Request))
#11 C:\\Users\\ana.abrantes\\Desktop\\projetos\\estagiarios\\estagiarios\\vendor\\laravel\\framework\\src\\Illuminate\\Pipeline\\Pipeline.php(180): Illuminate\\View\\Middleware\\ShareErrorsFromSession->handle(Object(Illuminate\\Http\\Request), Object(Closure))
#12 C:\\Users\\ana.abrantes\\Desktop\\projetos\\estagiarios\\estagiarios\\vendor\\laravel\\framework\\src\\Illuminate\\Session\\Middleware\\StartSession.php(121): Illuminate\\Pipeline\\Pipeline->Illuminate\\Pipeline\\{closure}(Object(Illuminate\\Http\\Request))
#13 C:\\Users\\ana.abrantes\\Desktop\\projetos\\estagiarios\\estagiarios\\vendor\\laravel\\framework\\src\\Illuminate\\Session\\Middleware\\StartSession.php(64): Illuminate\\Session\\Middleware\\StartSession->handleStatefulRequest(Object(Illuminate\\Http\\Request), Object(Illuminate\\Session\\Store), Object(Closure))
#14 C:\\Users\\ana.abrantes\\Desktop\\projetos\\estagiarios\\estagiarios\\vendor\\laravel\\framework\\src\\Illuminate\\Pipeline\\Pipeline.php(180): Illuminate\\Session\\Middleware\\StartSession->handle(Object(Illuminate\\Http\\Request), Object(Closure))
#15 C:\\Users\\ana.abrantes\\Desktop\\projetos\\estagiarios\\estagiarios\\vendor\\laravel\\framework\\src\\Illuminate\\Cookie\\Middleware\\AddQueuedCookiesToResponse.php(37): Illuminate\\Pipeline\\Pipeline->Illuminate\\Pipeline\\{closure}(Object(Illuminate\\Http\\Request))
#16 C:\\Users\\ana.abrantes\\Desktop\\projetos\\estagiarios\\estagiarios\\vendor\\laravel\\framework\\src\\Illuminate\\Pipeline\\Pipeline.php(180): Illuminate\\Cookie\\Middleware\\AddQueuedCookiesToResponse->handle(Object(Illuminate\\Http\\Request), Object(Closure))
#17 C:\\Users\\ana.abrantes\\Desktop\\projetos\\estagiarios\\estagiarios\\vendor\\laravel\\framework\\src\\Illuminate\\Cookie\\Middleware\\EncryptCookies.php(67): Illuminate\\Pipeline\\Pipeline->Illuminate\\Pipeline\\{closure}(Object(Illuminate\\Http\\Request))
#18 C:\\Users\\ana.abrantes\\Desktop\\projetos\\estagiarios\\estagiarios\\vendor\\laravel\\framework\\src\\Illuminate\\Pipeline\\Pipeline.php(180): Illuminate\\Cookie\\Middleware\\EncryptCookies->handle(Object(Illuminate\\Http\\Request), Object(Closure))
#19 C:\\Users\\ana.abrantes\\Desktop\\projetos\\estagiarios\\estagiarios\\vendor\\laravel\\framework\\src\\Illuminate\\Pipeline\\Pipeline.php(116): Illuminate\\Pipeline\\Pipeline->Illuminate\\Pipeline\\{closure}(Object(Illuminate\\Http\\Request))
#20 C:\\Users\\ana.abrantes\\Desktop\\projetos\\estagiarios\\estagiarios\\vendor\\laravel\\framework\\src\\Illuminate\\Routing\\Router.php(797): Illuminate\\Pipeline\\Pipeline->then(Object(Closure))
#21 C:\\Users\\ana.abrantes\\Desktop\\projetos\\estagiarios\\estagiarios\\vendor\\laravel\\framework\\src\\Illuminate\\Routing\\Router.php(776): Illuminate\\Routing\\Router->runRouteWithinStack(Object(Illuminate\\Routing\\Route), Object(Illuminate\\Http\\Request))
#22 C:\\Users\\ana.abrantes\\Desktop\\projetos\\estagiarios\\estagiarios\\vendor\\laravel\\framework\\src\\Illuminate\\Routing\\Router.php(740): Illuminate\\Routing\\Router->runRoute(Object(Illuminate\\Http\\Request), Object(Illuminate\\Routing\\Route))
#23 C:\\Users\\ana.abrantes\\Desktop\\projetos\\estagiarios\\estagiarios\\vendor\\laravel\\framework\\src\\Illuminate\\Routing\\Router.php(729): Illuminate\\Routing\\Router->dispatchToRoute(Object(Illuminate\\Http\\Request))
#24 C:\\Users\\ana.abrantes\\Desktop\\projetos\\estagiarios\\estagiarios\\vendor\\laravel\\framework\\src\\Illuminate\\Foundation\\Http\\Kernel.php(200): Illuminate\\Routing\\Router->dispatch(Object(Illuminate\\Http\\Request))
#25 C:\\Users\\ana.abrantes\\Desktop\\projetos\\estagiarios\\estagiarios\\vendor\\laravel\\framework\\src\\Illuminate\\Pipeline\\Pipeline.php(141): Illuminate\\Foundation\\Http\\Kernel->Illuminate\\Foundation\\Http\\{closure}(Object(Illuminate\\Http\\Request))
#26 C:\\Users\\ana.abrantes\\Desktop\\projetos\\estagiarios\\estagiarios\\vendor\\laravel\\framework\\src\\Illuminate\\Foundation\\Http\\Middleware\\TransformsRequest.php(21): Illuminate\\Pipeline\\Pipeline->Illuminate\\Pipeline\\{closure}(Object(Illuminate\\Http\\Request))
#27 C:\\Users\\ana.abrantes\\Desktop\\projetos\\estagiarios\\estagiarios\\vendor\\laravel\\framework\\src\\Illuminate\\Foundation\\Http\\Middleware\\ConvertEmptyStringsToNull.php(31): Illuminate\\Foundation\\Http\\Middleware\\TransformsRequest->handle(Object(Illuminate\\Http\\Request), Object(Closure))
#28 C:\\Users\\ana.abrantes\\Desktop\\projetos\\estagiarios\\estagiarios\\vendor\\laravel\\framework\\src\\Illuminate\\Pipeline\\Pipeline.php(180): Illuminate\\Foundation\\Http\\Middleware\\ConvertEmptyStringsToNull->handle(Object(Illuminate\\Http\\Request), Object(Closure))
#29 C:\\Users\\ana.abrantes\\Desktop\\projetos\\estagiarios\\estagiarios\\vendor\\laravel\\framework\\src\\Illuminate\\Foundation\\Http\\Middleware\\TransformsRequest.php(21): Illuminate\\Pipeline\\Pipeline->Illuminate\\Pipeline\\{closure}(Object(Illuminate\\Http\\Request))
#30 C:\\Users\\ana.abrantes\\Desktop\\projetos\\estagiarios\\estagiarios\\vendor\\laravel\\framework\\src\\Illuminate\\Foundation\\Http\\Middleware\\TrimStrings.php(40): Illuminate\\Foundation\\Http\\Middleware\\TransformsRequest->handle(Object(Illuminate\\Http\\Request), Object(Closure))
#31 C:\\Users\\ana.abrantes\\Desktop\\projetos\\estagiarios\\estagiarios\\vendor\\laravel\\framework\\src\\Illuminate\\Pipeline\\Pipeline.php(180): Illuminate\\Foundation\\Http\\Middleware\\TrimStrings->handle(Object(Illuminate\\Http\\Request), Object(Closure))
#32 C:\\Users\\ana.abrantes\\Desktop\\projetos\\estagiarios\\estagiarios\\vendor\\laravel\\framework\\src\\Illuminate\\Foundation\\Http\\Middleware\\ValidatePostSize.php(27): Illuminate\\Pipeline\\Pipeline->Illuminate\\Pipeline\\{closure}(Object(Illuminate\\Http\\Request))
#33 C:\\Users\\ana.abrantes\\Desktop\\projetos\\estagiarios\\estagiarios\\vendor\\laravel\\framework\\src\\Illuminate\\Pipeline\\Pipeline.php(180): Illuminate\\Foundation\\Http\\Middleware\\ValidatePostSize->handle(Object(Illuminate\\Http\\Request), Object(Closure))
#34 C:\\Users\\ana.abrantes\\Desktop\\projetos\\estagiarios\\estagiarios\\vendor\\laravel\\framework\\src\\Illuminate\\Foundation\\Http\\Middleware\\PreventRequestsDuringMaintenance.php(86): Illuminate\\Pipeline\\Pipeline->Illuminate\\Pipeline\\{closure}(Object(Illuminate\\Http\\Request))
#35 C:\\Users\\ana.abrantes\\Desktop\\projetos\\estagiarios\\estagiarios\\vendor\\laravel\\framework\\src\\Illuminate\\Pipeline\\Pipeline.php(180): Illuminate\\Foundation\\Http\\Middleware\\PreventRequestsDuringMaintenance->handle(Object(Illuminate\\Http\\Request), Object(Closure))
#36 C:\\Users\\ana.abrantes\\Desktop\\projetos\\estagiarios\\estagiarios\\vendor\\laravel\\framework\\src\\Illuminate\\Http\\Middleware\\HandleCors.php(49): Illuminate\\Pipeline\\Pipeline->Illuminate\\Pipeline\\{closure}(Object(Illuminate\\Http\\Request))
#37 C:\\Users\\ana.abrantes\\Desktop\\projetos\\estagiarios\\estagiarios\\vendor\\laravel\\framework\\src\\Illuminate\\Pipeline\\Pipeline.php(180): Illuminate\\Http\\Middleware\\HandleCors->handle(Object(Illuminate\\Http\\Request), Object(Closure))
#38 C:\\Users\\ana.abrantes\\Desktop\\projetos\\estagiarios\\estagiarios\\vendor\\laravel\\framework\\src\\Illuminate\\Http\\Middleware\\TrustProxies.php(39): Illuminate\\Pipeline\\Pipeline->Illuminate\\Pipeline\\{closure}(Object(Illuminate\\Http\\Request))
#39 C:\\Users\\ana.abrantes\\Desktop\\projetos\\estagiarios\\estagiarios\\vendor\\laravel\\framework\\src\\Illuminate\\Pipeline\\Pipeline.php(180): Illuminate\\Http\\Middleware\\TrustProxies->handle(Object(Illuminate\\Http\\Request), Object(Closure))
#40 C:\\Users\\ana.abrantes\\Desktop\\projetos\\estagiarios\\estagiarios\\vendor\\laravel\\framework\\src\\Illuminate\\Pipeline\\Pipeline.php(116): Illuminate\\Pipeline\\Pipeline->Illuminate\\Pipeline\\{closure}(Object(Illuminate\\Http\\Request))
#41 C:\\Users\\ana.abrantes\\Desktop\\projetos\\estagiarios\\estagiarios\\vendor\\laravel\\framework\\src\\Illuminate\\Foundation\\Http\\Kernel.php(175): Illuminate\\Pipeline\\Pipeline->then(Object(Closure))
#42 C:\\Users\\ana.abrantes\\Desktop\\projetos\\estagiarios\\estagiarios\\vendor\\laravel\\framework\\src\\Illuminate\\Foundation\\Http\\Kernel.php(144): Illuminate\\Foundation\\Http\\Kernel->sendRequestThroughRouter(Object(Illuminate\\Http\\Request))
#43 C:\\Users\\ana.abrantes\\Desktop\\projetos\\estagiarios\\estagiarios\\public\\index.php(51): Illuminate\\Foundation\\Http\\Kernel->handle(Object(Illuminate\\Http\\Request))
#44 C:\\Users\\ana.abrantes\\Desktop\\projetos\\estagiarios\\estagiarios\\vendor\\laravel\\framework\\src\\Illuminate\\Foundation\\resources\\server.php(16): require_once('C:\\\\Users\\\\ana.ab...')
#45 {main}
"} 
[2023-06-21 14:39:33] local.ERROR: Call to a member function store() on null {"exception":"[object] (Error(code: 0): Call to a member function store() on null at C:\\Users\\ana.abrantes\\Desktop\\projetos\\estagiarios\\estagiarios\\app\\Http\\Controllers\\EstagiarioController.php:112)
[stacktrace]
#0 C:\\Users\\ana.abrantes\\Desktop\\projetos\\estagiarios\\estagiarios\\vendor\\laravel\\framework\\src\\Illuminate\\Routing\\Controller.php(54): App\\Http\\Controllers\\EstagiarioController->store(Object(Illuminate\\Http\\Request))
#1 C:\\Users\\ana.abrantes\\Desktop\\projetos\\estagiarios\\estagiarios\\vendor\\laravel\\framework\\src\\Illuminate\\Routing\\ControllerDispatcher.php(43): Illuminate\\Routing\\Controller->callAction('store', Array)
#2 C:\\Users\\ana.abrantes\\Desktop\\projetos\\estagiarios\\estagiarios\\vendor\\laravel\\framework\\src\\Illuminate\\Routing\\Route.php(259): Illuminate\\Routing\\ControllerDispatcher->dispatch(Object(Illuminate\\Routing\\Route), Object(App\\Http\\Controllers\\EstagiarioController), 'store')
#3 C:\\Users\\ana.abrantes\\Desktop\\projetos\\estagiarios\\estagiarios\\vendor\\laravel\\framework\\src\\Illuminate\\Routing\\Route.php(205): Illuminate\\Routing\\Route->runController()
#4 C:\\Users\\ana.abrantes\\Desktop\\projetos\\estagiarios\\estagiarios\\vendor\\laravel\\framework\\src\\Illuminate\\Routing\\Router.php(798): Illuminate\\Routing\\Route->run()
#5 C:\\Users\\ana.abrantes\\Desktop\\projetos\\estagiarios\\estagiarios\\vendor\\laravel\\framework\\src\\Illuminate\\Pipeline\\Pipeline.php(141): Illuminate\\Routing\\Router->Illuminate\\Routing\\{closure}(Object(Illuminate\\Http\\Request))
#6 C:\\Users\\ana.abrantes\\Desktop\\projetos\\estagiarios\\estagiarios\\vendor\\laravel\\framework\\src\\Illuminate\\Routing\\Middleware\\SubstituteBindings.php(50): Illuminate\\Pipeline\\Pipeline->Illuminate\\Pipeline\\{closure}(Object(Illuminate\\Http\\Request))
#7 C:\\Users\\ana.abrantes\\Desktop\\projetos\\estagiarios\\estagiarios\\vendor\\laravel\\framework\\src\\Illuminate\\Pipeline\\Pipeline.php(180): Illuminate\\Routing\\Middleware\\SubstituteBindings->handle(Object(Illuminate\\Http\\Request), Object(Closure))
#8 C:\\Users\\ana.abrantes\\Desktop\\projetos\\estagiarios\\estagiarios\\vendor\\laravel\\framework\\src\\Illuminate\\Foundation\\Http\\Middleware\\VerifyCsrfToken.php(78): Illuminate\\Pipeline\\Pipeline->Illuminate\\Pipeline\\{closure}(Object(Illuminate\\Http\\Request))
#9 C:\\Users\\ana.abrantes\\Desktop\\projetos\\estagiarios\\estagiarios\\vendor\\laravel\\framework\\src\\Illuminate\\Pipeline\\Pipeline.php(180): Illuminate\\Foundation\\Http\\Middleware\\VerifyCsrfToken->handle(Object(Illuminate\\Http\\Request), Object(Closure))
#10 C:\\Users\\ana.abrantes\\Desktop\\projetos\\estagiarios\\estagiarios\\vendor\\laravel\\framework\\src\\Illuminate\\View\\Middleware\\ShareErrorsFromSession.php(49): Illuminate\\Pipeline\\Pipeline->Illuminate\\Pipeline\\{closure}(Object(Illuminate\\Http\\Request))
#11 C:\\Users\\ana.abrantes\\Desktop\\projetos\\estagiarios\\estagiarios\\vendor\\laravel\\framework\\src\\Illuminate\\Pipeline\\Pipeline.php(180): Illuminate\\View\\Middleware\\ShareErrorsFromSession->handle(Object(Illuminate\\Http\\Request), Object(Closure))
#12 C:\\Users\\ana.abrantes\\Desktop\\projetos\\estagiarios\\estagiarios\\vendor\\laravel\\framework\\src\\Illuminate\\Session\\Middleware\\StartSession.php(121): Illuminate\\Pipeline\\Pipeline->Illuminate\\Pipeline\\{closure}(Object(Illuminate\\Http\\Request))
#13 C:\\Users\\ana.abrantes\\Desktop\\projetos\\estagiarios\\estagiarios\\vendor\\laravel\\framework\\src\\Illuminate\\Session\\Middleware\\StartSession.php(64): Illuminate\\Session\\Middleware\\StartSession->handleStatefulRequest(Object(Illuminate\\Http\\Request), Object(Illuminate\\Session\\Store), Object(Closure))
#14 C:\\Users\\ana.abrantes\\Desktop\\projetos\\estagiarios\\estagiarios\\vendor\\laravel\\framework\\src\\Illuminate\\Pipeline\\Pipeline.php(180): Illuminate\\Session\\Middleware\\StartSession->handle(Object(Illuminate\\Http\\Request), Object(Closure))
#15 C:\\Users\\ana.abrantes\\Desktop\\projetos\\estagiarios\\estagiarios\\vendor\\laravel\\framework\\src\\Illuminate\\Cookie\\Middleware\\AddQueuedCookiesToResponse.php(37): Illuminate\\Pipeline\\Pipeline->Illuminate\\Pipeline\\{closure}(Object(Illuminate\\Http\\Request))
#16 C:\\Users\\ana.abrantes\\Desktop\\projetos\\estagiarios\\estagiarios\\vendor\\laravel\\framework\\src\\Illuminate\\Pipeline\\Pipeline.php(180): Illuminate\\Cookie\\Middleware\\AddQueuedCookiesToResponse->handle(Object(Illuminate\\Http\\Request), Object(Closure))
#17 C:\\Users\\ana.abrantes\\Desktop\\projetos\\estagiarios\\estagiarios\\vendor\\laravel\\framework\\src\\Illuminate\\Cookie\\Middleware\\EncryptCookies.php(67): Illuminate\\Pipeline\\Pipeline->Illuminate\\Pipeline\\{closure}(Object(Illuminate\\Http\\Request))
#18 C:\\Users\\ana.abrantes\\Desktop\\projetos\\estagiarios\\estagiarios\\vendor\\laravel\\framework\\src\\Illuminate\\Pipeline\\Pipeline.php(180): Illuminate\\Cookie\\Middleware\\EncryptCookies->handle(Object(Illuminate\\Http\\Request), Object(Closure))
#19 C:\\Users\\ana.abrantes\\Desktop\\projetos\\estagiarios\\estagiarios\\vendor\\laravel\\framework\\src\\Illuminate\\Pipeline\\Pipeline.php(116): Illuminate\\Pipeline\\Pipeline->Illuminate\\Pipeline\\{closure}(Object(Illuminate\\Http\\Request))
#20 C:\\Users\\ana.abrantes\\Desktop\\projetos\\estagiarios\\estagiarios\\vendor\\laravel\\framework\\src\\Illuminate\\Routing\\Router.php(797): Illuminate\\Pipeline\\Pipeline->then(Object(Closure))
#21 C:\\Users\\ana.abrantes\\Desktop\\projetos\\estagiarios\\estagiarios\\vendor\\laravel\\framework\\src\\Illuminate\\Routing\\Router.php(776): Illuminate\\Routing\\Router->runRouteWithinStack(Object(Illuminate\\Routing\\Route), Object(Illuminate\\Http\\Request))
#22 C:\\Users\\ana.abrantes\\Desktop\\projetos\\estagiarios\\estagiarios\\vendor\\laravel\\framework\\src\\Illuminate\\Routing\\Router.php(740): Illuminate\\Routing\\Router->runRoute(Object(Illuminate\\Http\\Request), Object(Illuminate\\Routing\\Route))
#23 C:\\Users\\ana.abrantes\\Desktop\\projetos\\estagiarios\\estagiarios\\vendor\\laravel\\framework\\src\\Illuminate\\Routing\\Router.php(729): Illuminate\\Routing\\Router->dispatchToRoute(Object(Illuminate\\Http\\Request))
#24 C:\\Users\\ana.abrantes\\Desktop\\projetos\\estagiarios\\estagiarios\\vendor\\laravel\\framework\\src\\Illuminate\\Foundation\\Http\\Kernel.php(200): Illuminate\\Routing\\Router->dispatch(Object(Illuminate\\Http\\Request))
#25 C:\\Users\\ana.abrantes\\Desktop\\projetos\\estagiarios\\estagiarios\\vendor\\laravel\\framework\\src\\Illuminate\\Pipeline\\Pipeline.php(141): Illuminate\\Foundation\\Http\\Kernel->Illuminate\\Foundation\\Http\\{closure}(Object(Illuminate\\Http\\Request))
#26 C:\\Users\\ana.abrantes\\Desktop\\projetos\\estagiarios\\estagiarios\\vendor\\laravel\\framework\\src\\Illuminate\\Foundation\\Http\\Middleware\\TransformsRequest.php(21): Illuminate\\Pipeline\\Pipeline->Illuminate\\Pipeline\\{closure}(Object(Illuminate\\Http\\Request))
#27 C:\\Users\\ana.abrantes\\Desktop\\projetos\\estagiarios\\estagiarios\\vendor\\laravel\\framework\\src\\Illuminate\\Foundation\\Http\\Middleware\\ConvertEmptyStringsToNull.php(31): Illuminate\\Foundation\\Http\\Middleware\\TransformsRequest->handle(Object(Illuminate\\Http\\Request), Object(Closure))
#28 C:\\Users\\ana.abrantes\\Desktop\\projetos\\estagiarios\\estagiarios\\vendor\\laravel\\framework\\src\\Illuminate\\Pipeline\\Pipeline.php(180): Illuminate\\Foundation\\Http\\Middleware\\ConvertEmptyStringsToNull->handle(Object(Illuminate\\Http\\Request), Object(Closure))
#29 C:\\Users\\ana.abrantes\\Desktop\\projetos\\estagiarios\\estagiarios\\vendor\\laravel\\framework\\src\\Illuminate\\Foundation\\Http\\Middleware\\TransformsRequest.php(21): Illuminate\\Pipeline\\Pipeline->Illuminate\\Pipeline\\{closure}(Object(Illuminate\\Http\\Request))
#30 C:\\Users\\ana.abrantes\\Desktop\\projetos\\estagiarios\\estagiarios\\vendor\\laravel\\framework\\src\\Illuminate\\Foundation\\Http\\Middleware\\TrimStrings.php(40): Illuminate\\Foundation\\Http\\Middleware\\TransformsRequest->handle(Object(Illuminate\\Http\\Request), Object(Closure))
#31 C:\\Users\\ana.abrantes\\Desktop\\projetos\\estagiarios\\estagiarios\\vendor\\laravel\\framework\\src\\Illuminate\\Pipeline\\Pipeline.php(180): Illuminate\\Foundation\\Http\\Middleware\\TrimStrings->handle(Object(Illuminate\\Http\\Request), Object(Closure))
#32 C:\\Users\\ana.abrantes\\Desktop\\projetos\\estagiarios\\estagiarios\\vendor\\laravel\\framework\\src\\Illuminate\\Foundation\\Http\\Middleware\\ValidatePostSize.php(27): Illuminate\\Pipeline\\Pipeline->Illuminate\\Pipeline\\{closure}(Object(Illuminate\\Http\\Request))
#33 C:\\Users\\ana.abrantes\\Desktop\\projetos\\estagiarios\\estagiarios\\vendor\\laravel\\framework\\src\\Illuminate\\Pipeline\\Pipeline.php(180): Illuminate\\Foundation\\Http\\Middleware\\ValidatePostSize->handle(Object(Illuminate\\Http\\Request), Object(Closure))
#34 C:\\Users\\ana.abrantes\\Desktop\\projetos\\estagiarios\\estagiarios\\vendor\\laravel\\framework\\src\\Illuminate\\Foundation\\Http\\Middleware\\PreventRequestsDuringMaintenance.php(86): Illuminate\\Pipeline\\Pipeline->Illuminate\\Pipeline\\{closure}(Object(Illuminate\\Http\\Request))
#35 C:\\Users\\ana.abrantes\\Desktop\\projetos\\estagiarios\\estagiarios\\vendor\\laravel\\framework\\src\\Illuminate\\Pipeline\\Pipeline.php(180): Illuminate\\Foundation\\Http\\Middleware\\PreventRequestsDuringMaintenance->handle(Object(Illuminate\\Http\\Request), Object(Closure))
#36 C:\\Users\\ana.abrantes\\Desktop\\projetos\\estagiarios\\estagiarios\\vendor\\laravel\\framework\\src\\Illuminate\\Http\\Middleware\\HandleCors.php(49): Illuminate\\Pipeline\\Pipeline->Illuminate\\Pipeline\\{closure}(Object(Illuminate\\Http\\Request))
#37 C:\\Users\\ana.abrantes\\Desktop\\projetos\\estagiarios\\estagiarios\\vendor\\laravel\\framework\\src\\Illuminate\\Pipeline\\Pipeline.php(180): Illuminate\\Http\\Middleware\\HandleCors->handle(Object(Illuminate\\Http\\Request), Object(Closure))
#38 C:\\Users\\ana.abrantes\\Desktop\\projetos\\estagiarios\\estagiarios\\vendor\\laravel\\framework\\src\\Illuminate\\Http\\Middleware\\TrustProxies.php(39): Illuminate\\Pipeline\\Pipeline->Illuminate\\Pipeline\\{closure}(Object(Illuminate\\Http\\Request))
#39 C:\\Users\\ana.abrantes\\Desktop\\projetos\\estagiarios\\estagiarios\\vendor\\laravel\\framework\\src\\Illuminate\\Pipeline\\Pipeline.php(180): Illuminate\\Http\\Middleware\\TrustProxies->handle(Object(Illuminate\\Http\\Request), Object(Closure))
#40 C:\\Users\\ana.abrantes\\Desktop\\projetos\\estagiarios\\estagiarios\\vendor\\laravel\\framework\\src\\Illuminate\\Pipeline\\Pipeline.php(116): Illuminate\\Pipeline\\Pipeline->Illuminate\\Pipeline\\{closure}(Object(Illuminate\\Http\\Request))
#41 C:\\Users\\ana.abrantes\\Desktop\\projetos\\estagiarios\\estagiarios\\vendor\\laravel\\framework\\src\\Illuminate\\Foundation\\Http\\Kernel.php(175): Illuminate\\Pipeline\\Pipeline->then(Object(Closure))
#42 C:\\Users\\ana.abrantes\\Desktop\\projetos\\estagiarios\\estagiarios\\vendor\\laravel\\framework\\src\\Illuminate\\Foundation\\Http\\Kernel.php(144): Illuminate\\Foundation\\Http\\Kernel->sendRequestThroughRouter(Object(Illuminate\\Http\\Request))
#43 C:\\Users\\ana.abrantes\\Desktop\\projetos\\estagiarios\\estagiarios\\public\\index.php(51): Illuminate\\Foundation\\Http\\Kernel->handle(Object(Illuminate\\Http\\Request))
#44 C:\\Users\\ana.abrantes\\Desktop\\projetos\\estagiarios\\estagiarios\\vendor\\laravel\\framework\\src\\Illuminate\\Foundation\\resources\\server.php(16): require_once('C:\\\\Users\\\\ana.ab...')
#45 {main}
"} 
[2023-06-21 14:40:19] local.ERROR: Call to a member function store() on null {"exception":"[object] (Error(code: 0): Call to a member function store() on null at C:\\Users\\ana.abrantes\\Desktop\\projetos\\estagiarios\\estagiarios\\app\\Http\\Controllers\\EstagiarioController.php:112)
[stacktrace]
#0 C:\\Users\\ana.abrantes\\Desktop\\projetos\\estagiarios\\estagiarios\\vendor\\laravel\\framework\\src\\Illuminate\\Routing\\Controller.php(54): App\\Http\\Controllers\\EstagiarioController->store(Object(Illuminate\\Http\\Request))
#1 C:\\Users\\ana.abrantes\\Desktop\\projetos\\estagiarios\\estagiarios\\vendor\\laravel\\framework\\src\\Illuminate\\Routing\\ControllerDispatcher.php(43): Illuminate\\Routing\\Controller->callAction('store', Array)
#2 C:\\Users\\ana.abrantes\\Desktop\\projetos\\estagiarios\\estagiarios\\vendor\\laravel\\framework\\src\\Illuminate\\Routing\\Route.php(259): Illuminate\\Routing\\ControllerDispatcher->dispatch(Object(Illuminate\\Routing\\Route), Object(App\\Http\\Controllers\\EstagiarioController), 'store')
#3 C:\\Users\\ana.abrantes\\Desktop\\projetos\\estagiarios\\estagiarios\\vendor\\laravel\\framework\\src\\Illuminate\\Routing\\Route.php(205): Illuminate\\Routing\\Route->runController()
#4 C:\\Users\\ana.abrantes\\Desktop\\projetos\\estagiarios\\estagiarios\\vendor\\laravel\\framework\\src\\Illuminate\\Routing\\Router.php(798): Illuminate\\Routing\\Route->run()
#5 C:\\Users\\ana.abrantes\\Desktop\\projetos\\estagiarios\\estagiarios\\vendor\\laravel\\framework\\src\\Illuminate\\Pipeline\\Pipeline.php(141): Illuminate\\Routing\\Router->Illuminate\\Routing\\{closure}(Object(Illuminate\\Http\\Request))
#6 C:\\Users\\ana.abrantes\\Desktop\\projetos\\estagiarios\\estagiarios\\vendor\\laravel\\framework\\src\\Illuminate\\Routing\\Middleware\\SubstituteBindings.php(50): Illuminate\\Pipeline\\Pipeline->Illuminate\\Pipeline\\{closure}(Object(Illuminate\\Http\\Request))
#7 C:\\Users\\ana.abrantes\\Desktop\\projetos\\estagiarios\\estagiarios\\vendor\\laravel\\framework\\src\\Illuminate\\Pipeline\\Pipeline.php(180): Illuminate\\Routing\\Middleware\\SubstituteBindings->handle(Object(Illuminate\\Http\\Request), Object(Closure))
#8 C:\\Users\\ana.abrantes\\Desktop\\projetos\\estagiarios\\estagiarios\\vendor\\laravel\\framework\\src\\Illuminate\\Foundation\\Http\\Middleware\\VerifyCsrfToken.php(78): Illuminate\\Pipeline\\Pipeline->Illuminate\\Pipeline\\{closure}(Object(Illuminate\\Http\\Request))
#9 C:\\Users\\ana.abrantes\\Desktop\\projetos\\estagiarios\\estagiarios\\vendor\\laravel\\framework\\src\\Illuminate\\Pipeline\\Pipeline.php(180): Illuminate\\Foundation\\Http\\Middleware\\VerifyCsrfToken->handle(Object(Illuminate\\Http\\Request), Object(Closure))
#10 C:\\Users\\ana.abrantes\\Desktop\\projetos\\estagiarios\\estagiarios\\vendor\\laravel\\framework\\src\\Illuminate\\View\\Middleware\\ShareErrorsFromSession.php(49): Illuminate\\Pipeline\\Pipeline->Illuminate\\Pipeline\\{closure}(Object(Illuminate\\Http\\Request))
#11 C:\\Users\\ana.abrantes\\Desktop\\projetos\\estagiarios\\estagiarios\\vendor\\laravel\\framework\\src\\Illuminate\\Pipeline\\Pipeline.php(180): Illuminate\\View\\Middleware\\ShareErrorsFromSession->handle(Object(Illuminate\\Http\\Request), Object(Closure))
#12 C:\\Users\\ana.abrantes\\Desktop\\projetos\\estagiarios\\estagiarios\\vendor\\laravel\\framework\\src\\Illuminate\\Session\\Middleware\\StartSession.php(121): Illuminate\\Pipeline\\Pipeline->Illuminate\\Pipeline\\{closure}(Object(Illuminate\\Http\\Request))
#13 C:\\Users\\ana.abrantes\\Desktop\\projetos\\estagiarios\\estagiarios\\vendor\\laravel\\framework\\src\\Illuminate\\Session\\Middleware\\StartSession.php(64): Illuminate\\Session\\Middleware\\StartSession->handleStatefulRequest(Object(Illuminate\\Http\\Request), Object(Illuminate\\Session\\Store), Object(Closure))
#14 C:\\Users\\ana.abrantes\\Desktop\\projetos\\estagiarios\\estagiarios\\vendor\\laravel\\framework\\src\\Illuminate\\Pipeline\\Pipeline.php(180): Illuminate\\Session\\Middleware\\StartSession->handle(Object(Illuminate\\Http\\Request), Object(Closure))
#15 C:\\Users\\ana.abrantes\\Desktop\\projetos\\estagiarios\\estagiarios\\vendor\\laravel\\framework\\src\\Illuminate\\Cookie\\Middleware\\AddQueuedCookiesToResponse.php(37): Illuminate\\Pipeline\\Pipeline->Illuminate\\Pipeline\\{closure}(Object(Illuminate\\Http\\Request))
#16 C:\\Users\\ana.abrantes\\Desktop\\projetos\\estagiarios\\estagiarios\\vendor\\laravel\\framework\\src\\Illuminate\\Pipeline\\Pipeline.php(180): Illuminate\\Cookie\\Middleware\\AddQueuedCookiesToResponse->handle(Object(Illuminate\\Http\\Request), Object(Closure))
#17 C:\\Users\\ana.abrantes\\Desktop\\projetos\\estagiarios\\estagiarios\\vendor\\laravel\\framework\\src\\Illuminate\\Cookie\\Middleware\\EncryptCookies.php(67): Illuminate\\Pipeline\\Pipeline->Illuminate\\Pipeline\\{closure}(Object(Illuminate\\Http\\Request))
#18 C:\\Users\\ana.abrantes\\Desktop\\projetos\\estagiarios\\estagiarios\\vendor\\laravel\\framework\\src\\Illuminate\\Pipeline\\Pipeline.php(180): Illuminate\\Cookie\\Middleware\\EncryptCookies->handle(Object(Illuminate\\Http\\Request), Object(Closure))
#19 C:\\Users\\ana.abrantes\\Desktop\\projetos\\estagiarios\\estagiarios\\vendor\\laravel\\framework\\src\\Illuminate\\Pipeline\\Pipeline.php(116): Illuminate\\Pipeline\\Pipeline->Illuminate\\Pipeline\\{closure}(Object(Illuminate\\Http\\Request))
#20 C:\\Users\\ana.abrantes\\Desktop\\projetos\\estagiarios\\estagiarios\\vendor\\laravel\\framework\\src\\Illuminate\\Routing\\Router.php(797): Illuminate\\Pipeline\\Pipeline->then(Object(Closure))
#21 C:\\Users\\ana.abrantes\\Desktop\\projetos\\estagiarios\\estagiarios\\vendor\\laravel\\framework\\src\\Illuminate\\Routing\\Router.php(776): Illuminate\\Routing\\Router->runRouteWithinStack(Object(Illuminate\\Routing\\Route), Object(Illuminate\\Http\\Request))
#22 C:\\Users\\ana.abrantes\\Desktop\\projetos\\estagiarios\\estagiarios\\vendor\\laravel\\framework\\src\\Illuminate\\Routing\\Router.php(740): Illuminate\\Routing\\Router->runRoute(Object(Illuminate\\Http\\Request), Object(Illuminate\\Routing\\Route))
#23 C:\\Users\\ana.abrantes\\Desktop\\projetos\\estagiarios\\estagiarios\\vendor\\laravel\\framework\\src\\Illuminate\\Routing\\Router.php(729): Illuminate\\Routing\\Router->dispatchToRoute(Object(Illuminate\\Http\\Request))
#24 C:\\Users\\ana.abrantes\\Desktop\\projetos\\estagiarios\\estagiarios\\vendor\\laravel\\framework\\src\\Illuminate\\Foundation\\Http\\Kernel.php(200): Illuminate\\Routing\\Router->dispatch(Object(Illuminate\\Http\\Request))
#25 C:\\Users\\ana.abrantes\\Desktop\\projetos\\estagiarios\\estagiarios\\vendor\\laravel\\framework\\src\\Illuminate\\Pipeline\\Pipeline.php(141): Illuminate\\Foundation\\Http\\Kernel->Illuminate\\Foundation\\Http\\{closure}(Object(Illuminate\\Http\\Request))
#26 C:\\Users\\ana.abrantes\\Desktop\\projetos\\estagiarios\\estagiarios\\vendor\\laravel\\framework\\src\\Illuminate\\Foundation\\Http\\Middleware\\TransformsRequest.php(21): Illuminate\\Pipeline\\Pipeline->Illuminate\\Pipeline\\{closure}(Object(Illuminate\\Http\\Request))
#27 C:\\Users\\ana.abrantes\\Desktop\\projetos\\estagiarios\\estagiarios\\vendor\\laravel\\framework\\src\\Illuminate\\Foundation\\Http\\Middleware\\ConvertEmptyStringsToNull.php(31): Illuminate\\Foundation\\Http\\Middleware\\TransformsRequest->handle(Object(Illuminate\\Http\\Request), Object(Closure))
#28 C:\\Users\\ana.abrantes\\Desktop\\projetos\\estagiarios\\estagiarios\\vendor\\laravel\\framework\\src\\Illuminate\\Pipeline\\Pipeline.php(180): Illuminate\\Foundation\\Http\\Middleware\\ConvertEmptyStringsToNull->handle(Object(Illuminate\\Http\\Request), Object(Closure))
#29 C:\\Users\\ana.abrantes\\Desktop\\projetos\\estagiarios\\estagiarios\\vendor\\laravel\\framework\\src\\Illuminate\\Foundation\\Http\\Middleware\\TransformsRequest.php(21): Illuminate\\Pipeline\\Pipeline->Illuminate\\Pipeline\\{closure}(Object(Illuminate\\Http\\Request))
#30 C:\\Users\\ana.abrantes\\Desktop\\projetos\\estagiarios\\estagiarios\\vendor\\laravel\\framework\\src\\Illuminate\\Foundation\\Http\\Middleware\\TrimStrings.php(40): Illuminate\\Foundation\\Http\\Middleware\\TransformsRequest->handle(Object(Illuminate\\Http\\Request), Object(Closure))
#31 C:\\Users\\ana.abrantes\\Desktop\\projetos\\estagiarios\\estagiarios\\vendor\\laravel\\framework\\src\\Illuminate\\Pipeline\\Pipeline.php(180): Illuminate\\Foundation\\Http\\Middleware\\TrimStrings->handle(Object(Illuminate\\Http\\Request), Object(Closure))
#32 C:\\Users\\ana.abrantes\\Desktop\\projetos\\estagiarios\\estagiarios\\vendor\\laravel\\framework\\src\\Illuminate\\Foundation\\Http\\Middleware\\ValidatePostSize.php(27): Illuminate\\Pipeline\\Pipeline->Illuminate\\Pipeline\\{closure}(Object(Illuminate\\Http\\Request))
#33 C:\\Users\\ana.abrantes\\Desktop\\projetos\\estagiarios\\estagiarios\\vendor\\laravel\\framework\\src\\Illuminate\\Pipeline\\Pipeline.php(180): Illuminate\\Foundation\\Http\\Middleware\\ValidatePostSize->handle(Object(Illuminate\\Http\\Request), Object(Closure))
#34 C:\\Users\\ana.abrantes\\Desktop\\projetos\\estagiarios\\estagiarios\\vendor\\laravel\\framework\\src\\Illuminate\\Foundation\\Http\\Middleware\\PreventRequestsDuringMaintenance.php(86): Illuminate\\Pipeline\\Pipeline->Illuminate\\Pipeline\\{closure}(Object(Illuminate\\Http\\Request))
#35 C:\\Users\\ana.abrantes\\Desktop\\projetos\\estagiarios\\estagiarios\\vendor\\laravel\\framework\\src\\Illuminate\\Pipeline\\Pipeline.php(180): Illuminate\\Foundation\\Http\\Middleware\\PreventRequestsDuringMaintenance->handle(Object(Illuminate\\Http\\Request), Object(Closure))
#36 C:\\Users\\ana.abrantes\\Desktop\\projetos\\estagiarios\\estagiarios\\vendor\\laravel\\framework\\src\\Illuminate\\Http\\Middleware\\HandleCors.php(49): Illuminate\\Pipeline\\Pipeline->Illuminate\\Pipeline\\{closure}(Object(Illuminate\\Http\\Request))
#37 C:\\Users\\ana.abrantes\\Desktop\\projetos\\estagiarios\\estagiarios\\vendor\\laravel\\framework\\src\\Illuminate\\Pipeline\\Pipeline.php(180): Illuminate\\Http\\Middleware\\HandleCors->handle(Object(Illuminate\\Http\\Request), Object(Closure))
#38 C:\\Users\\ana.abrantes\\Desktop\\projetos\\estagiarios\\estagiarios\\vendor\\laravel\\framework\\src\\Illuminate\\Http\\Middleware\\TrustProxies.php(39): Illuminate\\Pipeline\\Pipeline->Illuminate\\Pipeline\\{closure}(Object(Illuminate\\Http\\Request))
#39 C:\\Users\\ana.abrantes\\Desktop\\projetos\\estagiarios\\estagiarios\\vendor\\laravel\\framework\\src\\Illuminate\\Pipeline\\Pipeline.php(180): Illuminate\\Http\\Middleware\\TrustProxies->handle(Object(Illuminate\\Http\\Request), Object(Closure))
#40 C:\\Users\\ana.abrantes\\Desktop\\projetos\\estagiarios\\estagiarios\\vendor\\laravel\\framework\\src\\Illuminate\\Pipeline\\Pipeline.php(116): Illuminate\\Pipeline\\Pipeline->Illuminate\\Pipeline\\{closure}(Object(Illuminate\\Http\\Request))
#41 C:\\Users\\ana.abrantes\\Desktop\\projetos\\estagiarios\\estagiarios\\vendor\\laravel\\framework\\src\\Illuminate\\Foundation\\Http\\Kernel.php(175): Illuminate\\Pipeline\\Pipeline->then(Object(Closure))
#42 C:\\Users\\ana.abrantes\\Desktop\\projetos\\estagiarios\\estagiarios\\vendor\\laravel\\framework\\src\\Illuminate\\Foundation\\Http\\Kernel.php(144): Illuminate\\Foundation\\Http\\Kernel->sendRequestThroughRouter(Object(Illuminate\\Http\\Request))
#43 C:\\Users\\ana.abrantes\\Desktop\\projetos\\estagiarios\\estagiarios\\public\\index.php(51): Illuminate\\Foundation\\Http\\Kernel->handle(Object(Illuminate\\Http\\Request))
#44 C:\\Users\\ana.abrantes\\Desktop\\projetos\\estagiarios\\estagiarios\\vendor\\laravel\\framework\\src\\Illuminate\\Foundation\\resources\\server.php(16): require_once('C:\\\\Users\\\\ana.ab...')
#45 {main}
"} 
